titulo,descricao,lance_atual,lote,leiloeiro,evento,data,data_original,hora,uf,local,link_evento,link_lote,foto_lote,link_edital,resumo_edital,fonte,capturado_em,status_captura,fonte_descoberta,dominio_origem,url_descoberta,descoberto_em,confianca_dados,status_evento,id_origem
Ver Detalhes,,,,wrleiloes.com.br,"[ÓRGÃO PÚBLICO] - DETRAN - Sucatas, Equipamentos, Motos - Boa Vista / RR",2026-08-27,27/08/2026,09:00,RR,"Rua Três Marias, 139 - Bela Vista - 69316-158 - Boa Vista - RR - Brasil",https://www.wrleiloes.com.br/leilao/760/leilao-departamento-estadual-de-transito-de-roraima-detran-rr?page=1,https://www.wrleiloes.com.br/lote/53300/lancha-motorizada-voo-da-aguia-,https://www.wrleiloes.com.br/imgTmp/169459046c6c1238150c0a3c187e1b27.jpeg,,"UPERAVEL Lance atual: R$ 182.950,00 (Incremento: + R$ 300,00) Ver Detalhes Lote nº: 19 | Aeronave/ , , Lance atual: R$ 197.999,00 (Incremento: + R$ 1.000,00) Ver Detalhes Confira os próximos Leilões Cadastrados JUDICIAL 27/08/2026 às 09:00 Leilão Tribunal de Justiça de Roraima - Judicial/Alienação Antecipada/Vara de Entorpecente Online 1ª Praça » 10/02/2019 2ª Praça » 15/03/2019 --> Aberto para lances (ver lotes) Aberto para lances EXTRAJUDICIAL 28/08/2026 às 10:00 Leilão Departame",https://www.wrleiloes.com.br/,2026-08-25T04:08:49-03:00,http_200,,,,,,,
Ver Detalhes,,,,wrleiloes.com.br,"[ÓRGÃO PÚBLICO] - DETRAN - Sucatas, Equipamentos, Motos - Boa Vista / RR",2026-08-27,27/08/2026,09:00,RR,"Rua Três Marias, 139 - Bela Vista - 69316-158 - Boa Vista - RR - Brasil",https://www.wrleiloes.com.br/leilao/760/leilao-departamento-estadual-de-transito-de-roraima-detran-rr?page=1,https://www.wrleiloes.com.br/lote/53283/toyota-hilux-sw4-sr-2-7-16v-vvt-i,https://www.wrleiloes.com.br/imgTmp/1787164974580.jpg,,"UPERAVEL Lance atual: R$ 182.950,00 (Incremento: + R$ 300,00) Ver Detalhes Lote nº: 19 | Aeronave/ , , Lance atual: R$ 197.999,00 (Incremento: + R$ 1.000,00) Ver Detalhes Confira os próximos Leilões Cadastrados JUDICIAL 27/08/2026 às 09:00 Leilão Tribunal de Justiça de Roraima - Judicial/Alienação Antecipada/Vara de Entorpecente Online 1ª Praça » 10/02/2019 2ª Praça » 15/03/2019 --> Aberto para lances (ver lotes) Aberto para lances EXTRAJUDICIAL 28/08/2026 às 10:00 Leilão Departame",https://www.wrleiloes.com.br/,2026-08-25T04:08:49-03:00,http_200,,,,,,,
Ver Detalhes,,,,wrleiloes.com.br,"[ÓRGÃO PÚBLICO] - DETRAN - Sucatas, Equipamentos, Motos - Boa Vista / RR",2026-08-27,27/08/2026,09:00,RR,"Rua Três Marias, 139 - Bela Vista - 69316-158 - Boa Vista - RR - Brasil",https://www.wrleiloes.com.br/leilao/760/leilao-departamento-estadual-de-transito-de-roraima-detran-rr?page=1,https://www.wrleiloes.com.br/lote/53285/honda-xre-sahara-300-rally,https://www.wrleiloes.com.br/imgTmp/7b5bbe54ab508822bfaa80218f3bc727.jpeg,,"UPERAVEL Lance atual: R$ 182.950,00 (Incremento: + R$ 300,00) Ver Detalhes Lote nº: 19 | Aeronave/ , , Lance atual: R$ 197.999,00 (Incremento: + R$ 1.000,00) Ver Detalhes Confira os próximos Leilões Cadastrados JUDICIAL 27/08/2026 às 09:00 Leilão Tribunal de Justiça de Roraima - Judicial/Alienação Antecipada/Vara de Entorpecente Online 1ª Praça » 10/02/2019 2ª Praça » 15/03/2019 --> Aberto para lances (ver lotes) Aberto para lances EXTRAJUDICIAL 28/08/2026 às 10:00 Leilão Departame",https://www.wrleiloes.com.br/,2026-08-25T04:08:49-03:00,http_200,,,,,,,
Ver Detalhes,,,,wrleiloes.com.br,"[ÓRGÃO PÚBLICO] - DETRAN - Sucatas, Equipamentos, Motos - Boa Vista / RR",2026-08-27,27/08/2026,09:00,RR,"Rua Três Marias, 139 - Bela Vista - 69316-158 - Boa Vista - RR - Brasil",https://www.wrleiloes.com.br/leilao/760/leilao-departamento-estadual-de-transito-de-roraima-detran-rr?page=1,https://www.wrleiloes.com.br/lote/53298/ram-3500-laramie-6-7-i6-turbo,https://www.wrleiloes.com.br/imgTmp/1787150782031.jpg,,"UPERAVEL Lance atual: R$ 182.950,00 (Incremento: + R$ 300,00) Ver Detalhes Lote nº: 19 | Aeronave/ , , Lance atual: R$ 197.999,00 (Incremento: + R$ 1.000,00) Ver Detalhes Confira os próximos Leilões Cadastrados JUDICIAL 27/08/2026 às 09:00 Leilão Tribunal de Justiça de Roraima - Judicial/Alienação Antecipada/Vara de Entorpecente Online 1ª Praça » 10/02/2019 2ª Praça » 15/03/2019 --> Aberto para lances (ver lotes) Aberto para lances EXTRAJUDICIAL 28/08/2026 às 10:00 Leilão Departame",https://www.wrleiloes.com.br/,2026-08-25T04:08:49-03:00,http_200,,,,,,,
Ver Detalhes,,,,wrleiloes.com.br,"[ÓRGÃO PÚBLICO] - DETRAN - Sucatas, Equipamentos, Motos - Boa Vista / RR",2026-08-27,27/08/2026,09:00,RR,"Rua Três Marias, 139 - Bela Vista - 69316-158 - Boa Vista - RR - Brasil",https://www.wrleiloes.com.br/leilao/760/leilao-departamento-estadual-de-transito-de-roraima-detran-rr?page=1,https://www.wrleiloes.com.br/lote/53296/toyota-hilux-cd-srx-srx-plus-2-8-d-4d-turbo,https://www.wrleiloes.com.br/imgTmp/1787059465952.jpg,,"UPERAVEL Lance atual: R$ 182.950,00 (Incremento: + R$ 300,00) Ver Detalhes Lote nº: 19 | Aeronave/ , , Lance atual: R$ 197.999,00 (Incremento: + R$ 1.000,00) Ver Detalhes Confira os próximos Leilões Cadastrados JUDICIAL 27/08/2026 às 09:00 Leilão Tribunal de Justiça de Roraima - Judicial/Alienação Antecipada/Vara de Entorpecente Online 1ª Praça » 10/02/2019 2ª Praça » 15/03/2019 --> Aberto para lances (ver lotes) Aberto para lances EXTRAJUDICIAL 28/08/2026 às 10:00 Leilão Departame",https://www.wrleiloes.com.br/,2026-08-25T04:08:49-03:00,http_200,,,,,,,
Ver Detalhes,,,,wrleiloes.com.br,"[ÓRGÃO PÚBLICO] - DETRAN - Sucatas, Equipamentos, Motos - Boa Vista / RR",2026-08-27,27/08/2026,09:00,RR,"Rua Três Marias, 139 - Bela Vista - 69316-158 - Boa Vista - RR - Brasil",https://www.wrleiloes.com.br/leilao/760/leilao-departamento-estadual-de-transito-de-roraima-detran-rr?page=1,https://www.wrleiloes.com.br/lote/53297/aeronave-,https://www.wrleiloes.com.br/imgTmp/66180c635a50e3ecfc73904df8dece4b.jpeg,,"UPERAVEL Lance atual: R$ 182.950,00 (Incremento: + R$ 300,00) Ver Detalhes Lote nº: 19 | Aeronave/ , , Lance atual: R$ 197.999,00 (Incremento: + R$ 1.000,00) Ver Detalhes Confira os próximos Leilões Cadastrados JUDICIAL 27/08/2026 às 09:00 Leilão Tribunal de Justiça de Roraima - Judicial/Alienação Antecipada/Vara de Entorpecente Online 1ª Praça » 10/02/2019 2ª Praça » 15/03/2019 --> Aberto para lances (ver lotes) Aberto para lances EXTRAJUDICIAL 28/08/2026 às 10:00 Leilão Departame",https://www.wrleiloes.com.br/,2026-08-25T04:08:49-03:00,http_200,,,,,,,
CHEV ONIX 10 MT LT1,,,1,claudiokussleiloes.com.br,"[FINANCEIRA] - Veículos, Motos - Curitiba / PR",2026-08-25,25/08/2026,10:00,PR,"Rua João Lunardelli, 2095 - Cidade Industrial - 81460-100 - Curitiba - PR - Brasil",https://www.claudiokussleiloes.com.br/relacao-foto/885,https://www.claudiokussleiloes.com.br/,,https://www.claudiokussleiloes.com.br/termoUso.pdf,"t(); $.ajax ({ type:""POST"", url:""json_login.php"", data:{op:""O"",username:$(""input[name=username]"").val(),password:$(""input[name=password]"").val()}, dataType:""json"", success:function(json) { if (json=='1'){ location.reload(); } } }); }); }); Leilão Presencial / Online 25/08/2026 às 10:00 horas Veículos - Financeiras Acessar leilão Leilão Presencial / Online 01/09/2026 às 10:00 horas Veículos - Financeiras Acessar leilão .carousel-control.left{background:none;} .carousel-control.right",https://www.claudiokussleiloes.com.br/,2026-08-25T04:08:48-03:00,http_200,,,,,,,
Sobre,,,,rochaleiloes.com.br,"[PREFEITURA] - Ônibus, Máquinas, Veículos, Vans - Wenceslau Braz / PR",2027-07-26,26/07/2027,11:22,PR,"Rua Expedicionários, 200 - Centro - 84950-000 - Wenceslau Braz - PR - Brasil",https://rochaleiloes.com.br/leilao/6146/lotes,https://rochaleiloes.com.br/leilao/6146/lotes,,,"2026. Os interessados dever\u00e3o entrar em contato com a Prefeitura de WENCESLAU BRAZ - PR (43) 3141-9500 para agendamento de visita. Os lotes a serem apregoados neste leil\u00e3o encontram-se localizados nos p\u00e1tios da Prefeitura "",""leilao_data_controle"":null,""leilao_data_disponibilizar"":""2026-07-27 11:22:42"",""leilao_tipo"":""extra"",""leilao_retirado"":0,""leilao_1_modalidade"":""virtual"",""leilao_2_modalidade"":null,""leilao_3_modalidade"":null,""leilao_4_modalidade"":null,""leilao_1_dat",https://rochaleiloes.com.br/leilao/6146/lotes,2026-08-25T04:08:47-03:00,http_200,,,,,,,
VSRNE Lufeng Chassi: LMNR1174HBL000117 EB: EB3478172107,,,,ricardogomesleiloes.com.br,"[EXÉRCITO] - 3º B LOG - Equipamentos, Caminhonetes, Vans, Veículos, Caminhões - Bagé / RS",2026-08-25,25/08/2026,06:00,RS,"Rua Vinte de Setembro, 1055 - Getúlio Vargas - 96400-050 - Bagé - RS - Brasil",https://www.ricardogomesleiloes.com.br/leiloes/33,https://www.ricardogomesleiloes.com.br/oferta/leilao/veiculos/reboque/1405/id-1647/lote,https://static.suporteleiloes.com.br/ricardogomesleiloescombr/bens/1634/arquivos/6a60354c5c892-6a60354c6571e.jpg,https://static.suporteleiloes.com.br/ricardogomesleiloescombr/leiloes/34/documentos/sl-doc-34-6a6034b8794fa-6a6034b87bed6.pdf,,https://www.ricardogomesleiloes.com.br/leiloes/33,2026-08-25T04:08:48-03:00,http_200,,,,,,,
Efetuar lance,,,,ricardogomesleiloes.com.br,"[EXÉRCITO] - 3º B LOG - Equipamentos, Caminhonetes, Vans, Veículos, Caminhões - Bagé / RS",2026-08-25,25/08/2026,06:00,RS,"Rua Vinte de Setembro, 1055 - Getúlio Vargas - 96400-050 - Bagé - RS - Brasil",https://www.ricardogomesleiloes.com.br/leiloes/33,https://www.ricardogomesleiloes.com.br/oferta/leilao/veiculos/reboque/1405/id-1647/lote#lances,,https://static.suporteleiloes.com.br/ricardogomesleiloescombr/leiloes/34/documentos/sl-doc-34-6a6034b8794fa-6a6034b87bed6.pdf,,https://www.ricardogomesleiloes.com.br/leiloes/33,2026-08-25T04:08:48-03:00,http_200,,,,,,,
Mais detalhes,,,,ricardogomesleiloes.com.br,"[EXÉRCITO] - 3º B LOG - Equipamentos, Caminhonetes, Vans, Veículos, Caminhões - Bagé / RS",2026-08-25,25/08/2026,06:00,RS,"Rua Vinte de Setembro, 1055 - Getúlio Vargas - 96400-050 - Bagé - RS - Brasil",https://www.ricardogomesleiloes.com.br/leiloes/33,https://www.ricardogomesleiloes.com.br/oferta/leilao/veiculos/reboque/1405/id-1647/lote,https://static.suporteleiloes.com.br/ricardogomesleiloescombr/bens/1634/arquivos/6a60354c5c892-6a60354c6571e.jpg,https://static.suporteleiloes.com.br/ricardogomesleiloescombr/leiloes/34/documentos/sl-doc-34-6a6034b8794fa-6a6034b87bed6.pdf,,https://www.ricardogomesleiloes.com.br/leiloes/33,2026-08-25T04:08:48-03:00,http_200,,,,,,,
VSRNE Lufeng Chassi: LMNR1174KBL000115 EB: EB3478172095,,,,ricardogomesleiloes.com.br,"[EXÉRCITO] - 3º B LOG - Equipamentos, Caminhonetes, Vans, Veículos, Caminhões - Bagé / RS",2026-08-25,25/08/2026,06:00,RS,"Rua Vinte de Setembro, 1055 - Getúlio Vargas - 96400-050 - Bagé - RS - Brasil",https://www.ricardogomesleiloes.com.br/leiloes/33,https://www.ricardogomesleiloes.com.br/oferta/leilao/veiculos/reboque/1406/id-1648/lote,https://static.suporteleiloes.com.br/ricardogomesleiloescombr/bens/1635/arquivos/6a60357974458-6a60357982239.jpg,https://static.suporteleiloes.com.br/ricardogomesleiloescombr/leiloes/34/documentos/sl-doc-34-6a6034b8794fa-6a6034b87bed6.pdf,,https://www.ricardogomesleiloes.com.br/leiloes/33,2026-08-25T04:08:48-03:00,http_200,,,,,,,
Efetuar lance,,,,ricardogomesleiloes.com.br,"[EXÉRCITO] - 3º B LOG - Equipamentos, Caminhonetes, Vans, Veículos, Caminhões - Bagé / RS",2026-08-25,25/08/2026,06:00,RS,"Rua Vinte de Setembro, 1055 - Getúlio Vargas - 96400-050 - Bagé - RS - Brasil",https://www.ricardogomesleiloes.com.br/leiloes/33,https://www.ricardogomesleiloes.com.br/oferta/leilao/veiculos/reboque/1406/id-1648/lote#lances,,https://static.suporteleiloes.com.br/ricardogomesleiloescombr/leiloes/34/documentos/sl-doc-34-6a6034b8794fa-6a6034b87bed6.pdf,,https://www.ricardogomesleiloes.com.br/leiloes/33,2026-08-25T04:08:48-03:00,http_200,,,,,,,
Mais detalhes,,,,ricardogomesleiloes.com.br,"[EXÉRCITO] - 3º B LOG - Equipamentos, Caminhonetes, Vans, Veículos, Caminhões - Bagé / RS",2026-08-25,25/08/2026,06:00,RS,"Rua Vinte de Setembro, 1055 - Getúlio Vargas - 96400-050 - Bagé - RS - Brasil",https://www.ricardogomesleiloes.com.br/leiloes/33,https://www.ricardogomesleiloes.com.br/oferta/leilao/veiculos/reboque/1406/id-1648/lote,https://static.suporteleiloes.com.br/ricardogomesleiloescombr/bens/1635/arquivos/6a60357974458-6a60357982239.jpg,https://static.suporteleiloes.com.br/ricardogomesleiloescombr/leiloes/34/documentos/sl-doc-34-6a6034b8794fa-6a6034b87bed6.pdf,,https://www.ricardogomesleiloes.com.br/leiloes/33,2026-08-25T04:08:48-03:00,http_200,,,,,,,
Reboque - Bernard Krone RQ-01-K1 1/4 Chassi: 35394,,,,ricardogomesleiloes.com.br,"[EXÉRCITO] - 3º B LOG - Equipamentos, Caminhonetes, Vans, Veículos, Caminhões - Bagé / RS",2026-08-25,25/08/2026,06:00,RS,"Rua Vinte de Setembro, 1055 - Getúlio Vargas - 96400-050 - Bagé - RS - Brasil",https://www.ricardogomesleiloes.com.br/leiloes/33,https://www.ricardogomesleiloes.com.br/oferta/leilao/veiculos/reboque/1407/id-1649/reboque-bernard-krone-rq-01-k1-1-4-chassi-35394,https://static.suporteleiloes.com.br/ricardogomesleiloescombr/bens/1636/arquivos/6a603589578db-6a60358960c61.jpg,https://static.suporteleiloes.com.br/ricardogomesleiloescombr/leiloes/34/documentos/sl-doc-34-6a6034b8794fa-6a6034b87bed6.pdf,,https://www.ricardogomesleiloes.com.br/leiloes/33,2026-08-25T04:08:48-03:00,http_200,,,,,,,
Efetuar lance,,,,ricardogomesleiloes.com.br,"[EXÉRCITO] - 3º B LOG - Equipamentos, Caminhonetes, Vans, Veículos, Caminhões - Bagé / RS",2026-08-25,25/08/2026,06:00,RS,"Rua Vinte de Setembro, 1055 - Getúlio Vargas - 96400-050 - Bagé - RS - Brasil",https://www.ricardogomesleiloes.com.br/leiloes/33,https://www.ricardogomesleiloes.com.br/oferta/leilao/veiculos/reboque/1407/id-1649/reboque-bernard-krone-rq-01-k1-1-4-chassi-35394#lances,,https://static.suporteleiloes.com.br/ricardogomesleiloescombr/leiloes/34/documentos/sl-doc-34-6a6034b8794fa-6a6034b87bed6.pdf,,https://www.ricardogomesleiloes.com.br/leiloes/33,2026-08-25T04:08:48-03:00,http_200,,,,,,,
Mais detalhes,,,,ricardogomesleiloes.com.br,"[EXÉRCITO] - 3º B LOG - Equipamentos, Caminhonetes, Vans, Veículos, Caminhões - Bagé / RS",2026-08-25,25/08/2026,06:00,RS,"Rua Vinte de Setembro, 1055 - Getúlio Vargas - 96400-050 - Bagé - RS - Brasil",https://www.ricardogomesleiloes.com.br/leiloes/33,https://www.ricardogomesleiloes.com.br/oferta/leilao/veiculos/reboque/1407/id-1649/reboque-bernard-krone-rq-01-k1-1-4-chassi-35394,https://static.suporteleiloes.com.br/ricardogomesleiloescombr/bens/1636/arquivos/6a603589578db-6a60358960c61.jpg,https://static.suporteleiloes.com.br/ricardogomesleiloescombr/leiloes/34/documentos/sl-doc-34-6a6034b8794fa-6a6034b87bed6.pdf,,https://www.ricardogomesleiloes.com.br/leiloes/33,2026-08-25T04:08:48-03:00,http_200,,,,,,,
VTNE 0.7T 4X2-Caminhonete-CITROEN-Berlingo-1.9 D-CARROC: Ano de fabricação/modelo: Placa: IZK2J35 Chassi: 8BCMBWJYBAG520201 EB: EB3472517064,,,,ricardogomesleiloes.com.br,"[EXÉRCITO] - 3º B LOG - Equipamentos, Caminhonetes, Vans, Veículos, Caminhões - Bagé / RS",2026-08-25,25/08/2026,06:00,RS,"Rua Vinte de Setembro, 1055 - Getúlio Vargas - 96400-050 - Bagé - RS - Brasil",https://www.ricardogomesleiloes.com.br/leiloes/33,https://www.ricardogomesleiloes.com.br/oferta/leilao/veiculos/carros/1408/id-1650/vtne-0-7t-4x2-caminhonete-citroen-berlingo-1-9-d-carroc-ano-de-fabricacao-modelo-placa-izk2j35-chassi-8bcmbwjybag520201-eb-eb3472517064,https://static.suporteleiloes.com.br/ricardogomesleiloescombr/bens/1637/arquivos/6a6035ac25534-6a6035ac2f148.jpg,https://static.suporteleiloes.com.br/ricardogomesleiloescombr/leiloes/34/documentos/sl-doc-34-6a6034b8794fa-6a6034b87bed6.pdf,,https://www.ricardogomesleiloes.com.br/leiloes/33,2026-08-25T04:08:48-03:00,http_200,,,,,,,
Efetuar lance,,,,ricardogomesleiloes.com.br,"[EXÉRCITO] - 3º B LOG - Equipamentos, Caminhonetes, Vans, Veículos, Caminhões - Bagé / RS",2026-08-25,25/08/2026,06:00,RS,"Rua Vinte de Setembro, 1055 - Getúlio Vargas - 96400-050 - Bagé - RS - Brasil",https://www.ricardogomesleiloes.com.br/leiloes/33,https://www.ricardogomesleiloes.com.br/oferta/leilao/veiculos/carros/1408/id-1650/vtne-0-7t-4x2-caminhonete-citroen-berlingo-1-9-d-carroc-ano-de-fabricacao-modelo-placa-izk2j35-chassi-8bcmbwjybag520201-eb-eb3472517064#lances,,https://static.suporteleiloes.com.br/ricardogomesleiloescombr/leiloes/34/documentos/sl-doc-34-6a6034b8794fa-6a6034b87bed6.pdf,,https://www.ricardogomesleiloes.com.br/leiloes/33,2026-08-25T04:08:48-03:00,http_200,,,,,,,
Mais detalhes,,,,ricardogomesleiloes.com.br,"[EXÉRCITO] - 3º B LOG - Equipamentos, Caminhonetes, Vans, Veículos, Caminhões - Bagé / RS",2026-08-25,25/08/2026,06:00,RS,"Rua Vinte de Setembro, 1055 - Getúlio Vargas - 96400-050 - Bagé - RS - Brasil",https://www.ricardogomesleiloes.com.br/leiloes/33,https://www.ricardogomesleiloes.com.br/oferta/leilao/veiculos/carros/1408/id-1650/vtne-0-7t-4x2-caminhonete-citroen-berlingo-1-9-d-carroc-ano-de-fabricacao-modelo-placa-izk2j35-chassi-8bcmbwjybag520201-eb-eb3472517064,https://static.suporteleiloes.com.br/ricardogomesleiloescombr/bens/1637/arquivos/6a6035ac25534-6a6035ac2f148.jpg,https://static.suporteleiloes.com.br/ricardogomesleiloescombr/leiloes/34/documentos/sl-doc-34-6a6034b8794fa-6a6034b87bed6.pdf,,https://www.ricardogomesleiloes.com.br/leiloes/33,2026-08-25T04:08:48-03:00,http_200,,,,,,,
VTP MICRO-ONIBUS EMP GE DUCATO 2.8 MINIBUS 15PSG 4X2 FIAT Ano de fabricação/modelo: 2009 Placa: IPP0C66 RENAVAM: Chassi: 93W244M2392039245 EB: EB3471130425,,,,ricardogomesleiloes.com.br,"[EXÉRCITO] - 3º B LOG - Equipamentos, Caminhonetes, Vans, Veículos, Caminhões - Bagé / RS",2026-08-25,25/08/2026,06:00,RS,"Rua Vinte de Setembro, 1055 - Getúlio Vargas - 96400-050 - Bagé - RS - Brasil",https://www.ricardogomesleiloes.com.br/leiloes/33,https://www.ricardogomesleiloes.com.br/oferta/leilao/veiculos/van/1409/id-1651/lote,https://static.suporteleiloes.com.br/ricardogomesleiloescombr/bens/1638/arquivos/6a6035d92bf0b-6a6035d93bb5e.jpg,https://static.suporteleiloes.com.br/ricardogomesleiloescombr/leiloes/34/documentos/sl-doc-34-6a6034b8794fa-6a6034b87bed6.pdf,,https://www.ricardogomesleiloes.com.br/leiloes/33,2026-08-25T04:08:48-03:00,http_200,,,,,,,
Efetuar lance,,,,ricardogomesleiloes.com.br,"[EXÉRCITO] - 3º B LOG - Equipamentos, Caminhonetes, Vans, Veículos, Caminhões - Bagé / RS",2026-08-25,25/08/2026,06:00,RS,"Rua Vinte de Setembro, 1055 - Getúlio Vargas - 96400-050 - Bagé - RS - Brasil",https://www.ricardogomesleiloes.com.br/leiloes/33,https://www.ricardogomesleiloes.com.br/oferta/leilao/veiculos/van/1409/id-1651/lote#lances,,https://static.suporteleiloes.com.br/ricardogomesleiloescombr/leiloes/34/documentos/sl-doc-34-6a6034b8794fa-6a6034b87bed6.pdf,,https://www.ricardogomesleiloes.com.br/leiloes/33,2026-08-25T04:08:48-03:00,http_200,,,,,,,
Mais detalhes,,,,ricardogomesleiloes.com.br,"[EXÉRCITO] - 3º B LOG - Equipamentos, Caminhonetes, Vans, Veículos, Caminhões - Bagé / RS",2026-08-25,25/08/2026,06:00,RS,"Rua Vinte de Setembro, 1055 - Getúlio Vargas - 96400-050 - Bagé - RS - Brasil",https://www.ricardogomesleiloes.com.br/leiloes/33,https://www.ricardogomesleiloes.com.br/oferta/leilao/veiculos/van/1409/id-1651/lote,https://static.suporteleiloes.com.br/ricardogomesleiloescombr/bens/1638/arquivos/6a6035d92bf0b-6a6035d93bb5e.jpg,https://static.suporteleiloes.com.br/ricardogomesleiloescombr/leiloes/34/documentos/sl-doc-34-6a6034b8794fa-6a6034b87bed6.pdf,,https://www.ricardogomesleiloes.com.br/leiloes/33,2026-08-25T04:08:48-03:00,http_200,,,,,,,
VTE AMBULANCIA SA BOXER 2.8 350LH 1 1/2T 4X2 PEUGEOТ Ano de fabricação/modelo: 2009 Placa: IRA-1897 Chassi: 936ZCPMNC92040841 EB: EB3473017948,,,,ricardogomesleiloes.com.br,"[EXÉRCITO] - 3º B LOG - Equipamentos, Caminhonetes, Vans, Veículos, Caminhões - Bagé / RS",2026-08-25,25/08/2026,06:00,RS,"Rua Vinte de Setembro, 1055 - Getúlio Vargas - 96400-050 - Bagé - RS - Brasil",https://www.ricardogomesleiloes.com.br/leiloes/33,https://www.ricardogomesleiloes.com.br/oferta/leilao/veiculos/van/1410/id-1652/lote,https://static.suporteleiloes.com.br/ricardogomesleiloescombr/bens/1639/arquivos/6a6035ec5b844-6a6035ec67ae2.jpg,https://static.suporteleiloes.com.br/ricardogomesleiloescombr/leiloes/34/documentos/sl-doc-34-6a6034b8794fa-6a6034b87bed6.pdf,,https://www.ricardogomesleiloes.com.br/leiloes/33,2026-08-25T04:08:48-03:00,http_200,,,,,,,
Efetuar lance,,,,ricardogomesleiloes.com.br,"[EXÉRCITO] - 3º B LOG - Equipamentos, Caminhonetes, Vans, Veículos, Caminhões - Bagé / RS",2026-08-25,25/08/2026,06:00,RS,"Rua Vinte de Setembro, 1055 - Getúlio Vargas - 96400-050 - Bagé - RS - Brasil",https://www.ricardogomesleiloes.com.br/leiloes/33,https://www.ricardogomesleiloes.com.br/oferta/leilao/veiculos/van/1410/id-1652/lote#lances,,https://static.suporteleiloes.com.br/ricardogomesleiloescombr/leiloes/34/documentos/sl-doc-34-6a6034b8794fa-6a6034b87bed6.pdf,,https://www.ricardogomesleiloes.com.br/leiloes/33,2026-08-25T04:08:48-03:00,http_200,,,,,,,
Mais detalhes,,,,ricardogomesleiloes.com.br,"[EXÉRCITO] - 3º B LOG - Equipamentos, Caminhonetes, Vans, Veículos, Caminhões - Bagé / RS",2026-08-25,25/08/2026,06:00,RS,"Rua Vinte de Setembro, 1055 - Getúlio Vargas - 96400-050 - Bagé - RS - Brasil",https://www.ricardogomesleiloes.com.br/leiloes/33,https://www.ricardogomesleiloes.com.br/oferta/leilao/veiculos/van/1410/id-1652/lote,https://static.suporteleiloes.com.br/ricardogomesleiloescombr/bens/1639/arquivos/6a6035ec5b844-6a6035ec67ae2.jpg,https://static.suporteleiloes.com.br/ricardogomesleiloescombr/leiloes/34/documentos/sl-doc-34-6a6034b8794fa-6a6034b87bed6.pdf,,https://www.ricardogomesleiloes.com.br/leiloes/33,2026-08-25T04:08:48-03:00,http_200,,,,,,,
VTP 05PSG 4X2-Automóvel-CHEVROLET-Celta-Spirit Ano de fabricação/modelo: Combustível: Cor: Branca Placa: IRB2945 RENAVAM: Chassi: 9BGRX48F0BG163767 EB: EB3471140201,,,,ricardogomesleiloes.com.br,"[EXÉRCITO] - 3º B LOG - Equipamentos, Caminhonetes, Vans, Veículos, Caminhões - Bagé / RS",2026-08-25,25/08/2026,06:00,RS,"Rua Vinte de Setembro, 1055 - Getúlio Vargas - 96400-050 - Bagé - RS - Brasil",https://www.ricardogomesleiloes.com.br/leiloes/33,https://www.ricardogomesleiloes.com.br/oferta/leilao/veiculos/carros/1411/id-1653/lote,https://static.suporteleiloes.com.br/ricardogomesleiloescombr/bens/1640/arquivos/6a6036182678b-6a6036183292e.jpg,https://static.suporteleiloes.com.br/ricardogomesleiloescombr/leiloes/34/documentos/sl-doc-34-6a6034b8794fa-6a6034b87bed6.pdf,,https://www.ricardogomesleiloes.com.br/leiloes/33,2026-08-25T04:08:48-03:00,http_200,,,,,,,
Efetuar lance,,,,ricardogomesleiloes.com.br,"[EXÉRCITO] - 3º B LOG - Equipamentos, Caminhonetes, Vans, Veículos, Caminhões - Bagé / RS",2026-08-25,25/08/2026,06:00,RS,"Rua Vinte de Setembro, 1055 - Getúlio Vargas - 96400-050 - Bagé - RS - Brasil",https://www.ricardogomesleiloes.com.br/leiloes/33,https://www.ricardogomesleiloes.com.br/oferta/leilao/veiculos/carros/1411/id-1653/lote#lances,,https://static.suporteleiloes.com.br/ricardogomesleiloescombr/leiloes/34/documentos/sl-doc-34-6a6034b8794fa-6a6034b87bed6.pdf,,https://www.ricardogomesleiloes.com.br/leiloes/33,2026-08-25T04:08:48-03:00,http_200,,,,,,,
Mais detalhes,,,,ricardogomesleiloes.com.br,"[EXÉRCITO] - 3º B LOG - Equipamentos, Caminhonetes, Vans, Veículos, Caminhões - Bagé / RS",2026-08-25,25/08/2026,06:00,RS,"Rua Vinte de Setembro, 1055 - Getúlio Vargas - 96400-050 - Bagé - RS - Brasil",https://www.ricardogomesleiloes.com.br/leiloes/33,https://www.ricardogomesleiloes.com.br/oferta/leilao/veiculos/carros/1411/id-1653/lote,https://static.suporteleiloes.com.br/ricardogomesleiloescombr/bens/1640/arquivos/6a6036182678b-6a6036183292e.jpg,https://static.suporteleiloes.com.br/ricardogomesleiloescombr/leiloes/34/documentos/sl-doc-34-6a6034b8794fa-6a6034b87bed6.pdf,,https://www.ricardogomesleiloes.com.br/leiloes/33,2026-08-25T04:08:48-03:00,http_200,,,,,,,
VTE ENG TRNP PONTE M4 T6 LG1519 5T 6X6 MERCEDES-BENZ Ano de fabricação/modelo: 1976 Chassi: 34501019303830 EB: EB3413237170,,,,ricardogomesleiloes.com.br,"[EXÉRCITO] - 3º B LOG - Equipamentos, Caminhonetes, Vans, Veículos, Caminhões - Bagé / RS",2026-08-25,25/08/2026,06:00,RS,"Rua Vinte de Setembro, 1055 - Getúlio Vargas - 96400-050 - Bagé - RS - Brasil",https://www.ricardogomesleiloes.com.br/leiloes/33,https://www.ricardogomesleiloes.com.br/oferta/leilao/veiculos/caminhao/1412/id-1654/lote,https://static.suporteleiloes.com.br/ricardogomesleiloescombr/bens/1641/arquivos/6a603610b66a2-6a603610c3fe3.jpg,https://static.suporteleiloes.com.br/ricardogomesleiloescombr/leiloes/34/documentos/sl-doc-34-6a6034b8794fa-6a6034b87bed6.pdf,,https://www.ricardogomesleiloes.com.br/leiloes/33,2026-08-25T04:08:48-03:00,http_200,,,,,,,
Efetuar lance,,,,ricardogomesleiloes.com.br,"[EXÉRCITO] - 3º B LOG - Equipamentos, Caminhonetes, Vans, Veículos, Caminhões - Bagé / RS",2026-08-25,25/08/2026,06:00,RS,"Rua Vinte de Setembro, 1055 - Getúlio Vargas - 96400-050 - Bagé - RS - Brasil",https://www.ricardogomesleiloes.com.br/leiloes/33,https://www.ricardogomesleiloes.com.br/oferta/leilao/veiculos/caminhao/1412/id-1654/lote#lances,,https://static.suporteleiloes.com.br/ricardogomesleiloescombr/leiloes/34/documentos/sl-doc-34-6a6034b8794fa-6a6034b87bed6.pdf,,https://www.ricardogomesleiloes.com.br/leiloes/33,2026-08-25T04:08:48-03:00,http_200,,,,,,,
Mais detalhes,,,,ricardogomesleiloes.com.br,"[EXÉRCITO] - 3º B LOG - Equipamentos, Caminhonetes, Vans, Veículos, Caminhões - Bagé / RS",2026-08-25,25/08/2026,06:00,RS,"Rua Vinte de Setembro, 1055 - Getúlio Vargas - 96400-050 - Bagé - RS - Brasil",https://www.ricardogomesleiloes.com.br/leiloes/33,https://www.ricardogomesleiloes.com.br/oferta/leilao/veiculos/caminhao/1412/id-1654/lote,https://static.suporteleiloes.com.br/ricardogomesleiloescombr/bens/1641/arquivos/6a603610b66a2-6a603610c3fe3.jpg,https://static.suporteleiloes.com.br/ricardogomesleiloescombr/leiloes/34/documentos/sl-doc-34-6a6034b8794fa-6a6034b87bed6.pdf,,https://www.ricardogomesleiloes.com.br/leiloes/33,2026-08-25T04:08:48-03:00,http_200,,,,,,,
VTE AMBULÂNCIA SRBANDEIRANTE BJ55LPBL 1T 4X4 TOYOTA Ano de fabricação/modelo: 1998 RENAVAM: Chassi: 9BRBJ0180W1016469 EB: EB3413027859,,,,ricardogomesleiloes.com.br,"[EXÉRCITO] - 3º B LOG - Equipamentos, Caminhonetes, Vans, Veículos, Caminhões - Bagé / RS",2026-08-25,25/08/2026,06:00,RS,"Rua Vinte de Setembro, 1055 - Getúlio Vargas - 96400-050 - Bagé - RS - Brasil",https://www.ricardogomesleiloes.com.br/leiloes/33,https://www.ricardogomesleiloes.com.br/oferta/leilao/veiculos/carros/1413/id-1655/lote,https://static.suporteleiloes.com.br/ricardogomesleiloescombr/bens/1642/arquivos/6a7f0d6881425-6a7f0d688ceea.jpg,https://static.suporteleiloes.com.br/ricardogomesleiloescombr/leiloes/34/documentos/sl-doc-34-6a6034b8794fa-6a6034b87bed6.pdf,,https://www.ricardogomesleiloes.com.br/leiloes/33,2026-08-25T04:08:48-03:00,http_200,,,,,,,
Efetuar lance,,,,ricardogomesleiloes.com.br,"[EXÉRCITO] - 3º B LOG - Equipamentos, Caminhonetes, Vans, Veículos, Caminhões - Bagé / RS",2026-08-25,25/08/2026,06:00,RS,"Rua Vinte de Setembro, 1055 - Getúlio Vargas - 96400-050 - Bagé - RS - Brasil",https://www.ricardogomesleiloes.com.br/leiloes/33,https://www.ricardogomesleiloes.com.br/oferta/leilao/veiculos/carros/1413/id-1655/lote#lances,,https://static.suporteleiloes.com.br/ricardogomesleiloescombr/leiloes/34/documentos/sl-doc-34-6a6034b8794fa-6a6034b87bed6.pdf,,https://www.ricardogomesleiloes.com.br/leiloes/33,2026-08-25T04:08:48-03:00,http_200,,,,,,,
Mais detalhes,,,,ricardogomesleiloes.com.br,"[EXÉRCITO] - 3º B LOG - Equipamentos, Caminhonetes, Vans, Veículos, Caminhões - Bagé / RS",2026-08-25,25/08/2026,06:00,RS,"Rua Vinte de Setembro, 1055 - Getúlio Vargas - 96400-050 - Bagé - RS - Brasil",https://www.ricardogomesleiloes.com.br/leiloes/33,https://www.ricardogomesleiloes.com.br/oferta/leilao/veiculos/carros/1413/id-1655/lote,https://static.suporteleiloes.com.br/ricardogomesleiloescombr/bens/1642/arquivos/6a7f0d6881425-6a7f0d688ceea.jpg,https://static.suporteleiloes.com.br/ricardogomesleiloescombr/leiloes/34/documentos/sl-doc-34-6a6034b8794fa-6a6034b87bed6.pdf,,https://www.ricardogomesleiloes.com.br/leiloes/33,2026-08-25T04:08:48-03:00,http_200,,,,,,,
VTTNE CAV MECÂNICO EMP GE STRALIS 740S41T 60T 6X4 IVECO Ano de fabricação/modelo: 2011 Chassi: 93ZS2SSH0B8814262 EB: EB3414168255,,,,ricardogomesleiloes.com.br,"[EXÉRCITO] - 3º B LOG - Equipamentos, Caminhonetes, Vans, Veículos, Caminhões - Bagé / RS",2026-08-25,25/08/2026,06:00,RS,"Rua Vinte de Setembro, 1055 - Getúlio Vargas - 96400-050 - Bagé - RS - Brasil",https://www.ricardogomesleiloes.com.br/leiloes/33,https://www.ricardogomesleiloes.com.br/oferta/leilao/veiculos/caminhao/1414/id-1656/lote,https://static.suporteleiloes.com.br/ricardogomesleiloescombr/bens/1643/arquivos/6a60364258ba6-6a603642671ea.jpg,https://static.suporteleiloes.com.br/ricardogomesleiloescombr/leiloes/34/documentos/sl-doc-34-6a6034b8794fa-6a6034b87bed6.pdf,,https://www.ricardogomesleiloes.com.br/leiloes/33,2026-08-25T04:08:48-03:00,http_200,,,,,,,
Efetuar lance,,,,ricardogomesleiloes.com.br,"[EXÉRCITO] - 3º B LOG - Equipamentos, Caminhonetes, Vans, Veículos, Caminhões - Bagé / RS",2026-08-25,25/08/2026,06:00,RS,"Rua Vinte de Setembro, 1055 - Getúlio Vargas - 96400-050 - Bagé - RS - Brasil",https://www.ricardogomesleiloes.com.br/leiloes/33,https://www.ricardogomesleiloes.com.br/oferta/leilao/veiculos/caminhao/1414/id-1656/lote#lances,,https://static.suporteleiloes.com.br/ricardogomesleiloescombr/leiloes/34/documentos/sl-doc-34-6a6034b8794fa-6a6034b87bed6.pdf,,https://www.ricardogomesleiloes.com.br/leiloes/33,2026-08-25T04:08:48-03:00,http_200,,,,,,,
Mais detalhes,,,,ricardogomesleiloes.com.br,"[EXÉRCITO] - 3º B LOG - Equipamentos, Caminhonetes, Vans, Veículos, Caminhões - Bagé / RS",2026-08-25,25/08/2026,06:00,RS,"Rua Vinte de Setembro, 1055 - Getúlio Vargas - 96400-050 - Bagé - RS - Brasil",https://www.ricardogomesleiloes.com.br/leiloes/33,https://www.ricardogomesleiloes.com.br/oferta/leilao/veiculos/caminhao/1414/id-1656/lote,https://static.suporteleiloes.com.br/ricardogomesleiloescombr/bens/1643/arquivos/6a60364258ba6-6a603642671ea.jpg,https://static.suporteleiloes.com.br/ricardogomesleiloescombr/leiloes/34/documentos/sl-doc-34-6a6034b8794fa-6a6034b87bed6.pdf,,https://www.ricardogomesleiloes.com.br/leiloes/33,2026-08-25T04:08:48-03:00,http_200,,,,,,,
VTE AMBULÂNCIA SR BANDEIRANTE BJ55LPBL 1T 4X4 TOYOTA Ano de fabricação/modelo: 1998 Combustível: Cor: Placa: RENAVAM: Chassi: 9BRBJ0180W1014933 EB: EB3413122788,,,,ricardogomesleiloes.com.br,"[EXÉRCITO] - 3º B LOG - Equipamentos, Caminhonetes, Vans, Veículos, Caminhões - Bagé / RS",2026-08-25,25/08/2026,06:00,RS,"Rua Vinte de Setembro, 1055 - Getúlio Vargas - 96400-050 - Bagé - RS - Brasil",https://www.ricardogomesleiloes.com.br/leiloes/33,https://www.ricardogomesleiloes.com.br/oferta/leilao/veiculos/carros/1415/id-1657/lote,https://static.suporteleiloes.com.br/ricardogomesleiloescombr/bens/1644/arquivos/6a6036b0515c5-6a6036b06a4d9.jpg,https://static.suporteleiloes.com.br/ricardogomesleiloescombr/leiloes/34/documentos/sl-doc-34-6a6034b8794fa-6a6034b87bed6.pdf,,https://www.ricardogomesleiloes.com.br/leiloes/33,2026-08-25T04:08:48-03:00,http_200,,,,,,,
Efetuar lance,,,,ricardogomesleiloes.com.br,"[EXÉRCITO] - 3º B LOG - Equipamentos, Caminhonetes, Vans, Veículos, Caminhões - Bagé / RS",2026-08-25,25/08/2026,06:00,RS,"Rua Vinte de Setembro, 1055 - Getúlio Vargas - 96400-050 - Bagé - RS - Brasil",https://www.ricardogomesleiloes.com.br/leiloes/33,https://www.ricardogomesleiloes.com.br/oferta/leilao/veiculos/carros/1415/id-1657/lote#lances,,https://static.suporteleiloes.com.br/ricardogomesleiloescombr/leiloes/34/documentos/sl-doc-34-6a6034b8794fa-6a6034b87bed6.pdf,,https://www.ricardogomesleiloes.com.br/leiloes/33,2026-08-25T04:08:48-03:00,http_200,,,,,,,
Mais detalhes,,,,ricardogomesleiloes.com.br,"[EXÉRCITO] - 3º B LOG - Equipamentos, Caminhonetes, Vans, Veículos, Caminhões - Bagé / RS",2026-08-25,25/08/2026,06:00,RS,"Rua Vinte de Setembro, 1055 - Getúlio Vargas - 96400-050 - Bagé - RS - Brasil",https://www.ricardogomesleiloes.com.br/leiloes/33,https://www.ricardogomesleiloes.com.br/oferta/leilao/veiculos/carros/1415/id-1657/lote,https://static.suporteleiloes.com.br/ricardogomesleiloescombr/bens/1644/arquivos/6a6036b0515c5-6a6036b06a4d9.jpg,https://static.suporteleiloes.com.br/ricardogomesleiloescombr/leiloes/34/documentos/sl-doc-34-6a6034b8794fa-6a6034b87bed6.pdf,,https://www.ricardogomesleiloes.com.br/leiloes/33,2026-08-25T04:08:48-03:00,http_200,,,,,,,
VTNE PICAPE CABINE DUPLA ACTYON SPORTS GLX 2.0 3/4T 4X4 SSANGYONG Ano de fabricação/modelo: 2013 Combustível: Cor: Placa: IWD3595 RENAVAM: Chassi: KPACA1ETSDP145450 EB: EB3472222989,,,,ricardogomesleiloes.com.br,"[EXÉRCITO] - 3º B LOG - Equipamentos, Caminhonetes, Vans, Veículos, Caminhões - Bagé / RS",2026-08-25,25/08/2026,06:00,RS,"Rua Vinte de Setembro, 1055 - Getúlio Vargas - 96400-050 - Bagé - RS - Brasil",https://www.ricardogomesleiloes.com.br/leiloes/33,https://www.ricardogomesleiloes.com.br/oferta/leilao/veiculos/carros/1416/id-1658/lote,https://static.suporteleiloes.com.br/ricardogomesleiloescombr/bens/1645/arquivos/6a60367f9762d-6a60367fb53a8.jpg,https://static.suporteleiloes.com.br/ricardogomesleiloescombr/leiloes/34/documentos/sl-doc-34-6a6034b8794fa-6a6034b87bed6.pdf,,https://www.ricardogomesleiloes.com.br/leiloes/33,2026-08-25T04:08:48-03:00,http_200,,,,,,,
Efetuar lance,,,,ricardogomesleiloes.com.br,"[EXÉRCITO] - 3º B LOG - Equipamentos, Caminhonetes, Vans, Veículos, Caminhões - Bagé / RS",2026-08-25,25/08/2026,06:00,RS,"Rua Vinte de Setembro, 1055 - Getúlio Vargas - 96400-050 - Bagé - RS - Brasil",https://www.ricardogomesleiloes.com.br/leiloes/33,https://www.ricardogomesleiloes.com.br/oferta/leilao/veiculos/carros/1416/id-1658/lote#lances,,https://static.suporteleiloes.com.br/ricardogomesleiloescombr/leiloes/34/documentos/sl-doc-34-6a6034b8794fa-6a6034b87bed6.pdf,,https://www.ricardogomesleiloes.com.br/leiloes/33,2026-08-25T04:08:48-03:00,http_200,,,,,,,
Mais detalhes,,,,ricardogomesleiloes.com.br,"[EXÉRCITO] - 3º B LOG - Equipamentos, Caminhonetes, Vans, Veículos, Caminhões - Bagé / RS",2026-08-25,25/08/2026,06:00,RS,"Rua Vinte de Setembro, 1055 - Getúlio Vargas - 96400-050 - Bagé - RS - Brasil",https://www.ricardogomesleiloes.com.br/leiloes/33,https://www.ricardogomesleiloes.com.br/oferta/leilao/veiculos/carros/1416/id-1658/lote,https://static.suporteleiloes.com.br/ricardogomesleiloescombr/bens/1645/arquivos/6a60367f9762d-6a60367fb53a8.jpg,https://static.suporteleiloes.com.br/ricardogomesleiloescombr/leiloes/34/documentos/sl-doc-34-6a6034b8794fa-6a6034b87bed6.pdf,,https://www.ricardogomesleiloes.com.br/leiloes/33,2026-08-25T04:08:48-03:00,http_200,,,,,,,
VTNE CAMINHÃO EMP GE LA1418/51 5T 4X4 MERCEDES-BENZ Ano de fabricação/modelo: 2003 Chassi: 9BM3841143B335454 EB: EB3412028494,,,,ricardogomesleiloes.com.br,"[EXÉRCITO] - 3º B LOG - Equipamentos, Caminhonetes, Vans, Veículos, Caminhões - Bagé / RS",2026-08-25,25/08/2026,06:00,RS,"Rua Vinte de Setembro, 1055 - Getúlio Vargas - 96400-050 - Bagé - RS - Brasil",https://www.ricardogomesleiloes.com.br/leiloes/33,https://www.ricardogomesleiloes.com.br/oferta/leilao/veiculos/caminhao/1417/id-1659/lote,https://static.suporteleiloes.com.br/ricardogomesleiloescombr/bens/1646/arquivos/6a603710f06f8-6a6037110aa6f.jpg,https://static.suporteleiloes.com.br/ricardogomesleiloescombr/leiloes/34/documentos/sl-doc-34-6a6034b8794fa-6a6034b87bed6.pdf,,https://www.ricardogomesleiloes.com.br/leiloes/33,2026-08-25T04:08:48-03:00,http_200,,,,,,,
Efetuar lance,,,,ricardogomesleiloes.com.br,"[EXÉRCITO] - 3º B LOG - Equipamentos, Caminhonetes, Vans, Veículos, Caminhões - Bagé / RS",2026-08-25,25/08/2026,06:00,RS,"Rua Vinte de Setembro, 1055 - Getúlio Vargas - 96400-050 - Bagé - RS - Brasil",https://www.ricardogomesleiloes.com.br/leiloes/33,https://www.ricardogomesleiloes.com.br/oferta/leilao/veiculos/caminhao/1417/id-1659/lote#lances,,https://static.suporteleiloes.com.br/ricardogomesleiloescombr/leiloes/34/documentos/sl-doc-34-6a6034b8794fa-6a6034b87bed6.pdf,,https://www.ricardogomesleiloes.com.br/leiloes/33,2026-08-25T04:08:48-03:00,http_200,,,,,,,
Mais detalhes,,,,ricardogomesleiloes.com.br,"[EXÉRCITO] - 3º B LOG - Equipamentos, Caminhonetes, Vans, Veículos, Caminhões - Bagé / RS",2026-08-25,25/08/2026,06:00,RS,"Rua Vinte de Setembro, 1055 - Getúlio Vargas - 96400-050 - Bagé - RS - Brasil",https://www.ricardogomesleiloes.com.br/leiloes/33,https://www.ricardogomesleiloes.com.br/oferta/leilao/veiculos/caminhao/1417/id-1659/lote,https://static.suporteleiloes.com.br/ricardogomesleiloescombr/bens/1646/arquivos/6a603710f06f8-6a6037110aa6f.jpg,https://static.suporteleiloes.com.br/ricardogomesleiloescombr/leiloes/34/documentos/sl-doc-34-6a6034b8794fa-6a6034b87bed6.pdf,,https://www.ricardogomesleiloes.com.br/leiloes/33,2026-08-25T04:08:48-03:00,http_200,,,,,,,
VTNE PICAPE CABINE DUPLA ACTYON SPORTS GLX 2.0 3/4T 4X4 SSANGYONG Ano de fabricação/modelo: 2013 Chassi: KPACA1ETSDP145108 EB: EB3472222585,,,,ricardogomesleiloes.com.br,"[EXÉRCITO] - 3º B LOG - Equipamentos, Caminhonetes, Vans, Veículos, Caminhões - Bagé / RS",2026-08-25,25/08/2026,06:00,RS,"Rua Vinte de Setembro, 1055 - Getúlio Vargas - 96400-050 - Bagé - RS - Brasil",https://www.ricardogomesleiloes.com.br/leiloes/33,https://www.ricardogomesleiloes.com.br/oferta/leilao/veiculos/carros/1418/id-1660/lote,https://static.suporteleiloes.com.br/ricardogomesleiloescombr/bens/1647/arquivos/6a6036dba9c08-6a6036dbe5d77.jpg,https://static.suporteleiloes.com.br/ricardogomesleiloescombr/leiloes/34/documentos/sl-doc-34-6a6034b8794fa-6a6034b87bed6.pdf,,https://www.ricardogomesleiloes.com.br/leiloes/33,2026-08-25T04:08:48-03:00,http_200,,,,,,,
Efetuar lance,,,,ricardogomesleiloes.com.br,"[EXÉRCITO] - 3º B LOG - Equipamentos, Caminhonetes, Vans, Veículos, Caminhões - Bagé / RS",2026-08-25,25/08/2026,06:00,RS,"Rua Vinte de Setembro, 1055 - Getúlio Vargas - 96400-050 - Bagé - RS - Brasil",https://www.ricardogomesleiloes.com.br/leiloes/33,https://www.ricardogomesleiloes.com.br/oferta/leilao/veiculos/carros/1418/id-1660/lote#lances,,https://static.suporteleiloes.com.br/ricardogomesleiloescombr/leiloes/34/documentos/sl-doc-34-6a6034b8794fa-6a6034b87bed6.pdf,,https://www.ricardogomesleiloes.com.br/leiloes/33,2026-08-25T04:08:48-03:00,http_200,,,,,,,
Mais detalhes,,,,ricardogomesleiloes.com.br,"[EXÉRCITO] - 3º B LOG - Equipamentos, Caminhonetes, Vans, Veículos, Caminhões - Bagé / RS",2026-08-25,25/08/2026,06:00,RS,"Rua Vinte de Setembro, 1055 - Getúlio Vargas - 96400-050 - Bagé - RS - Brasil",https://www.ricardogomesleiloes.com.br/leiloes/33,https://www.ricardogomesleiloes.com.br/oferta/leilao/veiculos/carros/1418/id-1660/lote,https://static.suporteleiloes.com.br/ricardogomesleiloescombr/bens/1647/arquivos/6a6036dba9c08-6a6036dbe5d77.jpg,https://static.suporteleiloes.com.br/ricardogomesleiloescombr/leiloes/34/documentos/sl-doc-34-6a6034b8794fa-6a6034b87bed6.pdf,,https://www.ricardogomesleiloes.com.br/leiloes/33,2026-08-25T04:08:48-03:00,http_200,,,,,,,
VTNE CAMINHÃO EMP GE LA1418/51 5T 4X4 MERCEDES-BENZ Ano de fabricação/modelo: 2002 Chassi: 9BM3841142B320069 EB: EB3412117737,,,,ricardogomesleiloes.com.br,"[EXÉRCITO] - 3º B LOG - Equipamentos, Caminhonetes, Vans, Veículos, Caminhões - Bagé / RS",2026-08-25,25/08/2026,06:00,RS,"Rua Vinte de Setembro, 1055 - Getúlio Vargas - 96400-050 - Bagé - RS - Brasil",https://www.ricardogomesleiloes.com.br/leiloes/33,https://www.ricardogomesleiloes.com.br/oferta/leilao/veiculos/caminhao/1419/id-1661/lote,https://static.suporteleiloes.com.br/ricardogomesleiloescombr/bens/1648/arquivos/6a60375ae0c73-6a60375b2518e.jpg,https://static.suporteleiloes.com.br/ricardogomesleiloescombr/leiloes/34/documentos/sl-doc-34-6a6034b8794fa-6a6034b87bed6.pdf,,https://www.ricardogomesleiloes.com.br/leiloes/33,2026-08-25T04:08:48-03:00,http_200,,,,,,,
Efetuar lance,,,,ricardogomesleiloes.com.br,"[EXÉRCITO] - 3º B LOG - Equipamentos, Caminhonetes, Vans, Veículos, Caminhões - Bagé / RS",2026-08-25,25/08/2026,06:00,RS,"Rua Vinte de Setembro, 1055 - Getúlio Vargas - 96400-050 - Bagé - RS - Brasil",https://www.ricardogomesleiloes.com.br/leiloes/33,https://www.ricardogomesleiloes.com.br/oferta/leilao/veiculos/caminhao/1419/id-1661/lote#lances,,https://static.suporteleiloes.com.br/ricardogomesleiloescombr/leiloes/34/documentos/sl-doc-34-6a6034b8794fa-6a6034b87bed6.pdf,,https://www.ricardogomesleiloes.com.br/leiloes/33,2026-08-25T04:08:48-03:00,http_200,,,,,,,
Mais detalhes,,,,ricardogomesleiloes.com.br,"[EXÉRCITO] - 3º B LOG - Equipamentos, Caminhonetes, Vans, Veículos, Caminhões - Bagé / RS",2026-08-25,25/08/2026,06:00,RS,"Rua Vinte de Setembro, 1055 - Getúlio Vargas - 96400-050 - Bagé - RS - Brasil",https://www.ricardogomesleiloes.com.br/leiloes/33,https://www.ricardogomesleiloes.com.br/oferta/leilao/veiculos/caminhao/1419/id-1661/lote,https://static.suporteleiloes.com.br/ricardogomesleiloescombr/bens/1648/arquivos/6a60375ae0c73-6a60375b2518e.jpg,https://static.suporteleiloes.com.br/ricardogomesleiloescombr/leiloes/34/documentos/sl-doc-34-6a6034b8794fa-6a6034b87bed6.pdf,,https://www.ricardogomesleiloes.com.br/leiloes/33,2026-08-25T04:08:48-03:00,http_200,,,,,,,
VTNE CAMINHÃO EMP GE LA1418/51 5T 4X4 MERCEDES-BENZ Ano de fabricação/modelo: 2002 Chassi: 9BM3841143B335809 EB: EB3412028571,,,,ricardogomesleiloes.com.br,"[EXÉRCITO] - 3º B LOG - Equipamentos, Caminhonetes, Vans, Veículos, Caminhões - Bagé / RS",2026-08-25,25/08/2026,06:00,RS,"Rua Vinte de Setembro, 1055 - Getúlio Vargas - 96400-050 - Bagé - RS - Brasil",https://www.ricardogomesleiloes.com.br/leiloes/33,https://www.ricardogomesleiloes.com.br/oferta/leilao/veiculos/caminhao/1420/id-1662/lote,https://static.suporteleiloes.com.br/ricardogomesleiloescombr/bens/1649/arquivos/6a6037067aaaf-6a60370689443.jpg,https://static.suporteleiloes.com.br/ricardogomesleiloescombr/leiloes/34/documentos/sl-doc-34-6a6034b8794fa-6a6034b87bed6.pdf,,https://www.ricardogomesleiloes.com.br/leiloes/33,2026-08-25T04:08:48-03:00,http_200,,,,,,,
Efetuar lance,,,,ricardogomesleiloes.com.br,"[EXÉRCITO] - 3º B LOG - Equipamentos, Caminhonetes, Vans, Veículos, Caminhões - Bagé / RS",2026-08-25,25/08/2026,06:00,RS,"Rua Vinte de Setembro, 1055 - Getúlio Vargas - 96400-050 - Bagé - RS - Brasil",https://www.ricardogomesleiloes.com.br/leiloes/33,https://www.ricardogomesleiloes.com.br/oferta/leilao/veiculos/caminhao/1420/id-1662/lote#lances,,https://static.suporteleiloes.com.br/ricardogomesleiloescombr/leiloes/34/documentos/sl-doc-34-6a6034b8794fa-6a6034b87bed6.pdf,,https://www.ricardogomesleiloes.com.br/leiloes/33,2026-08-25T04:08:48-03:00,http_200,,,,,,,
Mais detalhes,,,,ricardogomesleiloes.com.br,"[EXÉRCITO] - 3º B LOG - Equipamentos, Caminhonetes, Vans, Veículos, Caminhões - Bagé / RS",2026-08-25,25/08/2026,06:00,RS,"Rua Vinte de Setembro, 1055 - Getúlio Vargas - 96400-050 - Bagé - RS - Brasil",https://www.ricardogomesleiloes.com.br/leiloes/33,https://www.ricardogomesleiloes.com.br/oferta/leilao/veiculos/caminhao/1420/id-1662/lote,https://static.suporteleiloes.com.br/ricardogomesleiloescombr/bens/1649/arquivos/6a6037067aaaf-6a60370689443.jpg,https://static.suporteleiloes.com.br/ricardogomesleiloescombr/leiloes/34/documentos/sl-doc-34-6a6034b8794fa-6a6034b87bed6.pdf,,https://www.ricardogomesleiloes.com.br/leiloes/33,2026-08-25T04:08:48-03:00,http_200,,,,,,,
Land Rover - Defender 110 Ano de fabricação/modelo: 2005 Chassi: 93RLDHME84T007112 EB: EB3413061006,,,,ricardogomesleiloes.com.br,"[EXÉRCITO] - 3º B LOG - Equipamentos, Caminhonetes, Vans, Veículos, Caminhões - Bagé / RS",2026-08-25,25/08/2026,06:00,RS,"Rua Vinte de Setembro, 1055 - Getúlio Vargas - 96400-050 - Bagé - RS - Brasil",https://www.ricardogomesleiloes.com.br/leiloes/33,https://www.ricardogomesleiloes.com.br/oferta/leilao/veiculos/carros/1421/id-1663/lote,https://static.suporteleiloes.com.br/ricardogomesleiloescombr/bens/1650/arquivos/6a7f1e0b0460b-6a7f1e0b0d815.jpg,https://static.suporteleiloes.com.br/ricardogomesleiloescombr/leiloes/34/documentos/sl-doc-34-6a6034b8794fa-6a6034b87bed6.pdf,,https://www.ricardogomesleiloes.com.br/leiloes/33,2026-08-25T04:08:48-03:00,http_200,,,,,,,
Efetuar lance,,,,ricardogomesleiloes.com.br,"[EXÉRCITO] - 3º B LOG - Equipamentos, Caminhonetes, Vans, Veículos, Caminhões - Bagé / RS",2026-08-25,25/08/2026,06:00,RS,"Rua Vinte de Setembro, 1055 - Getúlio Vargas - 96400-050 - Bagé - RS - Brasil",https://www.ricardogomesleiloes.com.br/leiloes/33,https://www.ricardogomesleiloes.com.br/oferta/leilao/veiculos/carros/1421/id-1663/lote#lances,,https://static.suporteleiloes.com.br/ricardogomesleiloescombr/leiloes/34/documentos/sl-doc-34-6a6034b8794fa-6a6034b87bed6.pdf,,https://www.ricardogomesleiloes.com.br/leiloes/33,2026-08-25T04:08:48-03:00,http_200,,,,,,,
Mais detalhes,,,,ricardogomesleiloes.com.br,"[EXÉRCITO] - 3º B LOG - Equipamentos, Caminhonetes, Vans, Veículos, Caminhões - Bagé / RS",2026-08-25,25/08/2026,06:00,RS,"Rua Vinte de Setembro, 1055 - Getúlio Vargas - 96400-050 - Bagé - RS - Brasil",https://www.ricardogomesleiloes.com.br/leiloes/33,https://www.ricardogomesleiloes.com.br/oferta/leilao/veiculos/carros/1421/id-1663/lote,https://static.suporteleiloes.com.br/ricardogomesleiloescombr/bens/1650/arquivos/6a7f1e0b0460b-6a7f1e0b0d815.jpg,https://static.suporteleiloes.com.br/ricardogomesleiloescombr/leiloes/34/documentos/sl-doc-34-6a6034b8794fa-6a6034b87bed6.pdf,,https://www.ricardogomesleiloes.com.br/leiloes/33,2026-08-25T04:08:48-03:00,http_200,,,,,,,
Land Rover - Defender 130 Ano de fabricação/modelo: 2006 Chassi: 93RLDKHE86T008415 EB: EB3412043591,,,,ricardogomesleiloes.com.br,"[EXÉRCITO] - 3º B LOG - Equipamentos, Caminhonetes, Vans, Veículos, Caminhões - Bagé / RS",2026-08-25,25/08/2026,06:00,RS,"Rua Vinte de Setembro, 1055 - Getúlio Vargas - 96400-050 - Bagé - RS - Brasil",https://www.ricardogomesleiloes.com.br/leiloes/33,https://www.ricardogomesleiloes.com.br/oferta/leilao/veiculos/carros/1422/id-1664/lote,https://static.suporteleiloes.com.br/ricardogomesleiloescombr/bens/1651/arquivos/6a6037410338f-6a6037415a045.jpg,https://static.suporteleiloes.com.br/ricardogomesleiloescombr/leiloes/34/documentos/sl-doc-34-6a6034b8794fa-6a6034b87bed6.pdf,,https://www.ricardogomesleiloes.com.br/leiloes/33,2026-08-25T04:08:48-03:00,http_200,,,,,,,
Efetuar lance,,,,ricardogomesleiloes.com.br,"[EXÉRCITO] - 3º B LOG - Equipamentos, Caminhonetes, Vans, Veículos, Caminhões - Bagé / RS",2026-08-25,25/08/2026,06:00,RS,"Rua Vinte de Setembro, 1055 - Getúlio Vargas - 96400-050 - Bagé - RS - Brasil",https://www.ricardogomesleiloes.com.br/leiloes/33,https://www.ricardogomesleiloes.com.br/oferta/leilao/veiculos/carros/1422/id-1664/lote#lances,,https://static.suporteleiloes.com.br/ricardogomesleiloescombr/leiloes/34/documentos/sl-doc-34-6a6034b8794fa-6a6034b87bed6.pdf,,https://www.ricardogomesleiloes.com.br/leiloes/33,2026-08-25T04:08:48-03:00,http_200,,,,,,,
Mais detalhes,,,,ricardogomesleiloes.com.br,"[EXÉRCITO] - 3º B LOG - Equipamentos, Caminhonetes, Vans, Veículos, Caminhões - Bagé / RS",2026-08-25,25/08/2026,06:00,RS,"Rua Vinte de Setembro, 1055 - Getúlio Vargas - 96400-050 - Bagé - RS - Brasil",https://www.ricardogomesleiloes.com.br/leiloes/33,https://www.ricardogomesleiloes.com.br/oferta/leilao/veiculos/carros/1422/id-1664/lote,https://static.suporteleiloes.com.br/ricardogomesleiloescombr/bens/1651/arquivos/6a6037410338f-6a6037415a045.jpg,https://static.suporteleiloes.com.br/ricardogomesleiloescombr/leiloes/34/documentos/sl-doc-34-6a6034b8794fa-6a6034b87bed6.pdf,,https://www.ricardogomesleiloes.com.br/leiloes/33,2026-08-25T04:08:48-03:00,http_200,,,,,,,
Land Rover - Defender 130 Ano de fabricação/modelo: 2006 Combustível: DIESEL Chassi: 93RLDKHE86T008465 EB: EB3412043387,,,,ricardogomesleiloes.com.br,"[EXÉRCITO] - 3º B LOG - Equipamentos, Caminhonetes, Vans, Veículos, Caminhões - Bagé / RS",2026-08-25,25/08/2026,06:00,RS,"Rua Vinte de Setembro, 1055 - Getúlio Vargas - 96400-050 - Bagé - RS - Brasil",https://www.ricardogomesleiloes.com.br/leiloes/33,https://www.ricardogomesleiloes.com.br/oferta/leilao/veiculos/carros/1423/id-1665/lote,https://static.suporteleiloes.com.br/ricardogomesleiloescombr/bens/1652/arquivos/6a7f1e66d9930-6a7f1e66e7f65.jpg,https://static.suporteleiloes.com.br/ricardogomesleiloescombr/leiloes/34/documentos/sl-doc-34-6a6034b8794fa-6a6034b87bed6.pdf,,https://www.ricardogomesleiloes.com.br/leiloes/33,2026-08-25T04:08:48-03:00,http_200,,,,,,,
Efetuar lance,,,,ricardogomesleiloes.com.br,"[EXÉRCITO] - 3º B LOG - Equipamentos, Caminhonetes, Vans, Veículos, Caminhões - Bagé / RS",2026-08-25,25/08/2026,06:00,RS,"Rua Vinte de Setembro, 1055 - Getúlio Vargas - 96400-050 - Bagé - RS - Brasil",https://www.ricardogomesleiloes.com.br/leiloes/33,https://www.ricardogomesleiloes.com.br/oferta/leilao/veiculos/carros/1423/id-1665/lote#lances,,https://static.suporteleiloes.com.br/ricardogomesleiloescombr/leiloes/34/documentos/sl-doc-34-6a6034b8794fa-6a6034b87bed6.pdf,,https://www.ricardogomesleiloes.com.br/leiloes/33,2026-08-25T04:08:48-03:00,http_200,,,,,,,
Mais detalhes,,,,ricardogomesleiloes.com.br,"[EXÉRCITO] - 3º B LOG - Equipamentos, Caminhonetes, Vans, Veículos, Caminhões - Bagé / RS",2026-08-25,25/08/2026,06:00,RS,"Rua Vinte de Setembro, 1055 - Getúlio Vargas - 96400-050 - Bagé - RS - Brasil",https://www.ricardogomesleiloes.com.br/leiloes/33,https://www.ricardogomesleiloes.com.br/oferta/leilao/veiculos/carros/1423/id-1665/lote,https://static.suporteleiloes.com.br/ricardogomesleiloescombr/bens/1652/arquivos/6a7f1e66d9930-6a7f1e66e7f65.jpg,https://static.suporteleiloes.com.br/ricardogomesleiloescombr/leiloes/34/documentos/sl-doc-34-6a6034b8794fa-6a6034b87bed6.pdf,,https://www.ricardogomesleiloes.com.br/leiloes/33,2026-08-25T04:08:48-03:00,http_200,,,,,,,
Prefeitura Municipal de Quinze de Novembro RS,Prefeitura Municipal de Quinze de Novembro RS,,,leffaleiloes.com.br,"[PREFEITURA] - Máquinas, Equipamentos, Caminhonetes, Caminhões, Veículos, Sucatas, Vans - Quinze de Novembro / RS",2026-08-27,27/08/2026,4:00,RS,"Avenida Dona Etelvina, 1158 - 98230-000 - Quinze de Novembro - RS - Brasil",https://www.leffaleiloes.com.br/leilao/prefeitura-municipal-de-quinze-de-novembro-rs-29-07-2026-11-23-16/lotes/lista,https://www.leffaleiloes.com.br/leilao/prefeitura-municipal-de-quinze-de-novembro-rs-29-07-2026-11-23-16/lotes/lista,https://www.leffaleiloes.com.br/uploads/media/default/0001/23/0979e2ccfa6f4f702b6ff0097157155230d21bd1.png,https://www.leffaleiloes.com.br/uploads/media/documentos_leilao/0001/23/eba5d9d76a3212d0f09e99a7403422c21f053c06.pdf,"Sul Poder Executivo do Município de Quinze de Novembro Secretaria Municipal de Administração e Planejamento Rua Gonçalves Dias, nº 875, Centro, Quinze de Novembro/RS. CEP 98230-000, telefone: (54) 3322-1500 SETOR DE LICITAÇÕES MODALIDADE: LEILÃO TIPO: MAIOR LANCE 1.1. O PREFEITO MUNICIPAL DE QUINZE DE NOVEMBRO/RS, no uso de suas atribuições legais e de conformidade com a Lei Federal de Licitações, torna público para o conhecimento dos interessados, no DIA 27 DE AGOSTO DE 2026 , ÀS",https://www.leffaleiloes.com.br/leilao/prefeitura-municipal-de-quinze-de-novembro-rs-29-07-2026-11-23-16/lotes/lista,2026-08-25T04:08:47-03:00,http_200,,,,,,,
RETROESCAVADEIRA RANDON RK 406 4X4,RETROESCAVADEIRA RANDON RK 406 4X4,,,leffaleiloes.com.br,"[PREFEITURA] - Máquinas, Equipamentos, Caminhonetes, Caminhões, Veículos, Sucatas, Vans - Quinze de Novembro / RS",2026-08-27,27/08/2026,4:00,RS,"Avenida Dona Etelvina, 1158 - 98230-000 - Quinze de Novembro - RS - Brasil",https://www.leffaleiloes.com.br/leilao/prefeitura-municipal-de-quinze-de-novembro-rs-29-07-2026-11-23-16/lotes/lista,https://www.leffaleiloes.com.br/leilao/prefeitura-municipal-de-quinze-de-novembro-rs-29-07-2026-11-23-16/lote_id/7254,https://www.leffaleiloes.com.br/uploads/media/default/0001/23/9a1a834446198790261a37119d234fb3b39fa09d.jpg,https://www.leffaleiloes.com.br/uploads/media/documentos_leilao/0001/23/eba5d9d76a3212d0f09e99a7403422c21f053c06.pdf,"Sul Poder Executivo do Município de Quinze de Novembro Secretaria Municipal de Administração e Planejamento Rua Gonçalves Dias, nº 875, Centro, Quinze de Novembro/RS. CEP 98230-000, telefone: (54) 3322-1500 SETOR DE LICITAÇÕES MODALIDADE: LEILÃO TIPO: MAIOR LANCE 1.1. O PREFEITO MUNICIPAL DE QUINZE DE NOVEMBRO/RS, no uso de suas atribuições legais e de conformidade com a Lei Federal de Licitações, torna público para o conhecimento dos interessados, no DIA 27 DE AGOSTO DE 2026 , ÀS",https://www.leffaleiloes.com.br/leilao/prefeitura-municipal-de-quinze-de-novembro-rs-29-07-2026-11-23-16/lotes/lista,2026-08-25T04:08:47-03:00,http_200,,,,,,,
RETROESCAVADEIRA RANDON RD 406 4X4,RETROESCAVADEIRA RANDON RD 406 4X4,,,leffaleiloes.com.br,"[PREFEITURA] - Máquinas, Equipamentos, Caminhonetes, Caminhões, Veículos, Sucatas, Vans - Quinze de Novembro / RS",2026-08-27,27/08/2026,4:00,RS,"Avenida Dona Etelvina, 1158 - 98230-000 - Quinze de Novembro - RS - Brasil",https://www.leffaleiloes.com.br/leilao/prefeitura-municipal-de-quinze-de-novembro-rs-29-07-2026-11-23-16/lotes/lista,https://www.leffaleiloes.com.br/leilao/prefeitura-municipal-de-quinze-de-novembro-rs-29-07-2026-11-23-16/lote_id/7255,https://www.leffaleiloes.com.br/uploads/media/default/0001/23/f0abeef8d55ade2c9d0fbe04382529284ab40d64.jpg,https://www.leffaleiloes.com.br/uploads/media/documentos_leilao/0001/23/eba5d9d76a3212d0f09e99a7403422c21f053c06.pdf,"Sul Poder Executivo do Município de Quinze de Novembro Secretaria Municipal de Administração e Planejamento Rua Gonçalves Dias, nº 875, Centro, Quinze de Novembro/RS. CEP 98230-000, telefone: (54) 3322-1500 SETOR DE LICITAÇÕES MODALIDADE: LEILÃO TIPO: MAIOR LANCE 1.1. O PREFEITO MUNICIPAL DE QUINZE DE NOVEMBRO/RS, no uso de suas atribuições legais e de conformidade com a Lei Federal de Licitações, torna público para o conhecimento dos interessados, no DIA 27 DE AGOSTO DE 2026 , ÀS",https://www.leffaleiloes.com.br/leilao/prefeitura-municipal-de-quinze-de-novembro-rs-29-07-2026-11-23-16/lotes/lista,2026-08-25T04:08:47-03:00,http_200,,,,,,,
ESCAVADEIRA HIDRÁULICA LIUGONG,ESCAVADEIRA HIDRÁULICA LIUGONG,,,leffaleiloes.com.br,"[PREFEITURA] - Máquinas, Equipamentos, Caminhonetes, Caminhões, Veículos, Sucatas, Vans - Quinze de Novembro / RS",2026-08-27,27/08/2026,4:00,RS,"Avenida Dona Etelvina, 1158 - 98230-000 - Quinze de Novembro - RS - Brasil",https://www.leffaleiloes.com.br/leilao/prefeitura-municipal-de-quinze-de-novembro-rs-29-07-2026-11-23-16/lotes/lista,https://www.leffaleiloes.com.br/leilao/prefeitura-municipal-de-quinze-de-novembro-rs-29-07-2026-11-23-16/lote_id/7256,https://www.leffaleiloes.com.br/uploads/media/default/0001/23/97544856471ca2cb609f3c605422ad470080234c.jpg,https://www.leffaleiloes.com.br/uploads/media/documentos_leilao/0001/23/eba5d9d76a3212d0f09e99a7403422c21f053c06.pdf,"Sul Poder Executivo do Município de Quinze de Novembro Secretaria Municipal de Administração e Planejamento Rua Gonçalves Dias, nº 875, Centro, Quinze de Novembro/RS. CEP 98230-000, telefone: (54) 3322-1500 SETOR DE LICITAÇÕES MODALIDADE: LEILÃO TIPO: MAIOR LANCE 1.1. O PREFEITO MUNICIPAL DE QUINZE DE NOVEMBRO/RS, no uso de suas atribuições legais e de conformidade com a Lei Federal de Licitações, torna público para o conhecimento dos interessados, no DIA 27 DE AGOSTO DE 2026 , ÀS",https://www.leffaleiloes.com.br/leilao/prefeitura-municipal-de-quinze-de-novembro-rs-29-07-2026-11-23-16/lotes/lista,2026-08-25T04:08:47-03:00,http_200,,,,,,,
DISTRIBUIDOR DE CALCÁRIO E ADUBO IAC 500 KG,DISTRIBUIDOR DE CALCÁRIO E ADUBO IAC 500 KG,,,leffaleiloes.com.br,"[PREFEITURA] - Máquinas, Equipamentos, Caminhonetes, Caminhões, Veículos, Sucatas, Vans - Quinze de Novembro / RS",2026-08-27,27/08/2026,4:00,RS,"Avenida Dona Etelvina, 1158 - 98230-000 - Quinze de Novembro - RS - Brasil",https://www.leffaleiloes.com.br/leilao/prefeitura-municipal-de-quinze-de-novembro-rs-29-07-2026-11-23-16/lotes/lista,https://www.leffaleiloes.com.br/leilao/prefeitura-municipal-de-quinze-de-novembro-rs-29-07-2026-11-23-16/lote_id/7257,https://www.leffaleiloes.com.br/uploads/media/default/0001/23/e092099929e2e2db30ffc90aa3848a101feae13e.jpg,https://www.leffaleiloes.com.br/uploads/media/documentos_leilao/0001/23/eba5d9d76a3212d0f09e99a7403422c21f053c06.pdf,"Sul Poder Executivo do Município de Quinze de Novembro Secretaria Municipal de Administração e Planejamento Rua Gonçalves Dias, nº 875, Centro, Quinze de Novembro/RS. CEP 98230-000, telefone: (54) 3322-1500 SETOR DE LICITAÇÕES MODALIDADE: LEILÃO TIPO: MAIOR LANCE 1.1. O PREFEITO MUNICIPAL DE QUINZE DE NOVEMBRO/RS, no uso de suas atribuições legais e de conformidade com a Lei Federal de Licitações, torna público para o conhecimento dos interessados, no DIA 27 DE AGOSTO DE 2026 , ÀS",https://www.leffaleiloes.com.br/leilao/prefeitura-municipal-de-quinze-de-novembro-rs-29-07-2026-11-23-16/lotes/lista,2026-08-25T04:08:47-03:00,http_200,,,,,,,
GUINCHO HIDRÁULICO VENCE TUDO GHA 1.200,GUINCHO HIDRÁULICO VENCE TUDO GHA 1.200,,,leffaleiloes.com.br,"[PREFEITURA] - Máquinas, Equipamentos, Caminhonetes, Caminhões, Veículos, Sucatas, Vans - Quinze de Novembro / RS",2026-08-27,27/08/2026,4:00,RS,"Avenida Dona Etelvina, 1158 - 98230-000 - Quinze de Novembro - RS - Brasil",https://www.leffaleiloes.com.br/leilao/prefeitura-municipal-de-quinze-de-novembro-rs-29-07-2026-11-23-16/lotes/lista,https://www.leffaleiloes.com.br/leilao/prefeitura-municipal-de-quinze-de-novembro-rs-29-07-2026-11-23-16/lote_id/7258,https://www.leffaleiloes.com.br/uploads/media/default/0001/23/7008e64dbe6c6f623780a4c4d23225ed3d018d8a.jpg,https://www.leffaleiloes.com.br/uploads/media/documentos_leilao/0001/23/eba5d9d76a3212d0f09e99a7403422c21f053c06.pdf,"Sul Poder Executivo do Município de Quinze de Novembro Secretaria Municipal de Administração e Planejamento Rua Gonçalves Dias, nº 875, Centro, Quinze de Novembro/RS. CEP 98230-000, telefone: (54) 3322-1500 SETOR DE LICITAÇÕES MODALIDADE: LEILÃO TIPO: MAIOR LANCE 1.1. O PREFEITO MUNICIPAL DE QUINZE DE NOVEMBRO/RS, no uso de suas atribuições legais e de conformidade com a Lei Federal de Licitações, torna público para o conhecimento dos interessados, no DIA 27 DE AGOSTO DE 2026 , ÀS",https://www.leffaleiloes.com.br/leilao/prefeitura-municipal-de-quinze-de-novembro-rs-29-07-2026-11-23-16/lotes/lista,2026-08-25T04:08:47-03:00,http_200,,,,,,,
ROLO COMPACTADOR,ROLO COMPACTADOR,,,leffaleiloes.com.br,"[PREFEITURA] - Máquinas, Equipamentos, Caminhonetes, Caminhões, Veículos, Sucatas, Vans - Quinze de Novembro / RS",2026-08-27,27/08/2026,4:00,RS,"Avenida Dona Etelvina, 1158 - 98230-000 - Quinze de Novembro - RS - Brasil",https://www.leffaleiloes.com.br/leilao/prefeitura-municipal-de-quinze-de-novembro-rs-29-07-2026-11-23-16/lotes/lista,https://www.leffaleiloes.com.br/leilao/prefeitura-municipal-de-quinze-de-novembro-rs-29-07-2026-11-23-16/lote_id/7259,https://www.leffaleiloes.com.br/uploads/media/default/0001/23/ffed955fc336d73ab0beb6ff1db8bc1047d1581a.jpg,https://www.leffaleiloes.com.br/uploads/media/documentos_leilao/0001/23/eba5d9d76a3212d0f09e99a7403422c21f053c06.pdf,"Sul Poder Executivo do Município de Quinze de Novembro Secretaria Municipal de Administração e Planejamento Rua Gonçalves Dias, nº 875, Centro, Quinze de Novembro/RS. CEP 98230-000, telefone: (54) 3322-1500 SETOR DE LICITAÇÕES MODALIDADE: LEILÃO TIPO: MAIOR LANCE 1.1. O PREFEITO MUNICIPAL DE QUINZE DE NOVEMBRO/RS, no uso de suas atribuições legais e de conformidade com a Lei Federal de Licitações, torna público para o conhecimento dos interessados, no DIA 27 DE AGOSTO DE 2026 , ÀS",https://www.leffaleiloes.com.br/leilao/prefeitura-municipal-de-quinze-de-novembro-rs-29-07-2026-11-23-16/lotes/lista,2026-08-25T04:08:47-03:00,http_200,,,,,,,
TRATOR CORTADOR DE GRAMA TROY BILT 20 HP,TRATOR CORTADOR DE GRAMA TROY BILT 20 HP,,,leffaleiloes.com.br,"[PREFEITURA] - Máquinas, Equipamentos, Caminhonetes, Caminhões, Veículos, Sucatas, Vans - Quinze de Novembro / RS",2026-08-27,27/08/2026,4:00,RS,"Avenida Dona Etelvina, 1158 - 98230-000 - Quinze de Novembro - RS - Brasil",https://www.leffaleiloes.com.br/leilao/prefeitura-municipal-de-quinze-de-novembro-rs-29-07-2026-11-23-16/lotes/lista,https://www.leffaleiloes.com.br/leilao/prefeitura-municipal-de-quinze-de-novembro-rs-29-07-2026-11-23-16/lote_id/7260,https://www.leffaleiloes.com.br/uploads/media/default/0001/23/c6ddc6ba730385cb20b3e8d276760d466e4789b6.jpg,https://www.leffaleiloes.com.br/uploads/media/documentos_leilao/0001/23/eba5d9d76a3212d0f09e99a7403422c21f053c06.pdf,"Sul Poder Executivo do Município de Quinze de Novembro Secretaria Municipal de Administração e Planejamento Rua Gonçalves Dias, nº 875, Centro, Quinze de Novembro/RS. CEP 98230-000, telefone: (54) 3322-1500 SETOR DE LICITAÇÕES MODALIDADE: LEILÃO TIPO: MAIOR LANCE 1.1. O PREFEITO MUNICIPAL DE QUINZE DE NOVEMBRO/RS, no uso de suas atribuições legais e de conformidade com a Lei Federal de Licitações, torna público para o conhecimento dos interessados, no DIA 27 DE AGOSTO DE 2026 , ÀS",https://www.leffaleiloes.com.br/leilao/prefeitura-municipal-de-quinze-de-novembro-rs-29-07-2026-11-23-16/lotes/lista,2026-08-25T04:08:47-03:00,http_200,,,,,,,
FORD RANGER CABINE DUPLA - IWL 5G38,FORD RANGER CABINE DUPLA - IWL 5G38,,,leffaleiloes.com.br,"[PREFEITURA] - Máquinas, Equipamentos, Caminhonetes, Caminhões, Veículos, Sucatas, Vans - Quinze de Novembro / RS",2026-08-27,27/08/2026,4:00,RS,"Avenida Dona Etelvina, 1158 - 98230-000 - Quinze de Novembro - RS - Brasil",https://www.leffaleiloes.com.br/leilao/prefeitura-municipal-de-quinze-de-novembro-rs-29-07-2026-11-23-16/lotes/lista,https://www.leffaleiloes.com.br/leilao/prefeitura-municipal-de-quinze-de-novembro-rs-29-07-2026-11-23-16/lote_id/7261,https://www.leffaleiloes.com.br/uploads/media/default/0001/23/c23ff04f1972be54a0c8e00f65b30497ea9eb6f2.jpg,https://www.leffaleiloes.com.br/uploads/media/documentos_leilao/0001/23/eba5d9d76a3212d0f09e99a7403422c21f053c06.pdf,"Sul Poder Executivo do Município de Quinze de Novembro Secretaria Municipal de Administração e Planejamento Rua Gonçalves Dias, nº 875, Centro, Quinze de Novembro/RS. CEP 98230-000, telefone: (54) 3322-1500 SETOR DE LICITAÇÕES MODALIDADE: LEILÃO TIPO: MAIOR LANCE 1.1. O PREFEITO MUNICIPAL DE QUINZE DE NOVEMBRO/RS, no uso de suas atribuições legais e de conformidade com a Lei Federal de Licitações, torna público para o conhecimento dos interessados, no DIA 27 DE AGOSTO DE 2026 , ÀS",https://www.leffaleiloes.com.br/leilao/prefeitura-municipal-de-quinze-de-novembro-rs-29-07-2026-11-23-16/lotes/lista,2026-08-25T04:08:47-03:00,http_200,,,,,,,
CAMINHÃO FORD CARGO 2428 - IQG 5430,CAMINHÃO FORD CARGO 2428 - IQG 5430,,,leffaleiloes.com.br,"[PREFEITURA] - Máquinas, Equipamentos, Caminhonetes, Caminhões, Veículos, Sucatas, Vans - Quinze de Novembro / RS",2026-08-27,27/08/2026,4:00,RS,"Avenida Dona Etelvina, 1158 - 98230-000 - Quinze de Novembro - RS - Brasil",https://www.leffaleiloes.com.br/leilao/prefeitura-municipal-de-quinze-de-novembro-rs-29-07-2026-11-23-16/lotes/lista,https://www.leffaleiloes.com.br/leilao/prefeitura-municipal-de-quinze-de-novembro-rs-29-07-2026-11-23-16/lote_id/7262,https://www.leffaleiloes.com.br/uploads/media/default/0001/23/dcc973bf63ccb1f9e41cf5fc2baf8d7b36dfc5e4.jpg,https://www.leffaleiloes.com.br/uploads/media/documentos_leilao/0001/23/eba5d9d76a3212d0f09e99a7403422c21f053c06.pdf,"Sul Poder Executivo do Município de Quinze de Novembro Secretaria Municipal de Administração e Planejamento Rua Gonçalves Dias, nº 875, Centro, Quinze de Novembro/RS. CEP 98230-000, telefone: (54) 3322-1500 SETOR DE LICITAÇÕES MODALIDADE: LEILÃO TIPO: MAIOR LANCE 1.1. O PREFEITO MUNICIPAL DE QUINZE DE NOVEMBRO/RS, no uso de suas atribuições legais e de conformidade com a Lei Federal de Licitações, torna público para o conhecimento dos interessados, no DIA 27 DE AGOSTO DE 2026 , ÀS",https://www.leffaleiloes.com.br/leilao/prefeitura-municipal-de-quinze-de-novembro-rs-29-07-2026-11-23-16/lotes/lista,2026-08-25T04:08:47-03:00,http_200,,,,,,,
FORD KA SEDAN TITANIUM 1.5,FORD KA SEDAN TITANIUM 1.5,,,leffaleiloes.com.br,"[PREFEITURA] - Máquinas, Equipamentos, Caminhonetes, Caminhões, Veículos, Sucatas, Vans - Quinze de Novembro / RS",2026-08-27,27/08/2026,4:00,RS,"Avenida Dona Etelvina, 1158 - 98230-000 - Quinze de Novembro - RS - Brasil",https://www.leffaleiloes.com.br/leilao/prefeitura-municipal-de-quinze-de-novembro-rs-29-07-2026-11-23-16/lotes/lista,https://www.leffaleiloes.com.br/leilao/prefeitura-municipal-de-quinze-de-novembro-rs-29-07-2026-11-23-16/lote_id/7263,https://www.leffaleiloes.com.br/uploads/media/default/0001/23/fc541f2a09fee5db76eff4813e77bf8a6954190b.jpg,https://www.leffaleiloes.com.br/uploads/media/documentos_leilao/0001/23/eba5d9d76a3212d0f09e99a7403422c21f053c06.pdf,"Sul Poder Executivo do Município de Quinze de Novembro Secretaria Municipal de Administração e Planejamento Rua Gonçalves Dias, nº 875, Centro, Quinze de Novembro/RS. CEP 98230-000, telefone: (54) 3322-1500 SETOR DE LICITAÇÕES MODALIDADE: LEILÃO TIPO: MAIOR LANCE 1.1. O PREFEITO MUNICIPAL DE QUINZE DE NOVEMBRO/RS, no uso de suas atribuições legais e de conformidade com a Lei Federal de Licitações, torna público para o conhecimento dos interessados, no DIA 27 DE AGOSTO DE 2026 , ÀS",https://www.leffaleiloes.com.br/leilao/prefeitura-municipal-de-quinze-de-novembro-rs-29-07-2026-11-23-16/lotes/lista,2026-08-25T04:08:47-03:00,http_200,,,,,,,
GM ONIX PLUS 10TAT LT1 - JAX 3B33,GM ONIX PLUS 10TAT LT1 - JAX 3B33,,1,leffaleiloes.com.br,"[PREFEITURA] - Máquinas, Equipamentos, Caminhonetes, Caminhões, Veículos, Sucatas, Vans - Quinze de Novembro / RS",2026-08-27,27/08/2026,4:00,RS,"Avenida Dona Etelvina, 1158 - 98230-000 - Quinze de Novembro - RS - Brasil",https://www.leffaleiloes.com.br/leilao/prefeitura-municipal-de-quinze-de-novembro-rs-29-07-2026-11-23-16/lotes/lista,https://www.leffaleiloes.com.br/leilao/prefeitura-municipal-de-quinze-de-novembro-rs-29-07-2026-11-23-16/lote_id/7264,https://www.leffaleiloes.com.br/uploads/media/default/0001/23/f1f275d394c05740659e9ed674c4a70cfdb80bcd.jpg,https://www.leffaleiloes.com.br/uploads/media/documentos_leilao/0001/23/eba5d9d76a3212d0f09e99a7403422c21f053c06.pdf,"Sul Poder Executivo do Município de Quinze de Novembro Secretaria Municipal de Administração e Planejamento Rua Gonçalves Dias, nº 875, Centro, Quinze de Novembro/RS. CEP 98230-000, telefone: (54) 3322-1500 SETOR DE LICITAÇÕES MODALIDADE: LEILÃO TIPO: MAIOR LANCE 1.1. O PREFEITO MUNICIPAL DE QUINZE DE NOVEMBRO/RS, no uso de suas atribuições legais e de conformidade com a Lei Federal de Licitações, torna público para o conhecimento dos interessados, no DIA 27 DE AGOSTO DE 2026 , ÀS",https://www.leffaleiloes.com.br/leilao/prefeitura-municipal-de-quinze-de-novembro-rs-29-07-2026-11-23-16/lotes/lista,2026-08-25T04:08:47-03:00,http_200,,,,,,,
VW KOMBI - INI 3178,VW KOMBI - INI 3178,,,leffaleiloes.com.br,"[PREFEITURA] - Máquinas, Equipamentos, Caminhonetes, Caminhões, Veículos, Sucatas, Vans - Quinze de Novembro / RS",2026-08-27,27/08/2026,4:00,RS,"Avenida Dona Etelvina, 1158 - 98230-000 - Quinze de Novembro - RS - Brasil",https://www.leffaleiloes.com.br/leilao/prefeitura-municipal-de-quinze-de-novembro-rs-29-07-2026-11-23-16/lotes/lista,https://www.leffaleiloes.com.br/leilao/prefeitura-municipal-de-quinze-de-novembro-rs-29-07-2026-11-23-16/lote_id/7265,https://www.leffaleiloes.com.br/uploads/media/default/0001/23/7fa00fce66458b076a6c49523fb9cd992f387fe7.jpg,https://www.leffaleiloes.com.br/uploads/media/documentos_leilao/0001/23/eba5d9d76a3212d0f09e99a7403422c21f053c06.pdf,"Sul Poder Executivo do Município de Quinze de Novembro Secretaria Municipal de Administração e Planejamento Rua Gonçalves Dias, nº 875, Centro, Quinze de Novembro/RS. CEP 98230-000, telefone: (54) 3322-1500 SETOR DE LICITAÇÕES MODALIDADE: LEILÃO TIPO: MAIOR LANCE 1.1. O PREFEITO MUNICIPAL DE QUINZE DE NOVEMBRO/RS, no uso de suas atribuições legais e de conformidade com a Lei Federal de Licitações, torna público para o conhecimento dos interessados, no DIA 27 DE AGOSTO DE 2026 , ÀS",https://www.leffaleiloes.com.br/leilao/prefeitura-municipal-de-quinze-de-novembro-rs-29-07-2026-11-23-16/lotes/lista,2026-08-25T04:08:47-03:00,http_200,,,,,,,
SUCATAS DIVERSAS,SUCATAS DIVERSAS,,,leffaleiloes.com.br,"[PREFEITURA] - Máquinas, Equipamentos, Caminhonetes, Caminhões, Veículos, Sucatas, Vans - Quinze de Novembro / RS",2026-08-27,27/08/2026,4:00,RS,"Avenida Dona Etelvina, 1158 - 98230-000 - Quinze de Novembro - RS - Brasil",https://www.leffaleiloes.com.br/leilao/prefeitura-municipal-de-quinze-de-novembro-rs-29-07-2026-11-23-16/lotes/lista,https://www.leffaleiloes.com.br/leilao/prefeitura-municipal-de-quinze-de-novembro-rs-29-07-2026-11-23-16/lote_id/7266,https://www.leffaleiloes.com.br/uploads/media/default/0001/23/43f98a5799e78034c621cc2c9984ce6ff682eefc.jpg,https://www.leffaleiloes.com.br/uploads/media/documentos_leilao/0001/23/eba5d9d76a3212d0f09e99a7403422c21f053c06.pdf,"Sul Poder Executivo do Município de Quinze de Novembro Secretaria Municipal de Administração e Planejamento Rua Gonçalves Dias, nº 875, Centro, Quinze de Novembro/RS. CEP 98230-000, telefone: (54) 3322-1500 SETOR DE LICITAÇÕES MODALIDADE: LEILÃO TIPO: MAIOR LANCE 1.1. O PREFEITO MUNICIPAL DE QUINZE DE NOVEMBRO/RS, no uso de suas atribuições legais e de conformidade com a Lei Federal de Licitações, torna público para o conhecimento dos interessados, no DIA 27 DE AGOSTO DE 2026 , ÀS",https://www.leffaleiloes.com.br/leilao/prefeitura-municipal-de-quinze-de-novembro-rs-29-07-2026-11-23-16/lotes/lista,2026-08-25T04:08:47-03:00,http_200,,,,,,,
LEFFA LEILÕES,,,,leffaleiloes.com.br,"[PREFEITURA] - Máquinas, Equipamentos, Caminhonetes, Caminhões, Veículos, Sucatas, Vans - Quinze de Novembro / RS",2026-08-27,27/08/2026,4:00,RS,"Avenida Dona Etelvina, 1158 - 98230-000 - Quinze de Novembro - RS - Brasil",https://www.leffaleiloes.com.br/leilao/prefeitura-municipal-de-quinze-de-novembro-rs-29-07-2026-11-23-16/lotes/lista,https://www.leffaleiloes.com.br/leilao/prefeitura-municipal-de-quinze-de-novembro-rs-29-07-2026-11-23-16/lotes/lista#0,,https://www.leffaleiloes.com.br/uploads/media/documentos_leilao/0001/23/eba5d9d76a3212d0f09e99a7403422c21f053c06.pdf,"Sul Poder Executivo do Município de Quinze de Novembro Secretaria Municipal de Administração e Planejamento Rua Gonçalves Dias, nº 875, Centro, Quinze de Novembro/RS. CEP 98230-000, telefone: (54) 3322-1500 SETOR DE LICITAÇÕES MODALIDADE: LEILÃO TIPO: MAIOR LANCE 1.1. O PREFEITO MUNICIPAL DE QUINZE DE NOVEMBRO/RS, no uso de suas atribuições legais e de conformidade com a Lei Federal de Licitações, torna público para o conhecimento dos interessados, no DIA 27 DE AGOSTO DE 2026 , ÀS",https://www.leffaleiloes.com.br/leilao/prefeitura-municipal-de-quinze-de-novembro-rs-29-07-2026-11-23-16/lotes/lista,2026-08-25T04:08:47-03:00,http_200,,,,,,,
LEILÕES,,,,leffaleiloes.com.br,"[PREFEITURA] - Máquinas, Equipamentos, Caminhonetes, Caminhões, Veículos, Sucatas, Vans - Quinze de Novembro / RS",2026-08-27,27/08/2026,4:00,RS,"Avenida Dona Etelvina, 1158 - 98230-000 - Quinze de Novembro - RS - Brasil",https://www.leffaleiloes.com.br/leilao/prefeitura-municipal-de-quinze-de-novembro-rs-29-07-2026-11-23-16/lotes/lista,https://www.leffaleiloes.com.br/leilao/prefeitura-municipal-de-quinze-de-novembro-rs-29-07-2026-11-23-16/lotes/lista,,https://www.leffaleiloes.com.br/uploads/media/documentos_leilao/0001/23/eba5d9d76a3212d0f09e99a7403422c21f053c06.pdf,"Sul Poder Executivo do Município de Quinze de Novembro Secretaria Municipal de Administração e Planejamento Rua Gonçalves Dias, nº 875, Centro, Quinze de Novembro/RS. CEP 98230-000, telefone: (54) 3322-1500 SETOR DE LICITAÇÕES MODALIDADE: LEILÃO TIPO: MAIOR LANCE 1.1. O PREFEITO MUNICIPAL DE QUINZE DE NOVEMBRO/RS, no uso de suas atribuições legais e de conformidade com a Lei Federal de Licitações, torna público para o conhecimento dos interessados, no DIA 27 DE AGOSTO DE 2026 , ÀS",https://www.leffaleiloes.com.br/leilao/prefeitura-municipal-de-quinze-de-novembro-rs-29-07-2026-11-23-16/lotes/lista,2026-08-25T04:08:47-03:00,http_200,,,,,,,
IMÓVEIS 19 itens,,,,leffaleiloes.com.br,"[PREFEITURA] - Máquinas, Equipamentos, Caminhonetes, Caminhões, Veículos, Sucatas, Vans - Quinze de Novembro / RS",2026-08-27,27/08/2026,4:00,RS,"Avenida Dona Etelvina, 1158 - 98230-000 - Quinze de Novembro - RS - Brasil",https://www.leffaleiloes.com.br/leilao/prefeitura-municipal-de-quinze-de-novembro-rs-29-07-2026-11-23-16/lotes/lista,https://www.leffaleiloes.com.br/leilao/lotes/imoveis,,https://www.leffaleiloes.com.br/uploads/media/documentos_leilao/0001/23/eba5d9d76a3212d0f09e99a7403422c21f053c06.pdf,"Sul Poder Executivo do Município de Quinze de Novembro Secretaria Municipal de Administração e Planejamento Rua Gonçalves Dias, nº 875, Centro, Quinze de Novembro/RS. CEP 98230-000, telefone: (54) 3322-1500 SETOR DE LICITAÇÕES MODALIDADE: LEILÃO TIPO: MAIOR LANCE 1.1. O PREFEITO MUNICIPAL DE QUINZE DE NOVEMBRO/RS, no uso de suas atribuições legais e de conformidade com a Lei Federal de Licitações, torna público para o conhecimento dos interessados, no DIA 27 DE AGOSTO DE 2026 , ÀS",https://www.leffaleiloes.com.br/leilao/prefeitura-municipal-de-quinze-de-novembro-rs-29-07-2026-11-23-16/lotes/lista,2026-08-25T04:08:47-03:00,http_200,,,,,,,
VEÍCULOS 19 itens,,,,leffaleiloes.com.br,"[PREFEITURA] - Máquinas, Equipamentos, Caminhonetes, Caminhões, Veículos, Sucatas, Vans - Quinze de Novembro / RS",2026-08-27,27/08/2026,4:00,RS,"Avenida Dona Etelvina, 1158 - 98230-000 - Quinze de Novembro - RS - Brasil",https://www.leffaleiloes.com.br/leilao/prefeitura-municipal-de-quinze-de-novembro-rs-29-07-2026-11-23-16/lotes/lista,https://www.leffaleiloes.com.br/leilao/lotes/veiculos,,https://www.leffaleiloes.com.br/uploads/media/documentos_leilao/0001/23/eba5d9d76a3212d0f09e99a7403422c21f053c06.pdf,"Sul Poder Executivo do Município de Quinze de Novembro Secretaria Municipal de Administração e Planejamento Rua Gonçalves Dias, nº 875, Centro, Quinze de Novembro/RS. CEP 98230-000, telefone: (54) 3322-1500 SETOR DE LICITAÇÕES MODALIDADE: LEILÃO TIPO: MAIOR LANCE 1.1. O PREFEITO MUNICIPAL DE QUINZE DE NOVEMBRO/RS, no uso de suas atribuições legais e de conformidade com a Lei Federal de Licitações, torna público para o conhecimento dos interessados, no DIA 27 DE AGOSTO DE 2026 , ÀS",https://www.leffaleiloes.com.br/leilao/prefeitura-municipal-de-quinze-de-novembro-rs-29-07-2026-11-23-16/lotes/lista,2026-08-25T04:08:47-03:00,http_200,,,,,,,
MÁQUINAS 6 itens,,,,leffaleiloes.com.br,"[PREFEITURA] - Máquinas, Equipamentos, Caminhonetes, Caminhões, Veículos, Sucatas, Vans - Quinze de Novembro / RS",2026-08-27,27/08/2026,4:00,RS,"Avenida Dona Etelvina, 1158 - 98230-000 - Quinze de Novembro - RS - Brasil",https://www.leffaleiloes.com.br/leilao/prefeitura-municipal-de-quinze-de-novembro-rs-29-07-2026-11-23-16/lotes/lista,https://www.leffaleiloes.com.br/leilao/lotes/maquinas,,https://www.leffaleiloes.com.br/uploads/media/documentos_leilao/0001/23/eba5d9d76a3212d0f09e99a7403422c21f053c06.pdf,"Sul Poder Executivo do Município de Quinze de Novembro Secretaria Municipal de Administração e Planejamento Rua Gonçalves Dias, nº 875, Centro, Quinze de Novembro/RS. CEP 98230-000, telefone: (54) 3322-1500 SETOR DE LICITAÇÕES MODALIDADE: LEILÃO TIPO: MAIOR LANCE 1.1. O PREFEITO MUNICIPAL DE QUINZE DE NOVEMBRO/RS, no uso de suas atribuições legais e de conformidade com a Lei Federal de Licitações, torna público para o conhecimento dos interessados, no DIA 27 DE AGOSTO DE 2026 , ÀS",https://www.leffaleiloes.com.br/leilao/prefeitura-municipal-de-quinze-de-novembro-rs-29-07-2026-11-23-16/lotes/lista,2026-08-25T04:08:47-03:00,http_200,,,,,,,
IMPLEMENTOS AGRÍCOLAS 2 itens,,,,leffaleiloes.com.br,"[PREFEITURA] - Máquinas, Equipamentos, Caminhonetes, Caminhões, Veículos, Sucatas, Vans - Quinze de Novembro / RS",2026-08-27,27/08/2026,4:00,RS,"Avenida Dona Etelvina, 1158 - 98230-000 - Quinze de Novembro - RS - Brasil",https://www.leffaleiloes.com.br/leilao/prefeitura-municipal-de-quinze-de-novembro-rs-29-07-2026-11-23-16/lotes/lista,https://www.leffaleiloes.com.br/leilao/lotes/implementos-agricolas,,https://www.leffaleiloes.com.br/uploads/media/documentos_leilao/0001/23/eba5d9d76a3212d0f09e99a7403422c21f053c06.pdf,"Sul Poder Executivo do Município de Quinze de Novembro Secretaria Municipal de Administração e Planejamento Rua Gonçalves Dias, nº 875, Centro, Quinze de Novembro/RS. CEP 98230-000, telefone: (54) 3322-1500 SETOR DE LICITAÇÕES MODALIDADE: LEILÃO TIPO: MAIOR LANCE 1.1. O PREFEITO MUNICIPAL DE QUINZE DE NOVEMBRO/RS, no uso de suas atribuições legais e de conformidade com a Lei Federal de Licitações, torna público para o conhecimento dos interessados, no DIA 27 DE AGOSTO DE 2026 , ÀS",https://www.leffaleiloes.com.br/leilao/prefeitura-municipal-de-quinze-de-novembro-rs-29-07-2026-11-23-16/lotes/lista,2026-08-25T04:08:47-03:00,http_200,,,,,,,
VÍDEO GAMES 2 itens,,,,leffaleiloes.com.br,"[PREFEITURA] - Máquinas, Equipamentos, Caminhonetes, Caminhões, Veículos, Sucatas, Vans - Quinze de Novembro / RS",2026-08-27,27/08/2026,4:00,RS,"Avenida Dona Etelvina, 1158 - 98230-000 - Quinze de Novembro - RS - Brasil",https://www.leffaleiloes.com.br/leilao/prefeitura-municipal-de-quinze-de-novembro-rs-29-07-2026-11-23-16/lotes/lista,https://www.leffaleiloes.com.br/leilao/lotes/video-games,,https://www.leffaleiloes.com.br/uploads/media/documentos_leilao/0001/23/eba5d9d76a3212d0f09e99a7403422c21f053c06.pdf,"Sul Poder Executivo do Município de Quinze de Novembro Secretaria Municipal de Administração e Planejamento Rua Gonçalves Dias, nº 875, Centro, Quinze de Novembro/RS. CEP 98230-000, telefone: (54) 3322-1500 SETOR DE LICITAÇÕES MODALIDADE: LEILÃO TIPO: MAIOR LANCE 1.1. O PREFEITO MUNICIPAL DE QUINZE DE NOVEMBRO/RS, no uso de suas atribuições legais e de conformidade com a Lei Federal de Licitações, torna público para o conhecimento dos interessados, no DIA 27 DE AGOSTO DE 2026 , ÀS",https://www.leffaleiloes.com.br/leilao/prefeitura-municipal-de-quinze-de-novembro-rs-29-07-2026-11-23-16/lotes/lista,2026-08-25T04:08:47-03:00,http_200,,,,,,,
EQUIPAMENTOS 1 item,,,,leffaleiloes.com.br,"[PREFEITURA] - Máquinas, Equipamentos, Caminhonetes, Caminhões, Veículos, Sucatas, Vans - Quinze de Novembro / RS",2026-08-27,27/08/2026,4:00,RS,"Avenida Dona Etelvina, 1158 - 98230-000 - Quinze de Novembro - RS - Brasil",https://www.leffaleiloes.com.br/leilao/prefeitura-municipal-de-quinze-de-novembro-rs-29-07-2026-11-23-16/lotes/lista,https://www.leffaleiloes.com.br/leilao/lotes/equipamentos,,https://www.leffaleiloes.com.br/uploads/media/documentos_leilao/0001/23/eba5d9d76a3212d0f09e99a7403422c21f053c06.pdf,"Sul Poder Executivo do Município de Quinze de Novembro Secretaria Municipal de Administração e Planejamento Rua Gonçalves Dias, nº 875, Centro, Quinze de Novembro/RS. CEP 98230-000, telefone: (54) 3322-1500 SETOR DE LICITAÇÕES MODALIDADE: LEILÃO TIPO: MAIOR LANCE 1.1. O PREFEITO MUNICIPAL DE QUINZE DE NOVEMBRO/RS, no uso de suas atribuições legais e de conformidade com a Lei Federal de Licitações, torna público para o conhecimento dos interessados, no DIA 27 DE AGOSTO DE 2026 , ÀS",https://www.leffaleiloes.com.br/leilao/prefeitura-municipal-de-quinze-de-novembro-rs-29-07-2026-11-23-16/lotes/lista,2026-08-25T04:08:47-03:00,http_200,,,,,,,
SUCATAS 1 item,,,,leffaleiloes.com.br,"[PREFEITURA] - Máquinas, Equipamentos, Caminhonetes, Caminhões, Veículos, Sucatas, Vans - Quinze de Novembro / RS",2026-08-27,27/08/2026,4:00,RS,"Avenida Dona Etelvina, 1158 - 98230-000 - Quinze de Novembro - RS - Brasil",https://www.leffaleiloes.com.br/leilao/prefeitura-municipal-de-quinze-de-novembro-rs-29-07-2026-11-23-16/lotes/lista,https://www.leffaleiloes.com.br/leilao/lotes/sucatas,,https://www.leffaleiloes.com.br/uploads/media/documentos_leilao/0001/23/eba5d9d76a3212d0f09e99a7403422c21f053c06.pdf,"Sul Poder Executivo do Município de Quinze de Novembro Secretaria Municipal de Administração e Planejamento Rua Gonçalves Dias, nº 875, Centro, Quinze de Novembro/RS. CEP 98230-000, telefone: (54) 3322-1500 SETOR DE LICITAÇÕES MODALIDADE: LEILÃO TIPO: MAIOR LANCE 1.1. O PREFEITO MUNICIPAL DE QUINZE DE NOVEMBRO/RS, no uso de suas atribuições legais e de conformidade com a Lei Federal de Licitações, torna público para o conhecimento dos interessados, no DIA 27 DE AGOSTO DE 2026 , ÀS",https://www.leffaleiloes.com.br/leilao/prefeitura-municipal-de-quinze-de-novembro-rs-29-07-2026-11-23-16/lotes/lista,2026-08-25T04:08:47-03:00,http_200,,,,,,,
ANIMAIS 0 itens,,,,leffaleiloes.com.br,"[PREFEITURA] - Máquinas, Equipamentos, Caminhonetes, Caminhões, Veículos, Sucatas, Vans - Quinze de Novembro / RS",2026-08-27,27/08/2026,4:00,RS,"Avenida Dona Etelvina, 1158 - 98230-000 - Quinze de Novembro - RS - Brasil",https://www.leffaleiloes.com.br/leilao/prefeitura-municipal-de-quinze-de-novembro-rs-29-07-2026-11-23-16/lotes/lista,https://www.leffaleiloes.com.br/leilao/lotes/animais,,https://www.leffaleiloes.com.br/uploads/media/documentos_leilao/0001/23/eba5d9d76a3212d0f09e99a7403422c21f053c06.pdf,"Sul Poder Executivo do Município de Quinze de Novembro Secretaria Municipal de Administração e Planejamento Rua Gonçalves Dias, nº 875, Centro, Quinze de Novembro/RS. CEP 98230-000, telefone: (54) 3322-1500 SETOR DE LICITAÇÕES MODALIDADE: LEILÃO TIPO: MAIOR LANCE 1.1. O PREFEITO MUNICIPAL DE QUINZE DE NOVEMBRO/RS, no uso de suas atribuições legais e de conformidade com a Lei Federal de Licitações, torna público para o conhecimento dos interessados, no DIA 27 DE AGOSTO DE 2026 , ÀS",https://www.leffaleiloes.com.br/leilao/prefeitura-municipal-de-quinze-de-novembro-rs-29-07-2026-11-23-16/lotes/lista,2026-08-25T04:08:47-03:00,http_200,,,,,,,
DIVERSOS 0 itens,,,,leffaleiloes.com.br,"[PREFEITURA] - Máquinas, Equipamentos, Caminhonetes, Caminhões, Veículos, Sucatas, Vans - Quinze de Novembro / RS",2026-08-27,27/08/2026,4:00,RS,"Avenida Dona Etelvina, 1158 - 98230-000 - Quinze de Novembro - RS - Brasil",https://www.leffaleiloes.com.br/leilao/prefeitura-municipal-de-quinze-de-novembro-rs-29-07-2026-11-23-16/lotes/lista,https://www.leffaleiloes.com.br/leilao/lotes/diversos,,https://www.leffaleiloes.com.br/uploads/media/documentos_leilao/0001/23/eba5d9d76a3212d0f09e99a7403422c21f053c06.pdf,"Sul Poder Executivo do Município de Quinze de Novembro Secretaria Municipal de Administração e Planejamento Rua Gonçalves Dias, nº 875, Centro, Quinze de Novembro/RS. CEP 98230-000, telefone: (54) 3322-1500 SETOR DE LICITAÇÕES MODALIDADE: LEILÃO TIPO: MAIOR LANCE 1.1. O PREFEITO MUNICIPAL DE QUINZE DE NOVEMBRO/RS, no uso de suas atribuições legais e de conformidade com a Lei Federal de Licitações, torna público para o conhecimento dos interessados, no DIA 27 DE AGOSTO DE 2026 , ÀS",https://www.leffaleiloes.com.br/leilao/prefeitura-municipal-de-quinze-de-novembro-rs-29-07-2026-11-23-16/lotes/lista,2026-08-25T04:08:47-03:00,http_200,,,,,,,
ELETRÔNICOS 0 itens,,,,leffaleiloes.com.br,"[PREFEITURA] - Máquinas, Equipamentos, Caminhonetes, Caminhões, Veículos, Sucatas, Vans - Quinze de Novembro / RS",2026-08-27,27/08/2026,4:00,RS,"Avenida Dona Etelvina, 1158 - 98230-000 - Quinze de Novembro - RS - Brasil",https://www.leffaleiloes.com.br/leilao/prefeitura-municipal-de-quinze-de-novembro-rs-29-07-2026-11-23-16/lotes/lista,https://www.leffaleiloes.com.br/leilao/lotes/eletronicos,,https://www.leffaleiloes.com.br/uploads/media/documentos_leilao/0001/23/eba5d9d76a3212d0f09e99a7403422c21f053c06.pdf,"Sul Poder Executivo do Município de Quinze de Novembro Secretaria Municipal de Administração e Planejamento Rua Gonçalves Dias, nº 875, Centro, Quinze de Novembro/RS. CEP 98230-000, telefone: (54) 3322-1500 SETOR DE LICITAÇÕES MODALIDADE: LEILÃO TIPO: MAIOR LANCE 1.1. O PREFEITO MUNICIPAL DE QUINZE DE NOVEMBRO/RS, no uso de suas atribuições legais e de conformidade com a Lei Federal de Licitações, torna público para o conhecimento dos interessados, no DIA 27 DE AGOSTO DE 2026 , ÀS",https://www.leffaleiloes.com.br/leilao/prefeitura-municipal-de-quinze-de-novembro-rs-29-07-2026-11-23-16/lotes/lista,2026-08-25T04:08:47-03:00,http_200,,,,,,,
EQUIPAMENTOS MILITARES 0 itens,,,,leffaleiloes.com.br,"[PREFEITURA] - Máquinas, Equipamentos, Caminhonetes, Caminhões, Veículos, Sucatas, Vans - Quinze de Novembro / RS",2026-08-27,27/08/2026,4:00,RS,"Avenida Dona Etelvina, 1158 - 98230-000 - Quinze de Novembro - RS - Brasil",https://www.leffaleiloes.com.br/leilao/prefeitura-municipal-de-quinze-de-novembro-rs-29-07-2026-11-23-16/lotes/lista,https://www.leffaleiloes.com.br/leilao/lotes/equipamentos-militares,,https://www.leffaleiloes.com.br/uploads/media/documentos_leilao/0001/23/eba5d9d76a3212d0f09e99a7403422c21f053c06.pdf,"Sul Poder Executivo do Município de Quinze de Novembro Secretaria Municipal de Administração e Planejamento Rua Gonçalves Dias, nº 875, Centro, Quinze de Novembro/RS. CEP 98230-000, telefone: (54) 3322-1500 SETOR DE LICITAÇÕES MODALIDADE: LEILÃO TIPO: MAIOR LANCE 1.1. O PREFEITO MUNICIPAL DE QUINZE DE NOVEMBRO/RS, no uso de suas atribuições legais e de conformidade com a Lei Federal de Licitações, torna público para o conhecimento dos interessados, no DIA 27 DE AGOSTO DE 2026 , ÀS",https://www.leffaleiloes.com.br/leilao/prefeitura-municipal-de-quinze-de-novembro-rs-29-07-2026-11-23-16/lotes/lista,2026-08-25T04:08:47-03:00,http_200,,,,,,,
INFORMÁTICA 0 itens,,,,leffaleiloes.com.br,"[PREFEITURA] - Máquinas, Equipamentos, Caminhonetes, Caminhões, Veículos, Sucatas, Vans - Quinze de Novembro / RS",2026-08-27,27/08/2026,4:00,RS,"Avenida Dona Etelvina, 1158 - 98230-000 - Quinze de Novembro - RS - Brasil",https://www.leffaleiloes.com.br/leilao/prefeitura-municipal-de-quinze-de-novembro-rs-29-07-2026-11-23-16/lotes/lista,https://www.leffaleiloes.com.br/leilao/lotes/informatica,,https://www.leffaleiloes.com.br/uploads/media/documentos_leilao/0001/23/eba5d9d76a3212d0f09e99a7403422c21f053c06.pdf,"Sul Poder Executivo do Município de Quinze de Novembro Secretaria Municipal de Administração e Planejamento Rua Gonçalves Dias, nº 875, Centro, Quinze de Novembro/RS. CEP 98230-000, telefone: (54) 3322-1500 SETOR DE LICITAÇÕES MODALIDADE: LEILÃO TIPO: MAIOR LANCE 1.1. O PREFEITO MUNICIPAL DE QUINZE DE NOVEMBRO/RS, no uso de suas atribuições legais e de conformidade com a Lei Federal de Licitações, torna público para o conhecimento dos interessados, no DIA 27 DE AGOSTO DE 2026 , ÀS",https://www.leffaleiloes.com.br/leilao/prefeitura-municipal-de-quinze-de-novembro-rs-29-07-2026-11-23-16/lotes/lista,2026-08-25T04:08:47-03:00,http_200,,,,,,,
INSTRUMENTOS MUSICAIS 0 itens,,,,leffaleiloes.com.br,"[PREFEITURA] - Máquinas, Equipamentos, Caminhonetes, Caminhões, Veículos, Sucatas, Vans - Quinze de Novembro / RS",2026-08-27,27/08/2026,4:00,RS,"Avenida Dona Etelvina, 1158 - 98230-000 - Quinze de Novembro - RS - Brasil",https://www.leffaleiloes.com.br/leilao/prefeitura-municipal-de-quinze-de-novembro-rs-29-07-2026-11-23-16/lotes/lista,https://www.leffaleiloes.com.br/leilao/lotes/instrumentos-musicais,,https://www.leffaleiloes.com.br/uploads/media/documentos_leilao/0001/23/eba5d9d76a3212d0f09e99a7403422c21f053c06.pdf,"Sul Poder Executivo do Município de Quinze de Novembro Secretaria Municipal de Administração e Planejamento Rua Gonçalves Dias, nº 875, Centro, Quinze de Novembro/RS. CEP 98230-000, telefone: (54) 3322-1500 SETOR DE LICITAÇÕES MODALIDADE: LEILÃO TIPO: MAIOR LANCE 1.1. O PREFEITO MUNICIPAL DE QUINZE DE NOVEMBRO/RS, no uso de suas atribuições legais e de conformidade com a Lei Federal de Licitações, torna público para o conhecimento dos interessados, no DIA 27 DE AGOSTO DE 2026 , ÀS",https://www.leffaleiloes.com.br/leilao/prefeitura-municipal-de-quinze-de-novembro-rs-29-07-2026-11-23-16/lotes/lista,2026-08-25T04:08:47-03:00,http_200,,,,,,,
MÓVEIS 0 itens,,,,leffaleiloes.com.br,"[PREFEITURA] - Máquinas, Equipamentos, Caminhonetes, Caminhões, Veículos, Sucatas, Vans - Quinze de Novembro / RS",2026-08-27,27/08/2026,4:00,RS,"Avenida Dona Etelvina, 1158 - 98230-000 - Quinze de Novembro - RS - Brasil",https://www.leffaleiloes.com.br/leilao/prefeitura-municipal-de-quinze-de-novembro-rs-29-07-2026-11-23-16/lotes/lista,https://www.leffaleiloes.com.br/leilao/lotes/moveis,,https://www.leffaleiloes.com.br/uploads/media/documentos_leilao/0001/23/eba5d9d76a3212d0f09e99a7403422c21f053c06.pdf,"Sul Poder Executivo do Município de Quinze de Novembro Secretaria Municipal de Administração e Planejamento Rua Gonçalves Dias, nº 875, Centro, Quinze de Novembro/RS. CEP 98230-000, telefone: (54) 3322-1500 SETOR DE LICITAÇÕES MODALIDADE: LEILÃO TIPO: MAIOR LANCE 1.1. O PREFEITO MUNICIPAL DE QUINZE DE NOVEMBRO/RS, no uso de suas atribuições legais e de conformidade com a Lei Federal de Licitações, torna público para o conhecimento dos interessados, no DIA 27 DE AGOSTO DE 2026 , ÀS",https://www.leffaleiloes.com.br/leilao/prefeitura-municipal-de-quinze-de-novembro-rs-29-07-2026-11-23-16/lotes/lista,2026-08-25T04:08:47-03:00,http_200,,,,,,,
TÊXTEIS 0 itens,,,,leffaleiloes.com.br,"[PREFEITURA] - Máquinas, Equipamentos, Caminhonetes, Caminhões, Veículos, Sucatas, Vans - Quinze de Novembro / RS",2026-08-27,27/08/2026,4:00,RS,"Avenida Dona Etelvina, 1158 - 98230-000 - Quinze de Novembro - RS - Brasil",https://www.leffaleiloes.com.br/leilao/prefeitura-municipal-de-quinze-de-novembro-rs-29-07-2026-11-23-16/lotes/lista,https://www.leffaleiloes.com.br/leilao/lotes/texteis,,https://www.leffaleiloes.com.br/uploads/media/documentos_leilao/0001/23/eba5d9d76a3212d0f09e99a7403422c21f053c06.pdf,"Sul Poder Executivo do Município de Quinze de Novembro Secretaria Municipal de Administração e Planejamento Rua Gonçalves Dias, nº 875, Centro, Quinze de Novembro/RS. CEP 98230-000, telefone: (54) 3322-1500 SETOR DE LICITAÇÕES MODALIDADE: LEILÃO TIPO: MAIOR LANCE 1.1. O PREFEITO MUNICIPAL DE QUINZE DE NOVEMBRO/RS, no uso de suas atribuições legais e de conformidade com a Lei Federal de Licitações, torna público para o conhecimento dos interessados, no DIA 27 DE AGOSTO DE 2026 , ÀS",https://www.leffaleiloes.com.br/leilao/prefeitura-municipal-de-quinze-de-novembro-rs-29-07-2026-11-23-16/lotes/lista,2026-08-25T04:08:47-03:00,http_200,,,,,,,
LISTA,,,,leffaleiloes.com.br,"[PREFEITURA] - Máquinas, Equipamentos, Caminhonetes, Caminhões, Veículos, Sucatas, Vans - Quinze de Novembro / RS",2026-08-27,27/08/2026,4:00,RS,"Avenida Dona Etelvina, 1158 - 98230-000 - Quinze de Novembro - RS - Brasil",https://www.leffaleiloes.com.br/leilao/prefeitura-municipal-de-quinze-de-novembro-rs-29-07-2026-11-23-16/lotes/lista,https://www.leffaleiloes.com.br/leilao/prefeitura-municipal-de-quinze-de-novembro-rs-29-07-2026-11-23-16/lotes/lista,,https://www.leffaleiloes.com.br/uploads/media/documentos_leilao/0001/23/eba5d9d76a3212d0f09e99a7403422c21f053c06.pdf,"Sul Poder Executivo do Município de Quinze de Novembro Secretaria Municipal de Administração e Planejamento Rua Gonçalves Dias, nº 875, Centro, Quinze de Novembro/RS. CEP 98230-000, telefone: (54) 3322-1500 SETOR DE LICITAÇÕES MODALIDADE: LEILÃO TIPO: MAIOR LANCE 1.1. O PREFEITO MUNICIPAL DE QUINZE DE NOVEMBRO/RS, no uso de suas atribuições legais e de conformidade com a Lei Federal de Licitações, torna público para o conhecimento dos interessados, no DIA 27 DE AGOSTO DE 2026 , ÀS",https://www.leffaleiloes.com.br/leilao/prefeitura-municipal-de-quinze-de-novembro-rs-29-07-2026-11-23-16/lotes/lista,2026-08-25T04:08:47-03:00,http_200,,,,,,,
"$(document).ready(function(){ $(""#carousel7254_front .carousel-item:first"").addClass(""active""); $(""#carousel7254_front .carousel-indicators li:first"").addClass(""active""); }); LOTE 001 - RETROESCAVADEIRA RANDON RK 406 4X4 LOTE 001 - RETROESC",,,001,leffaleiloes.com.br,"[PREFEITURA] - Máquinas, Equipamentos, Caminhonetes, Caminhões, Veículos, Sucatas, Vans - Quinze de Novembro / RS",2026-08-27,27/08/2026,4:00,RS,"Avenida Dona Etelvina, 1158 - 98230-000 - Quinze de Novembro - RS - Brasil",https://www.leffaleiloes.com.br/leilao/prefeitura-municipal-de-quinze-de-novembro-rs-29-07-2026-11-23-16/lotes/lista,https://www.leffaleiloes.com.br/leilao/prefeitura-municipal-de-quinze-de-novembro-rs-29-07-2026-11-23-16/lote_id/7254,https://www.leffaleiloes.com.br/media/cache/big/uploads/media/default/0001/23/2bfb5dc8ed427de9b0166ceae41774a46b176e6c.jpg,https://www.leffaleiloes.com.br/uploads/media/documentos_leilao/0001/23/eba5d9d76a3212d0f09e99a7403422c21f053c06.pdf,"Sul Poder Executivo do Município de Quinze de Novembro Secretaria Municipal de Administração e Planejamento Rua Gonçalves Dias, nº 875, Centro, Quinze de Novembro/RS. CEP 98230-000, telefone: (54) 3322-1500 SETOR DE LICITAÇÕES MODALIDADE: LEILÃO TIPO: MAIOR LANCE 1.1. O PREFEITO MUNICIPAL DE QUINZE DE NOVEMBRO/RS, no uso de suas atribuições legais e de conformidade com a Lei Federal de Licitações, torna público para o conhecimento dos interessados, no DIA 27 DE AGOSTO DE 2026 , ÀS",https://www.leffaleiloes.com.br/leilao/prefeitura-municipal-de-quinze-de-novembro-rs-29-07-2026-11-23-16/lotes/lista,2026-08-25T04:08:47-03:00,http_200,,,,,,,
DETALHES,,,,leffaleiloes.com.br,"[PREFEITURA] - Máquinas, Equipamentos, Caminhonetes, Caminhões, Veículos, Sucatas, Vans - Quinze de Novembro / RS",2026-08-27,27/08/2026,4:00,RS,"Avenida Dona Etelvina, 1158 - 98230-000 - Quinze de Novembro - RS - Brasil",https://www.leffaleiloes.com.br/leilao/prefeitura-municipal-de-quinze-de-novembro-rs-29-07-2026-11-23-16/lotes/lista,https://www.leffaleiloes.com.br/leilao/prefeitura-municipal-de-quinze-de-novembro-rs-29-07-2026-11-23-16/lote_id/7254,https://www.leffaleiloes.com.br/media/cache/big/uploads/media/default/0001/23/2bfb5dc8ed427de9b0166ceae41774a46b176e6c.jpg,https://www.leffaleiloes.com.br/uploads/media/documentos_leilao/0001/23/eba5d9d76a3212d0f09e99a7403422c21f053c06.pdf,"Sul Poder Executivo do Município de Quinze de Novembro Secretaria Municipal de Administração e Planejamento Rua Gonçalves Dias, nº 875, Centro, Quinze de Novembro/RS. CEP 98230-000, telefone: (54) 3322-1500 SETOR DE LICITAÇÕES MODALIDADE: LEILÃO TIPO: MAIOR LANCE 1.1. O PREFEITO MUNICIPAL DE QUINZE DE NOVEMBRO/RS, no uso de suas atribuições legais e de conformidade com a Lei Federal de Licitações, torna público para o conhecimento dos interessados, no DIA 27 DE AGOSTO DE 2026 , ÀS",https://www.leffaleiloes.com.br/leilao/prefeitura-municipal-de-quinze-de-novembro-rs-29-07-2026-11-23-16/lotes/lista,2026-08-25T04:08:47-03:00,http_200,,,,,,,
"$(document).ready(function(){ $(""#carousel7255_front .carousel-item:first"").addClass(""active""); $(""#carousel7255_front .carousel-indicators li:first"").addClass(""active""); }); LOTE 002 - RETROESCAVADEIRA RANDON RD 406 4X4 LOTE 002 - RETROESC",,,002,leffaleiloes.com.br,"[PREFEITURA] - Máquinas, Equipamentos, Caminhonetes, Caminhões, Veículos, Sucatas, Vans - Quinze de Novembro / RS",2026-08-27,27/08/2026,4:00,RS,"Avenida Dona Etelvina, 1158 - 98230-000 - Quinze de Novembro - RS - Brasil",https://www.leffaleiloes.com.br/leilao/prefeitura-municipal-de-quinze-de-novembro-rs-29-07-2026-11-23-16/lotes/lista,https://www.leffaleiloes.com.br/leilao/prefeitura-municipal-de-quinze-de-novembro-rs-29-07-2026-11-23-16/lote_id/7255,https://www.leffaleiloes.com.br/media/cache/big/uploads/media/default/0001/23/76214d26fd984fb05249b3e46061a8ef78db9c8f.jpg,https://www.leffaleiloes.com.br/uploads/media/documentos_leilao/0001/23/eba5d9d76a3212d0f09e99a7403422c21f053c06.pdf,"Sul Poder Executivo do Município de Quinze de Novembro Secretaria Municipal de Administração e Planejamento Rua Gonçalves Dias, nº 875, Centro, Quinze de Novembro/RS. CEP 98230-000, telefone: (54) 3322-1500 SETOR DE LICITAÇÕES MODALIDADE: LEILÃO TIPO: MAIOR LANCE 1.1. O PREFEITO MUNICIPAL DE QUINZE DE NOVEMBRO/RS, no uso de suas atribuições legais e de conformidade com a Lei Federal de Licitações, torna público para o conhecimento dos interessados, no DIA 27 DE AGOSTO DE 2026 , ÀS",https://www.leffaleiloes.com.br/leilao/prefeitura-municipal-de-quinze-de-novembro-rs-29-07-2026-11-23-16/lotes/lista,2026-08-25T04:08:47-03:00,http_200,,,,,,,
DETALHES,,,,leffaleiloes.com.br,"[PREFEITURA] - Máquinas, Equipamentos, Caminhonetes, Caminhões, Veículos, Sucatas, Vans - Quinze de Novembro / RS",2026-08-27,27/08/2026,4:00,RS,"Avenida Dona Etelvina, 1158 - 98230-000 - Quinze de Novembro - RS - Brasil",https://www.leffaleiloes.com.br/leilao/prefeitura-municipal-de-quinze-de-novembro-rs-29-07-2026-11-23-16/lotes/lista,https://www.leffaleiloes.com.br/leilao/prefeitura-municipal-de-quinze-de-novembro-rs-29-07-2026-11-23-16/lote_id/7255,https://www.leffaleiloes.com.br/media/cache/big/uploads/media/default/0001/23/76214d26fd984fb05249b3e46061a8ef78db9c8f.jpg,https://www.leffaleiloes.com.br/uploads/media/documentos_leilao/0001/23/eba5d9d76a3212d0f09e99a7403422c21f053c06.pdf,"Sul Poder Executivo do Município de Quinze de Novembro Secretaria Municipal de Administração e Planejamento Rua Gonçalves Dias, nº 875, Centro, Quinze de Novembro/RS. CEP 98230-000, telefone: (54) 3322-1500 SETOR DE LICITAÇÕES MODALIDADE: LEILÃO TIPO: MAIOR LANCE 1.1. O PREFEITO MUNICIPAL DE QUINZE DE NOVEMBRO/RS, no uso de suas atribuições legais e de conformidade com a Lei Federal de Licitações, torna público para o conhecimento dos interessados, no DIA 27 DE AGOSTO DE 2026 , ÀS",https://www.leffaleiloes.com.br/leilao/prefeitura-municipal-de-quinze-de-novembro-rs-29-07-2026-11-23-16/lotes/lista,2026-08-25T04:08:47-03:00,http_200,,,,,,,
"$(document).ready(function(){ $(""#carousel7256_front .carousel-item:first"").addClass(""active""); $(""#carousel7256_front .carousel-indicators li:first"").addClass(""active""); }); LOTE 003 - ESCAVADEIRA HIDRÁULICA LIUGONG LOTE 003 - ESCAVADEIRA ",,,003,leffaleiloes.com.br,"[PREFEITURA] - Máquinas, Equipamentos, Caminhonetes, Caminhões, Veículos, Sucatas, Vans - Quinze de Novembro / RS",2026-08-27,27/08/2026,4:00,RS,"Avenida Dona Etelvina, 1158 - 98230-000 - Quinze de Novembro - RS - Brasil",https://www.leffaleiloes.com.br/leilao/prefeitura-municipal-de-quinze-de-novembro-rs-29-07-2026-11-23-16/lotes/lista,https://www.leffaleiloes.com.br/leilao/prefeitura-municipal-de-quinze-de-novembro-rs-29-07-2026-11-23-16/lote_id/7256,https://www.leffaleiloes.com.br/media/cache/big/uploads/media/default/0001/23/3feaa3ffb27001dce96c4c6c71e2e47fae38886a.jpg,https://www.leffaleiloes.com.br/uploads/media/documentos_leilao/0001/23/eba5d9d76a3212d0f09e99a7403422c21f053c06.pdf,"Sul Poder Executivo do Município de Quinze de Novembro Secretaria Municipal de Administração e Planejamento Rua Gonçalves Dias, nº 875, Centro, Quinze de Novembro/RS. CEP 98230-000, telefone: (54) 3322-1500 SETOR DE LICITAÇÕES MODALIDADE: LEILÃO TIPO: MAIOR LANCE 1.1. O PREFEITO MUNICIPAL DE QUINZE DE NOVEMBRO/RS, no uso de suas atribuições legais e de conformidade com a Lei Federal de Licitações, torna público para o conhecimento dos interessados, no DIA 27 DE AGOSTO DE 2026 , ÀS",https://www.leffaleiloes.com.br/leilao/prefeitura-municipal-de-quinze-de-novembro-rs-29-07-2026-11-23-16/lotes/lista,2026-08-25T04:08:47-03:00,http_200,,,,,,,
DETALHES,,,,leffaleiloes.com.br,"[PREFEITURA] - Máquinas, Equipamentos, Caminhonetes, Caminhões, Veículos, Sucatas, Vans - Quinze de Novembro / RS",2026-08-27,27/08/2026,4:00,RS,"Avenida Dona Etelvina, 1158 - 98230-000 - Quinze de Novembro - RS - Brasil",https://www.leffaleiloes.com.br/leilao/prefeitura-municipal-de-quinze-de-novembro-rs-29-07-2026-11-23-16/lotes/lista,https://www.leffaleiloes.com.br/leilao/prefeitura-municipal-de-quinze-de-novembro-rs-29-07-2026-11-23-16/lote_id/7256,https://www.leffaleiloes.com.br/media/cache/big/uploads/media/default/0001/23/3feaa3ffb27001dce96c4c6c71e2e47fae38886a.jpg,https://www.leffaleiloes.com.br/uploads/media/documentos_leilao/0001/23/eba5d9d76a3212d0f09e99a7403422c21f053c06.pdf,"Sul Poder Executivo do Município de Quinze de Novembro Secretaria Municipal de Administração e Planejamento Rua Gonçalves Dias, nº 875, Centro, Quinze de Novembro/RS. CEP 98230-000, telefone: (54) 3322-1500 SETOR DE LICITAÇÕES MODALIDADE: LEILÃO TIPO: MAIOR LANCE 1.1. O PREFEITO MUNICIPAL DE QUINZE DE NOVEMBRO/RS, no uso de suas atribuições legais e de conformidade com a Lei Federal de Licitações, torna público para o conhecimento dos interessados, no DIA 27 DE AGOSTO DE 2026 , ÀS",https://www.leffaleiloes.com.br/leilao/prefeitura-municipal-de-quinze-de-novembro-rs-29-07-2026-11-23-16/lotes/lista,2026-08-25T04:08:47-03:00,http_200,,,,,,,
"$(document).ready(function(){ $(""#carousel7257_front .carousel-item:first"").addClass(""active""); $(""#carousel7257_front .carousel-indicators li:first"").addClass(""active""); }); LOTE 004 - DISTRIBUIDOR DE CALCÁRIO E ADUBO IAC 500 KG LOTE 004 -",,,004,leffaleiloes.com.br,"[PREFEITURA] - Máquinas, Equipamentos, Caminhonetes, Caminhões, Veículos, Sucatas, Vans - Quinze de Novembro / RS",2026-08-27,27/08/2026,4:00,RS,"Avenida Dona Etelvina, 1158 - 98230-000 - Quinze de Novembro - RS - Brasil",https://www.leffaleiloes.com.br/leilao/prefeitura-municipal-de-quinze-de-novembro-rs-29-07-2026-11-23-16/lotes/lista,https://www.leffaleiloes.com.br/leilao/prefeitura-municipal-de-quinze-de-novembro-rs-29-07-2026-11-23-16/lote_id/7257,https://www.leffaleiloes.com.br/media/cache/big/uploads/media/default/0001/23/4021529a47921e490067a3951ee7a93692df2362.jpg,https://www.leffaleiloes.com.br/uploads/media/documentos_leilao/0001/23/eba5d9d76a3212d0f09e99a7403422c21f053c06.pdf,"Sul Poder Executivo do Município de Quinze de Novembro Secretaria Municipal de Administração e Planejamento Rua Gonçalves Dias, nº 875, Centro, Quinze de Novembro/RS. CEP 98230-000, telefone: (54) 3322-1500 SETOR DE LICITAÇÕES MODALIDADE: LEILÃO TIPO: MAIOR LANCE 1.1. O PREFEITO MUNICIPAL DE QUINZE DE NOVEMBRO/RS, no uso de suas atribuições legais e de conformidade com a Lei Federal de Licitações, torna público para o conhecimento dos interessados, no DIA 27 DE AGOSTO DE 2026 , ÀS",https://www.leffaleiloes.com.br/leilao/prefeitura-municipal-de-quinze-de-novembro-rs-29-07-2026-11-23-16/lotes/lista,2026-08-25T04:08:47-03:00,http_200,,,,,,,
DETALHES,,,,leffaleiloes.com.br,"[PREFEITURA] - Máquinas, Equipamentos, Caminhonetes, Caminhões, Veículos, Sucatas, Vans - Quinze de Novembro / RS",2026-08-27,27/08/2026,4:00,RS,"Avenida Dona Etelvina, 1158 - 98230-000 - Quinze de Novembro - RS - Brasil",https://www.leffaleiloes.com.br/leilao/prefeitura-municipal-de-quinze-de-novembro-rs-29-07-2026-11-23-16/lotes/lista,https://www.leffaleiloes.com.br/leilao/prefeitura-municipal-de-quinze-de-novembro-rs-29-07-2026-11-23-16/lote_id/7257,https://www.leffaleiloes.com.br/media/cache/big/uploads/media/default/0001/23/4021529a47921e490067a3951ee7a93692df2362.jpg,https://www.leffaleiloes.com.br/uploads/media/documentos_leilao/0001/23/eba5d9d76a3212d0f09e99a7403422c21f053c06.pdf,"Sul Poder Executivo do Município de Quinze de Novembro Secretaria Municipal de Administração e Planejamento Rua Gonçalves Dias, nº 875, Centro, Quinze de Novembro/RS. CEP 98230-000, telefone: (54) 3322-1500 SETOR DE LICITAÇÕES MODALIDADE: LEILÃO TIPO: MAIOR LANCE 1.1. O PREFEITO MUNICIPAL DE QUINZE DE NOVEMBRO/RS, no uso de suas atribuições legais e de conformidade com a Lei Federal de Licitações, torna público para o conhecimento dos interessados, no DIA 27 DE AGOSTO DE 2026 , ÀS",https://www.leffaleiloes.com.br/leilao/prefeitura-municipal-de-quinze-de-novembro-rs-29-07-2026-11-23-16/lotes/lista,2026-08-25T04:08:47-03:00,http_200,,,,,,,
"$(document).ready(function(){ $(""#carousel7258_front .carousel-item:first"").addClass(""active""); $(""#carousel7258_front .carousel-indicators li:first"").addClass(""active""); }); LOTE 005 - GUINCHO HIDRÁULICO VENCE TUDO GHA 1.200 LOTE 005 - GUI",,,005,leffaleiloes.com.br,"[PREFEITURA] - Máquinas, Equipamentos, Caminhonetes, Caminhões, Veículos, Sucatas, Vans - Quinze de Novembro / RS",2026-08-27,27/08/2026,4:00,RS,"Avenida Dona Etelvina, 1158 - 98230-000 - Quinze de Novembro - RS - Brasil",https://www.leffaleiloes.com.br/leilao/prefeitura-municipal-de-quinze-de-novembro-rs-29-07-2026-11-23-16/lotes/lista,https://www.leffaleiloes.com.br/leilao/prefeitura-municipal-de-quinze-de-novembro-rs-29-07-2026-11-23-16/lote_id/7258,https://www.leffaleiloes.com.br/media/cache/big/uploads/media/default/0001/23/1f56efdcf90a12e4610cae11b04c75a0519412e9.jpg,https://www.leffaleiloes.com.br/uploads/media/documentos_leilao/0001/23/eba5d9d76a3212d0f09e99a7403422c21f053c06.pdf,"Sul Poder Executivo do Município de Quinze de Novembro Secretaria Municipal de Administração e Planejamento Rua Gonçalves Dias, nº 875, Centro, Quinze de Novembro/RS. CEP 98230-000, telefone: (54) 3322-1500 SETOR DE LICITAÇÕES MODALIDADE: LEILÃO TIPO: MAIOR LANCE 1.1. O PREFEITO MUNICIPAL DE QUINZE DE NOVEMBRO/RS, no uso de suas atribuições legais e de conformidade com a Lei Federal de Licitações, torna público para o conhecimento dos interessados, no DIA 27 DE AGOSTO DE 2026 , ÀS",https://www.leffaleiloes.com.br/leilao/prefeitura-municipal-de-quinze-de-novembro-rs-29-07-2026-11-23-16/lotes/lista,2026-08-25T04:08:47-03:00,http_200,,,,,,,
DETALHES,,,,leffaleiloes.com.br,"[PREFEITURA] - Máquinas, Equipamentos, Caminhonetes, Caminhões, Veículos, Sucatas, Vans - Quinze de Novembro / RS",2026-08-27,27/08/2026,4:00,RS,"Avenida Dona Etelvina, 1158 - 98230-000 - Quinze de Novembro - RS - Brasil",https://www.leffaleiloes.com.br/leilao/prefeitura-municipal-de-quinze-de-novembro-rs-29-07-2026-11-23-16/lotes/lista,https://www.leffaleiloes.com.br/leilao/prefeitura-municipal-de-quinze-de-novembro-rs-29-07-2026-11-23-16/lote_id/7258,https://www.leffaleiloes.com.br/media/cache/big/uploads/media/default/0001/23/1f56efdcf90a12e4610cae11b04c75a0519412e9.jpg,https://www.leffaleiloes.com.br/uploads/media/documentos_leilao/0001/23/eba5d9d76a3212d0f09e99a7403422c21f053c06.pdf,"Sul Poder Executivo do Município de Quinze de Novembro Secretaria Municipal de Administração e Planejamento Rua Gonçalves Dias, nº 875, Centro, Quinze de Novembro/RS. CEP 98230-000, telefone: (54) 3322-1500 SETOR DE LICITAÇÕES MODALIDADE: LEILÃO TIPO: MAIOR LANCE 1.1. O PREFEITO MUNICIPAL DE QUINZE DE NOVEMBRO/RS, no uso de suas atribuições legais e de conformidade com a Lei Federal de Licitações, torna público para o conhecimento dos interessados, no DIA 27 DE AGOSTO DE 2026 , ÀS",https://www.leffaleiloes.com.br/leilao/prefeitura-municipal-de-quinze-de-novembro-rs-29-07-2026-11-23-16/lotes/lista,2026-08-25T04:08:47-03:00,http_200,,,,,,,
"$(document).ready(function(){ $(""#carousel7259_front .carousel-item:first"").addClass(""active""); $(""#carousel7259_front .carousel-indicators li:first"").addClass(""active""); }); LOTE 006 - ROLO COMPACTADOR LOTE 006 - ROLO COMPACTADOR LOTE 006 ",,,006,leffaleiloes.com.br,"[PREFEITURA] - Máquinas, Equipamentos, Caminhonetes, Caminhões, Veículos, Sucatas, Vans - Quinze de Novembro / RS",2026-08-27,27/08/2026,4:00,RS,"Avenida Dona Etelvina, 1158 - 98230-000 - Quinze de Novembro - RS - Brasil",https://www.leffaleiloes.com.br/leilao/prefeitura-municipal-de-quinze-de-novembro-rs-29-07-2026-11-23-16/lotes/lista,https://www.leffaleiloes.com.br/leilao/prefeitura-municipal-de-quinze-de-novembro-rs-29-07-2026-11-23-16/lote_id/7259,https://www.leffaleiloes.com.br/media/cache/big/uploads/media/default/0001/23/b1735bd704b4afdcc75b47dd600fc76fafd00333.jpg,https://www.leffaleiloes.com.br/uploads/media/documentos_leilao/0001/23/eba5d9d76a3212d0f09e99a7403422c21f053c06.pdf,"Sul Poder Executivo do Município de Quinze de Novembro Secretaria Municipal de Administração e Planejamento Rua Gonçalves Dias, nº 875, Centro, Quinze de Novembro/RS. CEP 98230-000, telefone: (54) 3322-1500 SETOR DE LICITAÇÕES MODALIDADE: LEILÃO TIPO: MAIOR LANCE 1.1. O PREFEITO MUNICIPAL DE QUINZE DE NOVEMBRO/RS, no uso de suas atribuições legais e de conformidade com a Lei Federal de Licitações, torna público para o conhecimento dos interessados, no DIA 27 DE AGOSTO DE 2026 , ÀS",https://www.leffaleiloes.com.br/leilao/prefeitura-municipal-de-quinze-de-novembro-rs-29-07-2026-11-23-16/lotes/lista,2026-08-25T04:08:47-03:00,http_200,,,,,,,
DETALHES,,,,leffaleiloes.com.br,"[PREFEITURA] - Máquinas, Equipamentos, Caminhonetes, Caminhões, Veículos, Sucatas, Vans - Quinze de Novembro / RS",2026-08-27,27/08/2026,4:00,RS,"Avenida Dona Etelvina, 1158 - 98230-000 - Quinze de Novembro - RS - Brasil",https://www.leffaleiloes.com.br/leilao/prefeitura-municipal-de-quinze-de-novembro-rs-29-07-2026-11-23-16/lotes/lista,https://www.leffaleiloes.com.br/leilao/prefeitura-municipal-de-quinze-de-novembro-rs-29-07-2026-11-23-16/lote_id/7259,https://www.leffaleiloes.com.br/media/cache/big/uploads/media/default/0001/23/b1735bd704b4afdcc75b47dd600fc76fafd00333.jpg,https://www.leffaleiloes.com.br/uploads/media/documentos_leilao/0001/23/eba5d9d76a3212d0f09e99a7403422c21f053c06.pdf,"Sul Poder Executivo do Município de Quinze de Novembro Secretaria Municipal de Administração e Planejamento Rua Gonçalves Dias, nº 875, Centro, Quinze de Novembro/RS. CEP 98230-000, telefone: (54) 3322-1500 SETOR DE LICITAÇÕES MODALIDADE: LEILÃO TIPO: MAIOR LANCE 1.1. O PREFEITO MUNICIPAL DE QUINZE DE NOVEMBRO/RS, no uso de suas atribuições legais e de conformidade com a Lei Federal de Licitações, torna público para o conhecimento dos interessados, no DIA 27 DE AGOSTO DE 2026 , ÀS",https://www.leffaleiloes.com.br/leilao/prefeitura-municipal-de-quinze-de-novembro-rs-29-07-2026-11-23-16/lotes/lista,2026-08-25T04:08:47-03:00,http_200,,,,,,,
"$(document).ready(function(){ $(""#carousel7260_front .carousel-item:first"").addClass(""active""); $(""#carousel7260_front .carousel-indicators li:first"").addClass(""active""); }); LOTE 007 - TRATOR CORTADOR DE GRAMA TROY BILT 20 HP",,,007,leffaleiloes.com.br,"[PREFEITURA] - Máquinas, Equipamentos, Caminhonetes, Caminhões, Veículos, Sucatas, Vans - Quinze de Novembro / RS",2026-08-27,27/08/2026,4:00,RS,"Avenida Dona Etelvina, 1158 - 98230-000 - Quinze de Novembro - RS - Brasil",https://www.leffaleiloes.com.br/leilao/prefeitura-municipal-de-quinze-de-novembro-rs-29-07-2026-11-23-16/lotes/lista,https://www.leffaleiloes.com.br/leilao/prefeitura-municipal-de-quinze-de-novembro-rs-29-07-2026-11-23-16/lote_id/7260,https://www.leffaleiloes.com.br/media/cache/big/uploads/media/default/0001/23/c6ddc6ba730385cb20b3e8d276760d466e4789b6.jpg,https://www.leffaleiloes.com.br/uploads/media/documentos_leilao/0001/23/eba5d9d76a3212d0f09e99a7403422c21f053c06.pdf,"Sul Poder Executivo do Município de Quinze de Novembro Secretaria Municipal de Administração e Planejamento Rua Gonçalves Dias, nº 875, Centro, Quinze de Novembro/RS. CEP 98230-000, telefone: (54) 3322-1500 SETOR DE LICITAÇÕES MODALIDADE: LEILÃO TIPO: MAIOR LANCE 1.1. O PREFEITO MUNICIPAL DE QUINZE DE NOVEMBRO/RS, no uso de suas atribuições legais e de conformidade com a Lei Federal de Licitações, torna público para o conhecimento dos interessados, no DIA 27 DE AGOSTO DE 2026 , ÀS",https://www.leffaleiloes.com.br/leilao/prefeitura-municipal-de-quinze-de-novembro-rs-29-07-2026-11-23-16/lotes/lista,2026-08-25T04:08:47-03:00,http_200,,,,,,,
DETALHES,,,,leffaleiloes.com.br,"[PREFEITURA] - Máquinas, Equipamentos, Caminhonetes, Caminhões, Veículos, Sucatas, Vans - Quinze de Novembro / RS",2026-08-27,27/08/2026,4:00,RS,"Avenida Dona Etelvina, 1158 - 98230-000 - Quinze de Novembro - RS - Brasil",https://www.leffaleiloes.com.br/leilao/prefeitura-municipal-de-quinze-de-novembro-rs-29-07-2026-11-23-16/lotes/lista,https://www.leffaleiloes.com.br/leilao/prefeitura-municipal-de-quinze-de-novembro-rs-29-07-2026-11-23-16/lote_id/7260,https://www.leffaleiloes.com.br/media/cache/big/uploads/media/default/0001/23/c6ddc6ba730385cb20b3e8d276760d466e4789b6.jpg,https://www.leffaleiloes.com.br/uploads/media/documentos_leilao/0001/23/eba5d9d76a3212d0f09e99a7403422c21f053c06.pdf,"Sul Poder Executivo do Município de Quinze de Novembro Secretaria Municipal de Administração e Planejamento Rua Gonçalves Dias, nº 875, Centro, Quinze de Novembro/RS. CEP 98230-000, telefone: (54) 3322-1500 SETOR DE LICITAÇÕES MODALIDADE: LEILÃO TIPO: MAIOR LANCE 1.1. O PREFEITO MUNICIPAL DE QUINZE DE NOVEMBRO/RS, no uso de suas atribuições legais e de conformidade com a Lei Federal de Licitações, torna público para o conhecimento dos interessados, no DIA 27 DE AGOSTO DE 2026 , ÀS",https://www.leffaleiloes.com.br/leilao/prefeitura-municipal-de-quinze-de-novembro-rs-29-07-2026-11-23-16/lotes/lista,2026-08-25T04:08:47-03:00,http_200,,,,,,,
"$(document).ready(function(){ $(""#carousel7261_front .carousel-item:first"").addClass(""active""); $(""#carousel7261_front .carousel-indicators li:first"").addClass(""active""); }); LOTE 008 - FORD RANGER CABINE DUPLA - IWL 5G38 LOTE 008 - FORD RA",,,008,leffaleiloes.com.br,"[PREFEITURA] - Máquinas, Equipamentos, Caminhonetes, Caminhões, Veículos, Sucatas, Vans - Quinze de Novembro / RS",2026-08-27,27/08/2026,4:00,RS,"Avenida Dona Etelvina, 1158 - 98230-000 - Quinze de Novembro - RS - Brasil",https://www.leffaleiloes.com.br/leilao/prefeitura-municipal-de-quinze-de-novembro-rs-29-07-2026-11-23-16/lotes/lista,https://www.leffaleiloes.com.br/leilao/prefeitura-municipal-de-quinze-de-novembro-rs-29-07-2026-11-23-16/lote_id/7261,https://www.leffaleiloes.com.br/media/cache/big/uploads/media/default/0001/23/9790504c56b0c805ea28dd9be9882b091db562fa.jpg,https://www.leffaleiloes.com.br/uploads/media/documentos_leilao/0001/23/eba5d9d76a3212d0f09e99a7403422c21f053c06.pdf,"Sul Poder Executivo do Município de Quinze de Novembro Secretaria Municipal de Administração e Planejamento Rua Gonçalves Dias, nº 875, Centro, Quinze de Novembro/RS. CEP 98230-000, telefone: (54) 3322-1500 SETOR DE LICITAÇÕES MODALIDADE: LEILÃO TIPO: MAIOR LANCE 1.1. O PREFEITO MUNICIPAL DE QUINZE DE NOVEMBRO/RS, no uso de suas atribuições legais e de conformidade com a Lei Federal de Licitações, torna público para o conhecimento dos interessados, no DIA 27 DE AGOSTO DE 2026 , ÀS",https://www.leffaleiloes.com.br/leilao/prefeitura-municipal-de-quinze-de-novembro-rs-29-07-2026-11-23-16/lotes/lista,2026-08-25T04:08:47-03:00,http_200,,,,,,,
DETALHES,,,,leffaleiloes.com.br,"[PREFEITURA] - Máquinas, Equipamentos, Caminhonetes, Caminhões, Veículos, Sucatas, Vans - Quinze de Novembro / RS",2026-08-27,27/08/2026,4:00,RS,"Avenida Dona Etelvina, 1158 - 98230-000 - Quinze de Novembro - RS - Brasil",https://www.leffaleiloes.com.br/leilao/prefeitura-municipal-de-quinze-de-novembro-rs-29-07-2026-11-23-16/lotes/lista,https://www.leffaleiloes.com.br/leilao/prefeitura-municipal-de-quinze-de-novembro-rs-29-07-2026-11-23-16/lote_id/7261,https://www.leffaleiloes.com.br/media/cache/big/uploads/media/default/0001/23/9790504c56b0c805ea28dd9be9882b091db562fa.jpg,https://www.leffaleiloes.com.br/uploads/media/documentos_leilao/0001/23/eba5d9d76a3212d0f09e99a7403422c21f053c06.pdf,"Sul Poder Executivo do Município de Quinze de Novembro Secretaria Municipal de Administração e Planejamento Rua Gonçalves Dias, nº 875, Centro, Quinze de Novembro/RS. CEP 98230-000, telefone: (54) 3322-1500 SETOR DE LICITAÇÕES MODALIDADE: LEILÃO TIPO: MAIOR LANCE 1.1. O PREFEITO MUNICIPAL DE QUINZE DE NOVEMBRO/RS, no uso de suas atribuições legais e de conformidade com a Lei Federal de Licitações, torna público para o conhecimento dos interessados, no DIA 27 DE AGOSTO DE 2026 , ÀS",https://www.leffaleiloes.com.br/leilao/prefeitura-municipal-de-quinze-de-novembro-rs-29-07-2026-11-23-16/lotes/lista,2026-08-25T04:08:47-03:00,http_200,,,,,,,
"$(document).ready(function(){ $(""#carousel7262_front .carousel-item:first"").addClass(""active""); $(""#carousel7262_front .carousel-indicators li:first"").addClass(""active""); }); LOTE 009 - CAMINHÃO FORD CARGO 2428 - IQG 5430 LOTE 009 - CAMINHÃ",,,009,leffaleiloes.com.br,"[PREFEITURA] - Máquinas, Equipamentos, Caminhonetes, Caminhões, Veículos, Sucatas, Vans - Quinze de Novembro / RS",2026-08-27,27/08/2026,4:00,RS,"Avenida Dona Etelvina, 1158 - 98230-000 - Quinze de Novembro - RS - Brasil",https://www.leffaleiloes.com.br/leilao/prefeitura-municipal-de-quinze-de-novembro-rs-29-07-2026-11-23-16/lotes/lista,https://www.leffaleiloes.com.br/leilao/prefeitura-municipal-de-quinze-de-novembro-rs-29-07-2026-11-23-16/lote_id/7262,https://www.leffaleiloes.com.br/media/cache/big/uploads/media/default/0001/23/86d4659d974374db3e11e5338dbb45fe347fda1b.jpg,https://www.leffaleiloes.com.br/uploads/media/documentos_leilao/0001/23/eba5d9d76a3212d0f09e99a7403422c21f053c06.pdf,"Sul Poder Executivo do Município de Quinze de Novembro Secretaria Municipal de Administração e Planejamento Rua Gonçalves Dias, nº 875, Centro, Quinze de Novembro/RS. CEP 98230-000, telefone: (54) 3322-1500 SETOR DE LICITAÇÕES MODALIDADE: LEILÃO TIPO: MAIOR LANCE 1.1. O PREFEITO MUNICIPAL DE QUINZE DE NOVEMBRO/RS, no uso de suas atribuições legais e de conformidade com a Lei Federal de Licitações, torna público para o conhecimento dos interessados, no DIA 27 DE AGOSTO DE 2026 , ÀS",https://www.leffaleiloes.com.br/leilao/prefeitura-municipal-de-quinze-de-novembro-rs-29-07-2026-11-23-16/lotes/lista,2026-08-25T04:08:47-03:00,http_200,,,,,,,
DETALHES,,,,leffaleiloes.com.br,"[PREFEITURA] - Máquinas, Equipamentos, Caminhonetes, Caminhões, Veículos, Sucatas, Vans - Quinze de Novembro / RS",2026-08-27,27/08/2026,4:00,RS,"Avenida Dona Etelvina, 1158 - 98230-000 - Quinze de Novembro - RS - Brasil",https://www.leffaleiloes.com.br/leilao/prefeitura-municipal-de-quinze-de-novembro-rs-29-07-2026-11-23-16/lotes/lista,https://www.leffaleiloes.com.br/leilao/prefeitura-municipal-de-quinze-de-novembro-rs-29-07-2026-11-23-16/lote_id/7262,https://www.leffaleiloes.com.br/media/cache/big/uploads/media/default/0001/23/86d4659d974374db3e11e5338dbb45fe347fda1b.jpg,https://www.leffaleiloes.com.br/uploads/media/documentos_leilao/0001/23/eba5d9d76a3212d0f09e99a7403422c21f053c06.pdf,"Sul Poder Executivo do Município de Quinze de Novembro Secretaria Municipal de Administração e Planejamento Rua Gonçalves Dias, nº 875, Centro, Quinze de Novembro/RS. CEP 98230-000, telefone: (54) 3322-1500 SETOR DE LICITAÇÕES MODALIDADE: LEILÃO TIPO: MAIOR LANCE 1.1. O PREFEITO MUNICIPAL DE QUINZE DE NOVEMBRO/RS, no uso de suas atribuições legais e de conformidade com a Lei Federal de Licitações, torna público para o conhecimento dos interessados, no DIA 27 DE AGOSTO DE 2026 , ÀS",https://www.leffaleiloes.com.br/leilao/prefeitura-municipal-de-quinze-de-novembro-rs-29-07-2026-11-23-16/lotes/lista,2026-08-25T04:08:47-03:00,http_200,,,,,,,
"$(document).ready(function(){ $(""#carousel7263_front .carousel-item:first"").addClass(""active""); $(""#carousel7263_front .carousel-indicators li:first"").addClass(""active""); }); LOTE 010 - FORD KA SEDAN TITANIUM 1.5 LOTE 010 - FORD KA SEDAN TI",,,010,leffaleiloes.com.br,"[PREFEITURA] - Máquinas, Equipamentos, Caminhonetes, Caminhões, Veículos, Sucatas, Vans - Quinze de Novembro / RS",2026-08-27,27/08/2026,4:00,RS,"Avenida Dona Etelvina, 1158 - 98230-000 - Quinze de Novembro - RS - Brasil",https://www.leffaleiloes.com.br/leilao/prefeitura-municipal-de-quinze-de-novembro-rs-29-07-2026-11-23-16/lotes/lista,https://www.leffaleiloes.com.br/leilao/prefeitura-municipal-de-quinze-de-novembro-rs-29-07-2026-11-23-16/lote_id/7263,https://www.leffaleiloes.com.br/media/cache/big/uploads/media/default/0001/23/4707d5db3716d81c20fd655fd103424b52144405.jpg,https://www.leffaleiloes.com.br/uploads/media/documentos_leilao/0001/23/eba5d9d76a3212d0f09e99a7403422c21f053c06.pdf,"Sul Poder Executivo do Município de Quinze de Novembro Secretaria Municipal de Administração e Planejamento Rua Gonçalves Dias, nº 875, Centro, Quinze de Novembro/RS. CEP 98230-000, telefone: (54) 3322-1500 SETOR DE LICITAÇÕES MODALIDADE: LEILÃO TIPO: MAIOR LANCE 1.1. O PREFEITO MUNICIPAL DE QUINZE DE NOVEMBRO/RS, no uso de suas atribuições legais e de conformidade com a Lei Federal de Licitações, torna público para o conhecimento dos interessados, no DIA 27 DE AGOSTO DE 2026 , ÀS",https://www.leffaleiloes.com.br/leilao/prefeitura-municipal-de-quinze-de-novembro-rs-29-07-2026-11-23-16/lotes/lista,2026-08-25T04:08:47-03:00,http_200,,,,,,,
DETALHES,,,,leffaleiloes.com.br,"[PREFEITURA] - Máquinas, Equipamentos, Caminhonetes, Caminhões, Veículos, Sucatas, Vans - Quinze de Novembro / RS",2026-08-27,27/08/2026,4:00,RS,"Avenida Dona Etelvina, 1158 - 98230-000 - Quinze de Novembro - RS - Brasil",https://www.leffaleiloes.com.br/leilao/prefeitura-municipal-de-quinze-de-novembro-rs-29-07-2026-11-23-16/lotes/lista,https://www.leffaleiloes.com.br/leilao/prefeitura-municipal-de-quinze-de-novembro-rs-29-07-2026-11-23-16/lote_id/7263,https://www.leffaleiloes.com.br/media/cache/big/uploads/media/default/0001/23/4707d5db3716d81c20fd655fd103424b52144405.jpg,https://www.leffaleiloes.com.br/uploads/media/documentos_leilao/0001/23/eba5d9d76a3212d0f09e99a7403422c21f053c06.pdf,"Sul Poder Executivo do Município de Quinze de Novembro Secretaria Municipal de Administração e Planejamento Rua Gonçalves Dias, nº 875, Centro, Quinze de Novembro/RS. CEP 98230-000, telefone: (54) 3322-1500 SETOR DE LICITAÇÕES MODALIDADE: LEILÃO TIPO: MAIOR LANCE 1.1. O PREFEITO MUNICIPAL DE QUINZE DE NOVEMBRO/RS, no uso de suas atribuições legais e de conformidade com a Lei Federal de Licitações, torna público para o conhecimento dos interessados, no DIA 27 DE AGOSTO DE 2026 , ÀS",https://www.leffaleiloes.com.br/leilao/prefeitura-municipal-de-quinze-de-novembro-rs-29-07-2026-11-23-16/lotes/lista,2026-08-25T04:08:47-03:00,http_200,,,,,,,
"$(document).ready(function(){ $(""#carousel7264_front .carousel-item:first"").addClass(""active""); $(""#carousel7264_front .carousel-indicators li:first"").addClass(""active""); }); LOTE 011 - GM ONIX PLUS 10TAT LT1 - JAX 3B33 LOTE 011 - GM ONIX P",,,011,leffaleiloes.com.br,"[PREFEITURA] - Máquinas, Equipamentos, Caminhonetes, Caminhões, Veículos, Sucatas, Vans - Quinze de Novembro / RS",2026-08-27,27/08/2026,4:00,RS,"Avenida Dona Etelvina, 1158 - 98230-000 - Quinze de Novembro - RS - Brasil",https://www.leffaleiloes.com.br/leilao/prefeitura-municipal-de-quinze-de-novembro-rs-29-07-2026-11-23-16/lotes/lista,https://www.leffaleiloes.com.br/leilao/prefeitura-municipal-de-quinze-de-novembro-rs-29-07-2026-11-23-16/lote_id/7264,https://www.leffaleiloes.com.br/media/cache/big/uploads/media/default/0001/23/9e653108340c23a39fe65f7a7ab0e392b3512675.jpg,https://www.leffaleiloes.com.br/uploads/media/documentos_leilao/0001/23/eba5d9d76a3212d0f09e99a7403422c21f053c06.pdf,"Sul Poder Executivo do Município de Quinze de Novembro Secretaria Municipal de Administração e Planejamento Rua Gonçalves Dias, nº 875, Centro, Quinze de Novembro/RS. CEP 98230-000, telefone: (54) 3322-1500 SETOR DE LICITAÇÕES MODALIDADE: LEILÃO TIPO: MAIOR LANCE 1.1. O PREFEITO MUNICIPAL DE QUINZE DE NOVEMBRO/RS, no uso de suas atribuições legais e de conformidade com a Lei Federal de Licitações, torna público para o conhecimento dos interessados, no DIA 27 DE AGOSTO DE 2026 , ÀS",https://www.leffaleiloes.com.br/leilao/prefeitura-municipal-de-quinze-de-novembro-rs-29-07-2026-11-23-16/lotes/lista,2026-08-25T04:08:47-03:00,http_200,,,,,,,
DETALHES,,,,leffaleiloes.com.br,"[PREFEITURA] - Máquinas, Equipamentos, Caminhonetes, Caminhões, Veículos, Sucatas, Vans - Quinze de Novembro / RS",2026-08-27,27/08/2026,4:00,RS,"Avenida Dona Etelvina, 1158 - 98230-000 - Quinze de Novembro - RS - Brasil",https://www.leffaleiloes.com.br/leilao/prefeitura-municipal-de-quinze-de-novembro-rs-29-07-2026-11-23-16/lotes/lista,https://www.leffaleiloes.com.br/leilao/prefeitura-municipal-de-quinze-de-novembro-rs-29-07-2026-11-23-16/lote_id/7264,https://www.leffaleiloes.com.br/media/cache/big/uploads/media/default/0001/23/9e653108340c23a39fe65f7a7ab0e392b3512675.jpg,https://www.leffaleiloes.com.br/uploads/media/documentos_leilao/0001/23/eba5d9d76a3212d0f09e99a7403422c21f053c06.pdf,"Sul Poder Executivo do Município de Quinze de Novembro Secretaria Municipal de Administração e Planejamento Rua Gonçalves Dias, nº 875, Centro, Quinze de Novembro/RS. CEP 98230-000, telefone: (54) 3322-1500 SETOR DE LICITAÇÕES MODALIDADE: LEILÃO TIPO: MAIOR LANCE 1.1. O PREFEITO MUNICIPAL DE QUINZE DE NOVEMBRO/RS, no uso de suas atribuições legais e de conformidade com a Lei Federal de Licitações, torna público para o conhecimento dos interessados, no DIA 27 DE AGOSTO DE 2026 , ÀS",https://www.leffaleiloes.com.br/leilao/prefeitura-municipal-de-quinze-de-novembro-rs-29-07-2026-11-23-16/lotes/lista,2026-08-25T04:08:47-03:00,http_200,,,,,,,
"$(document).ready(function(){ $(""#carousel7265_front .carousel-item:first"").addClass(""active""); $(""#carousel7265_front .carousel-indicators li:first"").addClass(""active""); }); LOTE 012 - VW KOMBI - INI 3178 LOTE 012 - VW KOMBI - INI 3178 LOT",,,012,leffaleiloes.com.br,"[PREFEITURA] - Máquinas, Equipamentos, Caminhonetes, Caminhões, Veículos, Sucatas, Vans - Quinze de Novembro / RS",2026-08-27,27/08/2026,4:00,RS,"Avenida Dona Etelvina, 1158 - 98230-000 - Quinze de Novembro - RS - Brasil",https://www.leffaleiloes.com.br/leilao/prefeitura-municipal-de-quinze-de-novembro-rs-29-07-2026-11-23-16/lotes/lista,https://www.leffaleiloes.com.br/leilao/prefeitura-municipal-de-quinze-de-novembro-rs-29-07-2026-11-23-16/lote_id/7265,https://www.leffaleiloes.com.br/media/cache/big/uploads/media/default/0001/23/6873d16a9f856dd67d9c0cabdb66c935a7bae8a4.jpg,https://www.leffaleiloes.com.br/uploads/media/documentos_leilao/0001/23/eba5d9d76a3212d0f09e99a7403422c21f053c06.pdf,"Sul Poder Executivo do Município de Quinze de Novembro Secretaria Municipal de Administração e Planejamento Rua Gonçalves Dias, nº 875, Centro, Quinze de Novembro/RS. CEP 98230-000, telefone: (54) 3322-1500 SETOR DE LICITAÇÕES MODALIDADE: LEILÃO TIPO: MAIOR LANCE 1.1. O PREFEITO MUNICIPAL DE QUINZE DE NOVEMBRO/RS, no uso de suas atribuições legais e de conformidade com a Lei Federal de Licitações, torna público para o conhecimento dos interessados, no DIA 27 DE AGOSTO DE 2026 , ÀS",https://www.leffaleiloes.com.br/leilao/prefeitura-municipal-de-quinze-de-novembro-rs-29-07-2026-11-23-16/lotes/lista,2026-08-25T04:08:47-03:00,http_200,,,,,,,
DETALHES,,,,leffaleiloes.com.br,"[PREFEITURA] - Máquinas, Equipamentos, Caminhonetes, Caminhões, Veículos, Sucatas, Vans - Quinze de Novembro / RS",2026-08-27,27/08/2026,4:00,RS,"Avenida Dona Etelvina, 1158 - 98230-000 - Quinze de Novembro - RS - Brasil",https://www.leffaleiloes.com.br/leilao/prefeitura-municipal-de-quinze-de-novembro-rs-29-07-2026-11-23-16/lotes/lista,https://www.leffaleiloes.com.br/leilao/prefeitura-municipal-de-quinze-de-novembro-rs-29-07-2026-11-23-16/lote_id/7265,https://www.leffaleiloes.com.br/media/cache/big/uploads/media/default/0001/23/6873d16a9f856dd67d9c0cabdb66c935a7bae8a4.jpg,https://www.leffaleiloes.com.br/uploads/media/documentos_leilao/0001/23/eba5d9d76a3212d0f09e99a7403422c21f053c06.pdf,"Sul Poder Executivo do Município de Quinze de Novembro Secretaria Municipal de Administração e Planejamento Rua Gonçalves Dias, nº 875, Centro, Quinze de Novembro/RS. CEP 98230-000, telefone: (54) 3322-1500 SETOR DE LICITAÇÕES MODALIDADE: LEILÃO TIPO: MAIOR LANCE 1.1. O PREFEITO MUNICIPAL DE QUINZE DE NOVEMBRO/RS, no uso de suas atribuições legais e de conformidade com a Lei Federal de Licitações, torna público para o conhecimento dos interessados, no DIA 27 DE AGOSTO DE 2026 , ÀS",https://www.leffaleiloes.com.br/leilao/prefeitura-municipal-de-quinze-de-novembro-rs-29-07-2026-11-23-16/lotes/lista,2026-08-25T04:08:47-03:00,http_200,,,,,,,
"$(document).ready(function(){ $(""#carousel7266_front .carousel-item:first"").addClass(""active""); $(""#carousel7266_front .carousel-indicators li:first"").addClass(""active""); }); LOTE 013 - SUCATAS DIVERSAS LOTE 013 - SUCATAS DIVERSAS",,,013,leffaleiloes.com.br,"[PREFEITURA] - Máquinas, Equipamentos, Caminhonetes, Caminhões, Veículos, Sucatas, Vans - Quinze de Novembro / RS",2026-08-27,27/08/2026,4:00,RS,"Avenida Dona Etelvina, 1158 - 98230-000 - Quinze de Novembro - RS - Brasil",https://www.leffaleiloes.com.br/leilao/prefeitura-municipal-de-quinze-de-novembro-rs-29-07-2026-11-23-16/lotes/lista,https://www.leffaleiloes.com.br/leilao/prefeitura-municipal-de-quinze-de-novembro-rs-29-07-2026-11-23-16/lote_id/7266,https://www.leffaleiloes.com.br/media/cache/big/uploads/media/default/0001/23/fd042845b748f4108e1b676a1d33f9638b348354.jpg,https://www.leffaleiloes.com.br/uploads/media/documentos_leilao/0001/23/eba5d9d76a3212d0f09e99a7403422c21f053c06.pdf,"Sul Poder Executivo do Município de Quinze de Novembro Secretaria Municipal de Administração e Planejamento Rua Gonçalves Dias, nº 875, Centro, Quinze de Novembro/RS. CEP 98230-000, telefone: (54) 3322-1500 SETOR DE LICITAÇÕES MODALIDADE: LEILÃO TIPO: MAIOR LANCE 1.1. O PREFEITO MUNICIPAL DE QUINZE DE NOVEMBRO/RS, no uso de suas atribuições legais e de conformidade com a Lei Federal de Licitações, torna público para o conhecimento dos interessados, no DIA 27 DE AGOSTO DE 2026 , ÀS",https://www.leffaleiloes.com.br/leilao/prefeitura-municipal-de-quinze-de-novembro-rs-29-07-2026-11-23-16/lotes/lista,2026-08-25T04:08:47-03:00,http_200,,,,,,,
DETALHES,,,,leffaleiloes.com.br,"[PREFEITURA] - Máquinas, Equipamentos, Caminhonetes, Caminhões, Veículos, Sucatas, Vans - Quinze de Novembro / RS",2026-08-27,27/08/2026,4:00,RS,"Avenida Dona Etelvina, 1158 - 98230-000 - Quinze de Novembro - RS - Brasil",https://www.leffaleiloes.com.br/leilao/prefeitura-municipal-de-quinze-de-novembro-rs-29-07-2026-11-23-16/lotes/lista,https://www.leffaleiloes.com.br/leilao/prefeitura-municipal-de-quinze-de-novembro-rs-29-07-2026-11-23-16/lote_id/7266,https://www.leffaleiloes.com.br/media/cache/big/uploads/media/default/0001/23/fd042845b748f4108e1b676a1d33f9638b348354.jpg,https://www.leffaleiloes.com.br/uploads/media/documentos_leilao/0001/23/eba5d9d76a3212d0f09e99a7403422c21f053c06.pdf,"Sul Poder Executivo do Município de Quinze de Novembro Secretaria Municipal de Administração e Planejamento Rua Gonçalves Dias, nº 875, Centro, Quinze de Novembro/RS. CEP 98230-000, telefone: (54) 3322-1500 SETOR DE LICITAÇÕES MODALIDADE: LEILÃO TIPO: MAIOR LANCE 1.1. O PREFEITO MUNICIPAL DE QUINZE DE NOVEMBRO/RS, no uso de suas atribuições legais e de conformidade com a Lei Federal de Licitações, torna público para o conhecimento dos interessados, no DIA 27 DE AGOSTO DE 2026 , ÀS",https://www.leffaleiloes.com.br/leilao/prefeitura-municipal-de-quinze-de-novembro-rs-29-07-2026-11-23-16/lotes/lista,2026-08-25T04:08:47-03:00,http_200,,,,,,,
Gerenciar Cookies,,,,leffaleiloes.com.br,"[PREFEITURA] - Máquinas, Equipamentos, Caminhonetes, Caminhões, Veículos, Sucatas, Vans - Quinze de Novembro / RS",2026-08-27,27/08/2026,4:00,RS,"Avenida Dona Etelvina, 1158 - 98230-000 - Quinze de Novembro - RS - Brasil",https://www.leffaleiloes.com.br/leilao/prefeitura-municipal-de-quinze-de-novembro-rs-29-07-2026-11-23-16/lotes/lista,https://www.leffaleiloes.com.br/leilao/prefeitura-municipal-de-quinze-de-novembro-rs-29-07-2026-11-23-16/lotes/lista,,https://www.leffaleiloes.com.br/uploads/media/documentos_leilao/0001/23/eba5d9d76a3212d0f09e99a7403422c21f053c06.pdf,"Sul Poder Executivo do Município de Quinze de Novembro Secretaria Municipal de Administração e Planejamento Rua Gonçalves Dias, nº 875, Centro, Quinze de Novembro/RS. CEP 98230-000, telefone: (54) 3322-1500 SETOR DE LICITAÇÕES MODALIDADE: LEILÃO TIPO: MAIOR LANCE 1.1. O PREFEITO MUNICIPAL DE QUINZE DE NOVEMBRO/RS, no uso de suas atribuições legais e de conformidade com a Lei Federal de Licitações, torna público para o conhecimento dos interessados, no DIA 27 DE AGOSTO DE 2026 , ÀS",https://www.leffaleiloes.com.br/leilao/prefeitura-municipal-de-quinze-de-novembro-rs-29-07-2026-11-23-16/lotes/lista,2026-08-25T04:08:47-03:00,http_200,,,,,,,
ESQUECI MINHA SENHA,,,,allianceleiloes.com.br,[EMPRESA] - Caminhões - São Paulo / SP,2026-08-29,29/08/2026,09:00,SP,"Rua Tabatinguera, 140 - Sé - 01020-901 - São Paulo - SP - Brasil",https://www.allianceleiloes.com.br/lotes/514-01-cavalo-mecanico-mercedes-benz-axor-2041-ls,https://www.allianceleiloes.com.br/lotes/lembrar-senha,,,,https://www.allianceleiloes.com.br/lotes/514-01-cavalo-mecanico-mercedes-benz-axor-2041-ls,2026-08-25T04:08:48-03:00,http_200,,,,,,,
Pessoa Fisica,,,,allianceleiloes.com.br,[EMPRESA] - Caminhões - São Paulo / SP,2026-08-29,29/08/2026,09:00,SP,"Rua Tabatinguera, 140 - Sé - 01020-901 - São Paulo - SP - Brasil",https://www.allianceleiloes.com.br/lotes/514-01-cavalo-mecanico-mercedes-benz-axor-2041-ls,https://www.allianceleiloes.com.br/lotes/cadastre-se/pessoa-fisica,,,,https://www.allianceleiloes.com.br/lotes/514-01-cavalo-mecanico-mercedes-benz-axor-2041-ls,2026-08-25T04:08:48-03:00,http_200,,,,,,,
Pessoa Jurídica,,,,allianceleiloes.com.br,[EMPRESA] - Caminhões - São Paulo / SP,2026-08-29,29/08/2026,09:00,SP,"Rua Tabatinguera, 140 - Sé - 01020-901 - São Paulo - SP - Brasil",https://www.allianceleiloes.com.br/lotes/514-01-cavalo-mecanico-mercedes-benz-axor-2041-ls,https://www.allianceleiloes.com.br/lotes/cadastre-se/pessoa-juridica,,,,https://www.allianceleiloes.com.br/lotes/514-01-cavalo-mecanico-mercedes-benz-axor-2041-ls,2026-08-25T04:08:48-03:00,http_200,,,,,,,
Alliance Leilões,,,,allianceleiloes.com.br,[EMPRESA] - Caminhões - São Paulo / SP,2026-08-29,29/08/2026,09:00,SP,"Rua Tabatinguera, 140 - Sé - 01020-901 - São Paulo - SP - Brasil",https://www.allianceleiloes.com.br/lotes/514-01-cavalo-mecanico-mercedes-benz-axor-2041-ls,https://www.allianceleiloes.com.br/lotes/pagina-inicial,,,,https://www.allianceleiloes.com.br/lotes/514-01-cavalo-mecanico-mercedes-benz-axor-2041-ls,2026-08-25T04:08:48-03:00,http_200,,,,,,,
QUEM SOMOS,,,,allianceleiloes.com.br,[EMPRESA] - Caminhões - São Paulo / SP,2026-08-29,29/08/2026,09:00,SP,"Rua Tabatinguera, 140 - Sé - 01020-901 - São Paulo - SP - Brasil",https://www.allianceleiloes.com.br/lotes/514-01-cavalo-mecanico-mercedes-benz-axor-2041-ls,https://www.allianceleiloes.com.br/lotes/quem-somos,,,,https://www.allianceleiloes.com.br/lotes/514-01-cavalo-mecanico-mercedes-benz-axor-2041-ls,2026-08-25T04:08:48-03:00,http_200,,,,,,,
DÚVIDAS,,,,allianceleiloes.com.br,[EMPRESA] - Caminhões - São Paulo / SP,2026-08-29,29/08/2026,09:00,SP,"Rua Tabatinguera, 140 - Sé - 01020-901 - São Paulo - SP - Brasil",https://www.allianceleiloes.com.br/lotes/514-01-cavalo-mecanico-mercedes-benz-axor-2041-ls,https://www.allianceleiloes.com.br/lotes/pagina/duvidas,,,,https://www.allianceleiloes.com.br/lotes/514-01-cavalo-mecanico-mercedes-benz-axor-2041-ls,2026-08-25T04:08:48-03:00,http_200,,,,,,,
INDIQUE-NOS,,,,allianceleiloes.com.br,[EMPRESA] - Caminhões - São Paulo / SP,2026-08-29,29/08/2026,09:00,SP,"Rua Tabatinguera, 140 - Sé - 01020-901 - São Paulo - SP - Brasil",https://www.allianceleiloes.com.br/lotes/514-01-cavalo-mecanico-mercedes-benz-axor-2041-ls,https://www.allianceleiloes.com.br/lotes/formulario/indique-nos,,,,https://www.allianceleiloes.com.br/lotes/514-01-cavalo-mecanico-mercedes-benz-axor-2041-ls,2026-08-25T04:08:48-03:00,http_200,,,,,,,
FALE CONOSCO,,,,allianceleiloes.com.br,[EMPRESA] - Caminhões - São Paulo / SP,2026-08-29,29/08/2026,09:00,SP,"Rua Tabatinguera, 140 - Sé - 01020-901 - São Paulo - SP - Brasil",https://www.allianceleiloes.com.br/lotes/514-01-cavalo-mecanico-mercedes-benz-axor-2041-ls,https://www.allianceleiloes.com.br/lotes/formulario/fale-conosco,,,,https://www.allianceleiloes.com.br/lotes/514-01-cavalo-mecanico-mercedes-benz-axor-2041-ls,2026-08-25T04:08:48-03:00,http_200,,,,,,,
Cavalo Mecâsnico M.BENZ/AXOR 2041 LS (VENDA DIRETA),,,,allianceleiloes.com.br,[EMPRESA] - Caminhões - São Paulo / SP,2026-08-29,29/08/2026,09:00,SP,"Rua Tabatinguera, 140 - Sé - 01020-901 - São Paulo - SP - Brasil",https://www.allianceleiloes.com.br/lotes/514-01-cavalo-mecanico-mercedes-benz-axor-2041-ls,https://www.allianceleiloes.com.br/lotes/leiloes/514-cavalo-mecasnico-m-benz-axor-2041-ls-venda-direta,,,,https://www.allianceleiloes.com.br/lotes/514-01-cavalo-mecanico-mercedes-benz-axor-2041-ls,2026-08-25T04:08:48-03:00,http_200,,,,,,,
Cavalo Mecânico Mercedes-Benz Axor 2041 LS,,,,allianceleiloes.com.br,[EMPRESA] - Caminhões - São Paulo / SP,2026-08-29,29/08/2026,09:00,SP,"Rua Tabatinguera, 140 - Sé - 01020-901 - São Paulo - SP - Brasil",https://www.allianceleiloes.com.br/lotes/514-01-cavalo-mecanico-mercedes-benz-axor-2041-ls,https://www.allianceleiloes.com.br/lotes/lotes/514-01-cavalo-mecanico-mercedes-benz-axor-2041-ls,,,,https://www.allianceleiloes.com.br/lotes/514-01-cavalo-mecanico-mercedes-benz-axor-2041-ls,2026-08-25T04:08:48-03:00,http_200,,,,,,,
auditório,,,,allianceleiloes.com.br,[EMPRESA] - Caminhões - São Paulo / SP,2026-08-29,29/08/2026,09:00,SP,"Rua Tabatinguera, 140 - Sé - 01020-901 - São Paulo - SP - Brasil",https://www.allianceleiloes.com.br/lotes/514-01-cavalo-mecanico-mercedes-benz-axor-2041-ls,https://www.allianceleiloes.com.br/lotes/login,,,,https://www.allianceleiloes.com.br/lotes/514-01-cavalo-mecanico-mercedes-benz-axor-2041-ls,2026-08-25T04:08:48-03:00,http_200,,,,,,,
Dê seu lance,,,,allianceleiloes.com.br,[EMPRESA] - Caminhões - São Paulo / SP,2026-08-29,29/08/2026,09:00,SP,"Rua Tabatinguera, 140 - Sé - 01020-901 - São Paulo - SP - Brasil",https://www.allianceleiloes.com.br/lotes/514-01-cavalo-mecanico-mercedes-benz-axor-2041-ls,https://www.allianceleiloes.com.br/lotes/login,,,,https://www.allianceleiloes.com.br/lotes/514-01-cavalo-mecanico-mercedes-benz-axor-2041-ls,2026-08-25T04:08:48-03:00,http_200,,,,,,,
Cavalo Mecânico Mercedes-Benz Axor 2041 LS,,,,allianceleiloes.com.br,[EMPRESA] - Caminhões - São Paulo / SP,2026-08-29,29/08/2026,09:00,SP,"Rua Tabatinguera, 140 - Sé - 01020-901 - São Paulo - SP - Brasil",https://www.allianceleiloes.com.br/lotes/514-01-cavalo-mecanico-mercedes-benz-axor-2041-ls,https://www.allianceleiloes.com.br/arquivos/leiloes/lotes/imagens/06a3d87ec628c8.JPG,https://www.allianceleiloes.com.br/arquivos/leiloes/lotes/imagens/06a3d87ec628c8.JPG,,,https://www.allianceleiloes.com.br/lotes/514-01-cavalo-mecanico-mercedes-benz-axor-2041-ls,2026-08-25T04:08:48-03:00,http_200,,,,,,,
Cavalo Mecânico Mercedes-Benz Axor 2041 LS,,,,allianceleiloes.com.br,[EMPRESA] - Caminhões - São Paulo / SP,2026-08-29,29/08/2026,09:00,SP,"Rua Tabatinguera, 140 - Sé - 01020-901 - São Paulo - SP - Brasil",https://www.allianceleiloes.com.br/lotes/514-01-cavalo-mecanico-mercedes-benz-axor-2041-ls,https://www.allianceleiloes.com.br/arquivos/leiloes/lotes/imagens/16a3d87ec88497.JPG,https://www.allianceleiloes.com.br/arquivos/leiloes/lotes/imagens/16a3d87ec88497.JPG,,,https://www.allianceleiloes.com.br/lotes/514-01-cavalo-mecanico-mercedes-benz-axor-2041-ls,2026-08-25T04:08:48-03:00,http_200,,,,,,,
Cavalo Mecânico Mercedes-Benz Axor 2041 LS,,,,allianceleiloes.com.br,[EMPRESA] - Caminhões - São Paulo / SP,2026-08-29,29/08/2026,09:00,SP,"Rua Tabatinguera, 140 - Sé - 01020-901 - São Paulo - SP - Brasil",https://www.allianceleiloes.com.br/lotes/514-01-cavalo-mecanico-mercedes-benz-axor-2041-ls,https://www.allianceleiloes.com.br/arquivos/leiloes/lotes/imagens/26a3d87ec9871a.JPG,https://www.allianceleiloes.com.br/arquivos/leiloes/lotes/imagens/26a3d87ec9871a.JPG,,,https://www.allianceleiloes.com.br/lotes/514-01-cavalo-mecanico-mercedes-benz-axor-2041-ls,2026-08-25T04:08:48-03:00,http_200,,,,,,,
Cavalo Mecânico Mercedes-Benz Axor 2041 LS,,,,allianceleiloes.com.br,[EMPRESA] - Caminhões - São Paulo / SP,2026-08-29,29/08/2026,09:00,SP,"Rua Tabatinguera, 140 - Sé - 01020-901 - São Paulo - SP - Brasil",https://www.allianceleiloes.com.br/lotes/514-01-cavalo-mecanico-mercedes-benz-axor-2041-ls,https://www.allianceleiloes.com.br/arquivos/leiloes/lotes/imagens/36a3d87eca66c3.JPG,https://www.allianceleiloes.com.br/arquivos/leiloes/lotes/imagens/36a3d87eca66c3.JPG,,,https://www.allianceleiloes.com.br/lotes/514-01-cavalo-mecanico-mercedes-benz-axor-2041-ls,2026-08-25T04:08:48-03:00,http_200,,,,,,,
Cavalo Mecânico Mercedes-Benz Axor 2041 LS,,,,allianceleiloes.com.br,[EMPRESA] - Caminhões - São Paulo / SP,2026-08-29,29/08/2026,09:00,SP,"Rua Tabatinguera, 140 - Sé - 01020-901 - São Paulo - SP - Brasil",https://www.allianceleiloes.com.br/lotes/514-01-cavalo-mecanico-mercedes-benz-axor-2041-ls,https://www.allianceleiloes.com.br/arquivos/leiloes/lotes/imagens/46a3d87ecb3f77.JPG,https://www.allianceleiloes.com.br/arquivos/leiloes/lotes/imagens/46a3d87ecb3f77.JPG,,,https://www.allianceleiloes.com.br/lotes/514-01-cavalo-mecanico-mercedes-benz-axor-2041-ls,2026-08-25T04:08:48-03:00,http_200,,,,,,,
Cavalo Mecânico Mercedes-Benz Axor 2041 LS,,,,allianceleiloes.com.br,[EMPRESA] - Caminhões - São Paulo / SP,2026-08-29,29/08/2026,09:00,SP,"Rua Tabatinguera, 140 - Sé - 01020-901 - São Paulo - SP - Brasil",https://www.allianceleiloes.com.br/lotes/514-01-cavalo-mecanico-mercedes-benz-axor-2041-ls,https://www.allianceleiloes.com.br/arquivos/leiloes/lotes/imagens/56a3d87ecc2fa9.JPG,https://www.allianceleiloes.com.br/arquivos/leiloes/lotes/imagens/56a3d87ecc2fa9.JPG,,,https://www.allianceleiloes.com.br/lotes/514-01-cavalo-mecanico-mercedes-benz-axor-2041-ls,2026-08-25T04:08:48-03:00,http_200,,,,,,,
Cavalo Mecânico Mercedes-Benz Axor 2041 LS,,,,allianceleiloes.com.br,[EMPRESA] - Caminhões - São Paulo / SP,2026-08-29,29/08/2026,09:00,SP,"Rua Tabatinguera, 140 - Sé - 01020-901 - São Paulo - SP - Brasil",https://www.allianceleiloes.com.br/lotes/514-01-cavalo-mecanico-mercedes-benz-axor-2041-ls,https://www.allianceleiloes.com.br/arquivos/leiloes/lotes/imagens/66a3d87ecd4340.JPG,https://www.allianceleiloes.com.br/arquivos/leiloes/lotes/imagens/66a3d87ecd4340.JPG,,,https://www.allianceleiloes.com.br/lotes/514-01-cavalo-mecanico-mercedes-benz-axor-2041-ls,2026-08-25T04:08:48-03:00,http_200,,,,,,,
LOTES,,,,allianceleiloes.com.br,[EMPRESA] - Caminhões - São Paulo / SP,2026-08-29,29/08/2026,09:00,SP,"Rua Tabatinguera, 140 - Sé - 01020-901 - São Paulo - SP - Brasil",https://www.allianceleiloes.com.br/lotes/514-01-cavalo-mecanico-mercedes-benz-axor-2041-ls,https://www.allianceleiloes.com.br/lotes/leiloes/514-cavalo-mecasnico-m-benz-axor-2041-ls-venda-direta,,,,https://www.allianceleiloes.com.br/lotes/514-01-cavalo-mecanico-mercedes-benz-axor-2041-ls,2026-08-25T04:08:48-03:00,http_200,,,,,,,
IMPRESSÃO,,,,allianceleiloes.com.br,[EMPRESA] - Caminhões - São Paulo / SP,2026-08-29,29/08/2026,09:00,SP,"Rua Tabatinguera, 140 - Sé - 01020-901 - São Paulo - SP - Brasil",https://www.allianceleiloes.com.br/lotes/514-01-cavalo-mecanico-mercedes-benz-axor-2041-ls,https://www.allianceleiloes.com.br/lotes/imprimir/514-cavalo-mecasnico-m-benz-axor-2041-ls-venda-direta,,,,https://www.allianceleiloes.com.br/lotes/514-01-cavalo-mecanico-mercedes-benz-axor-2041-ls,2026-08-25T04:08:48-03:00,http_200,,,,,,,
"ENVIE SEU LANCE R$ 290.000,00",,"R$ 290.000,00",,allianceleiloes.com.br,[EMPRESA] - Caminhões - São Paulo / SP,2026-08-29,29/08/2026,09:00,SP,"Rua Tabatinguera, 140 - Sé - 01020-901 - São Paulo - SP - Brasil",https://www.allianceleiloes.com.br/lotes/514-01-cavalo-mecanico-mercedes-benz-axor-2041-ls,https://www.allianceleiloes.com.br/lotes/login,,,,https://www.allianceleiloes.com.br/lotes/514-01-cavalo-mecanico-mercedes-benz-axor-2041-ls,2026-08-25T04:08:48-03:00,http_200,,,,,,,
TERMOS DE USO,,,,allianceleiloes.com.br,[EMPRESA] - Caminhões - São Paulo / SP,2026-08-29,29/08/2026,09:00,SP,"Rua Tabatinguera, 140 - Sé - 01020-901 - São Paulo - SP - Brasil",https://www.allianceleiloes.com.br/lotes/514-01-cavalo-mecanico-mercedes-benz-axor-2041-ls,https://www.allianceleiloes.com.br/lotes/pagina/termos-de-uso,,,,https://www.allianceleiloes.com.br/lotes/514-01-cavalo-mecanico-mercedes-benz-axor-2041-ls,2026-08-25T04:08:48-03:00,http_200,,,,,,,
COMO PARTICIPAR,,,,allianceleiloes.com.br,[EMPRESA] - Caminhões - São Paulo / SP,2026-08-29,29/08/2026,09:00,SP,"Rua Tabatinguera, 140 - Sé - 01020-901 - São Paulo - SP - Brasil",https://www.allianceleiloes.com.br/lotes/514-01-cavalo-mecanico-mercedes-benz-axor-2041-ls,https://www.allianceleiloes.com.br/lotes/pagina/como-participar,,,,https://www.allianceleiloes.com.br/lotes/514-01-cavalo-mecanico-mercedes-benz-axor-2041-ls,2026-08-25T04:08:48-03:00,http_200,,,,,,,
QUERO VENDER,,,,allianceleiloes.com.br,[EMPRESA] - Caminhões - São Paulo / SP,2026-08-29,29/08/2026,09:00,SP,"Rua Tabatinguera, 140 - Sé - 01020-901 - São Paulo - SP - Brasil",https://www.allianceleiloes.com.br/lotes/514-01-cavalo-mecanico-mercedes-benz-axor-2041-ls,https://www.allianceleiloes.com.br/lotes/formulario/quero-vender,,,,https://www.allianceleiloes.com.br/lotes/514-01-cavalo-mecanico-mercedes-benz-axor-2041-ls,2026-08-25T04:08:48-03:00,http_200,,,,,,,
QUERO COMPRAR,,,,allianceleiloes.com.br,[EMPRESA] - Caminhões - São Paulo / SP,2026-08-29,29/08/2026,09:00,SP,"Rua Tabatinguera, 140 - Sé - 01020-901 - São Paulo - SP - Brasil",https://www.allianceleiloes.com.br/lotes/514-01-cavalo-mecanico-mercedes-benz-axor-2041-ls,https://www.allianceleiloes.com.br/lotes/formulario/quero-comprar,,,,https://www.allianceleiloes.com.br/lotes/514-01-cavalo-mecanico-mercedes-benz-axor-2041-ls,2026-08-25T04:08:48-03:00,http_200,,,,,,,
"Lote 1-104 - CENTRO LOGÍSTICO DOS CORREIOS - CAJAMAR Avenida Doutor João Abdalla nº 2727, Empresarial Colina CEP 07750-00 Cajamar - SP A visita de que trata o item anterior deverá ser realizada de segundas às sextas- feiras","CENTRO LOGÍSTICO DOS CORREIOS - CAJAMAR Avenida Doutor João Abdalla nº 2727, Empresarial Colina CEP 07750-00 Cajamar - SP A visita de que trata o item anterior deverá ser realizada de segundas às sextas- feiras, exceto feriados, em horário comercial, nos seguintes horários: de 09:00 hs às 12:00 hs e 14:00 hs às 16:00 hs. A visitação dos bens deverá ser previamente agendada, por meio do telefone (11) 4313-9389 - Cláudio Basilio ou pelo e-mail: CLAUDIOLOPES@correios.com.br ; (11)4313-7237 Vanildo Aparecido ou pelo e-mail: VANILDO@correios.com.br * Limite do Acolhimento das propostas: mesmos horá",,1-104,drive.usercontent.google.com,[ÓRGÃO PÚBLICO] - CORREIOS - PORTO ALEGRE/RS - Vans - Cajamar / SP,2026-08-31,31/08/2026,04:00,RS,"Avenida Doutor Antonio João Abdalla, 2727 - Empresarial Colina - 07750-983 - Cajamar - SP - Brasil",https://drive.google.com/file/d/1of8YRZJf08jaf1XFtPhq0cUlJBLHEa4k/view?usp=drive_link,https://drive.usercontent.google.com/download?id=1of8YRZJf08jaf1XFtPhq0cUlJBLHEa4k&export=download#lote-1-104,,,,https://drive.usercontent.google.com/download?id=1of8YRZJf08jaf1XFtPhq0cUlJBLHEa4k&export=download,2026-08-25T04:08:52-03:00,pdf_ok,,,,,,,
"Lote 4 - do presente edital, que trata das condições de participação, não sou empregados ou dirigente dos Correios, e que não tenho relação de parentesco até o terceiro grau civil com dirigentes ou empregados dos Correi","do presente edital, que trata das condições de participação, não sou empregados ou dirigente dos Correios, e que não tenho relação de parentesco até o terceiro grau civil com dirigentes ou empregados dos Correios. Local e data ASSINATURA DO ARREMATANTE OU REPRESENTANTE LEGAL DA EMPRESA NOME E CPF (Modelo III) TERMO DE CONSENTIMENTO Eu ................................................................., inscrito(a) no CPF nº ................., de acordo com as disposições da Lei nº 13.709/2018 - Lei Geral de Proteção de Dados Pessoais (LGPD) e as determinações de órgãos reguladores/fiscalizadores",,4,drive.usercontent.google.com,[ÓRGÃO PÚBLICO] - CORREIOS - PORTO ALEGRE/RS - Vans - Cajamar / SP,2026-08-31,31/08/2026,04:00,RS,"Avenida Doutor Antonio João Abdalla, 2727 - Empresarial Colina - 07750-983 - Cajamar - SP - Brasil",https://drive.google.com/file/d/1of8YRZJf08jaf1XFtPhq0cUlJBLHEa4k/view?usp=drive_link,https://drive.usercontent.google.com/download?id=1of8YRZJf08jaf1XFtPhq0cUlJBLHEa4k&export=download#lote-4,,,,https://drive.usercontent.google.com/download?id=1of8YRZJf08jaf1XFtPhq0cUlJBLHEa4k&export=download,2026-08-25T04:08:52-03:00,pdf_ok,,,,,,,
LOTE 001,,,001,leiloesfreire.com.br,[EMPRESA] - UNIMED - Veículos - Maceió / AL,2026-08-31,31/08/2026,09:00,AL,"Avenida Fernandes Lima, 1560 - Pitanguinha - 57052050 - Maceió - AL - Brasil",https://www.leiloesfreire.com.br/leilao/1139,https://www.leiloesfreire.com.br/leilao/lote/29912,https://www.leiloesfreire.com.br/storage/lotes/July2026/OIJEBUJCCakICgRzj0UB.jpeg,https://www.leiloesfreire.com.br/storage/leiloes/July2026/dQH5f4T5CXIEjffg6vAI.pdf,,https://www.leiloesfreire.com.br/leilao/1139,2026-08-25T04:08:49-03:00,http_200,,,,,,,
"VW/NOVO GOL 1.6 CITY, ANO/MOD 2014, COR BRANCA, COMBUS ALCO/GASOL, PLACA OHH7312, RENAVAM: 00999648730.",,,,leiloesfreire.com.br,[EMPRESA] - UNIMED - Veículos - Maceió / AL,2026-08-31,31/08/2026,09:00,AL,"Avenida Fernandes Lima, 1560 - Pitanguinha - 57052050 - Maceió - AL - Brasil",https://www.leiloesfreire.com.br/leilao/1139,https://www.leiloesfreire.com.br/leilao/lote/29912,https://www.leiloesfreire.com.br/storage/lotes/July2026/OIJEBUJCCakICgRzj0UB.jpeg,https://www.leiloesfreire.com.br/storage/leiloes/July2026/dQH5f4T5CXIEjffg6vAI.pdf,,https://www.leiloesfreire.com.br/leilao/1139,2026-08-25T04:08:49-03:00,http_200,,,,,,,
LOTE 002,,,002,leiloesfreire.com.br,[EMPRESA] - UNIMED - Veículos - Maceió / AL,2026-08-31,31/08/2026,09:00,AL,"Avenida Fernandes Lima, 1560 - Pitanguinha - 57052050 - Maceió - AL - Brasil",https://www.leiloesfreire.com.br/leilao/1139,https://www.leiloesfreire.com.br/leilao/lote/29913,https://www.leiloesfreire.com.br/storage/lotes/July2026/fc2qPYSB5ktAVlgLS6w2.jpeg,https://www.leiloesfreire.com.br/storage/leiloes/July2026/dQH5f4T5CXIEjffg6vAI.pdf,,https://www.leiloesfreire.com.br/leilao/1139,2026-08-25T04:08:49-03:00,http_200,,,,,,,
"VW/NOVO GOL 1.6 CITY, ANO/MOD 2014, COR BRANCA, COMBUS ALCO/GASOL, PLACA OHH7322, RENAVAM: 00999649167.",,,,leiloesfreire.com.br,[EMPRESA] - UNIMED - Veículos - Maceió / AL,2026-08-31,31/08/2026,09:00,AL,"Avenida Fernandes Lima, 1560 - Pitanguinha - 57052050 - Maceió - AL - Brasil",https://www.leiloesfreire.com.br/leilao/1139,https://www.leiloesfreire.com.br/leilao/lote/29913,https://www.leiloesfreire.com.br/storage/lotes/July2026/fc2qPYSB5ktAVlgLS6w2.jpeg,https://www.leiloesfreire.com.br/storage/leiloes/July2026/dQH5f4T5CXIEjffg6vAI.pdf,,https://www.leiloesfreire.com.br/leilao/1139,2026-08-25T04:08:49-03:00,http_200,,,,,,,
LOTE 003,,,003,leiloesfreire.com.br,[EMPRESA] - UNIMED - Veículos - Maceió / AL,2026-08-31,31/08/2026,09:00,AL,"Avenida Fernandes Lima, 1560 - Pitanguinha - 57052050 - Maceió - AL - Brasil",https://www.leiloesfreire.com.br/leilao/1139,https://www.leiloesfreire.com.br/leilao/lote/29914,https://www.leiloesfreire.com.br/storage/lotes/July2026/eazi92LOGjdN9U0XVXwe.jpeg,https://www.leiloesfreire.com.br/storage/leiloes/July2026/dQH5f4T5CXIEjffg6vAI.pdf,,https://www.leiloesfreire.com.br/leilao/1139,2026-08-25T04:08:49-03:00,http_200,,,,,,,
"CHEV/SPIN 1.8 SL MT LTZ, ANO/MOD 2018, COR BRANCA, COMBUS ALCO/GASOL, PLACA OXN5873, RENAVAM: 01143001416.",,,,leiloesfreire.com.br,[EMPRESA] - UNIMED - Veículos - Maceió / AL,2026-08-31,31/08/2026,09:00,AL,"Avenida Fernandes Lima, 1560 - Pitanguinha - 57052050 - Maceió - AL - Brasil",https://www.leiloesfreire.com.br/leilao/1139,https://www.leiloesfreire.com.br/leilao/lote/29914,https://www.leiloesfreire.com.br/storage/lotes/July2026/eazi92LOGjdN9U0XVXwe.jpeg,https://www.leiloesfreire.com.br/storage/leiloes/July2026/dQH5f4T5CXIEjffg6vAI.pdf,,https://www.leiloesfreire.com.br/leilao/1139,2026-08-25T04:08:49-03:00,http_200,,,,,,,
VEÍCULO VW/8.150E DELIVERY / REB/PIRAMIDE PRB500/ SEMI-REBOQUE/ CASA SÃO LOURENÇO,VEÍCULO VW/8.150E DELIVERY / REB/PIRAMIDE PRB500/ SEMI-REBOQUE/ CASA SÃO LOURENÇO,,,lipinskileiloes.com.br,"[EMPRESA] - Caminhões, Equipamentos, Imóveis - Rio Grande / RS",2026-09-03,03/09/2026,09:00,RS,96200-001 - Rio Grande - RS - Brasil,https://www.lipinskileiloes.com.br/leilao/veiculo-vw-8-150e-delivery-reb-piramide-prb500-semi-reboque-casa-sao-lourenco-22-04-2026-14-59-24/lotes/lista,https://www.lipinskileiloes.com.br/leilao/veiculo-vw-8-150e-delivery-reb-piramide-prb500-semi-reboque-casa-sao-lourenco-22-04-2026-14-59-24/lotes/lista,,,,https://www.lipinskileiloes.com.br/leilao/veiculo-vw-8-150e-delivery-reb-piramide-prb500-semi-reboque-casa-sao-lourenco-22-04-2026-14-59-24/lotes/lista,2026-08-25T04:08:49-03:00,http_200,,,,,,,
VEÍCULO VW/8.150E DELIVERY,VEÍCULO VW/8.150E DELIVERY,,,lipinskileiloes.com.br,"[EMPRESA] - Caminhões, Equipamentos, Imóveis - Rio Grande / RS",2026-09-03,03/09/2026,09:00,RS,96200-001 - Rio Grande - RS - Brasil,https://www.lipinskileiloes.com.br/leilao/veiculo-vw-8-150e-delivery-reb-piramide-prb500-semi-reboque-casa-sao-lourenco-22-04-2026-14-59-24/lotes/lista,https://www.lipinskileiloes.com.br/leilao/veiculo-vw-8-150e-delivery-reb-piramide-prb500-semi-reboque-casa-sao-lourenco-22-04-2026-14-59-24/lote_id/256,https://www.lipinskileiloes.com.br/uploads/media/default/0001/01/4b588657a54aacee1c6664e068e21f4c611b4984.jpg,,,https://www.lipinskileiloes.com.br/leilao/veiculo-vw-8-150e-delivery-reb-piramide-prb500-semi-reboque-casa-sao-lourenco-22-04-2026-14-59-24/lotes/lista,2026-08-25T04:08:49-03:00,http_200,,,,,,,
CASA SÃO LOURENÇO DO SUL,CASA SÃO LOURENÇO DO SUL,,,lipinskileiloes.com.br,"[EMPRESA] - Caminhões, Equipamentos, Imóveis - Rio Grande / RS",2026-09-03,03/09/2026,09:00,RS,96200-001 - Rio Grande - RS - Brasil,https://www.lipinskileiloes.com.br/leilao/veiculo-vw-8-150e-delivery-reb-piramide-prb500-semi-reboque-casa-sao-lourenco-22-04-2026-14-59-24/lotes/lista,https://www.lipinskileiloes.com.br/leilao/veiculo-vw-8-150e-delivery-reb-piramide-prb500-semi-reboque-casa-sao-lourenco-22-04-2026-14-59-24/lote_id/263,https://www.lipinskileiloes.com.br/uploads/media/default/0001/01/3af3e395242ea21ad0cbf38cdf98f47fa3221381.jpg,,,https://www.lipinskileiloes.com.br/leilao/veiculo-vw-8-150e-delivery-reb-piramide-prb500-semi-reboque-casa-sao-lourenco-22-04-2026-14-59-24/lotes/lista,2026-08-25T04:08:49-03:00,http_200,,,,,,,
VEÍCULO REB/PIRAMIDE PRB500,VEÍCULO REB/PIRAMIDE PRB500,,,lipinskileiloes.com.br,"[EMPRESA] - Caminhões, Equipamentos, Imóveis - Rio Grande / RS",2026-09-03,03/09/2026,09:00,RS,96200-001 - Rio Grande - RS - Brasil,https://www.lipinskileiloes.com.br/leilao/veiculo-vw-8-150e-delivery-reb-piramide-prb500-semi-reboque-casa-sao-lourenco-22-04-2026-14-59-24/lotes/lista,https://www.lipinskileiloes.com.br/leilao/veiculo-vw-8-150e-delivery-reb-piramide-prb500-semi-reboque-casa-sao-lourenco-22-04-2026-14-59-24/lote_id/259,https://www.lipinskileiloes.com.br/uploads/media/default/0001/01/75dc9bef5219f0f1f1937ad9cc66848d4adb32a7.jpg,,,https://www.lipinskileiloes.com.br/leilao/veiculo-vw-8-150e-delivery-reb-piramide-prb500-semi-reboque-casa-sao-lourenco-22-04-2026-14-59-24/lotes/lista,2026-08-25T04:08:49-03:00,http_200,,,,,,,
SEMI-REBOQUE,SEMI-REBOQUE,,,lipinskileiloes.com.br,"[EMPRESA] - Caminhões, Equipamentos, Imóveis - Rio Grande / RS",2026-09-03,03/09/2026,09:00,RS,96200-001 - Rio Grande - RS - Brasil,https://www.lipinskileiloes.com.br/leilao/veiculo-vw-8-150e-delivery-reb-piramide-prb500-semi-reboque-casa-sao-lourenco-22-04-2026-14-59-24/lotes/lista,https://www.lipinskileiloes.com.br/leilao/veiculo-vw-8-150e-delivery-reb-piramide-prb500-semi-reboque-casa-sao-lourenco-22-04-2026-14-59-24/lote_id/260,https://www.lipinskileiloes.com.br/uploads/media/default/0001/01/b0feb2dd9225da5dcc851f6bb76f8b957466a052.jpg,,,https://www.lipinskileiloes.com.br/leilao/veiculo-vw-8-150e-delivery-reb-piramide-prb500-semi-reboque-casa-sao-lourenco-22-04-2026-14-59-24/lotes/lista,2026-08-25T04:08:49-03:00,http_200,,,,,,,
Lipinski Leilões,,,,lipinskileiloes.com.br,"[EMPRESA] - Caminhões, Equipamentos, Imóveis - Rio Grande / RS",2026-09-03,03/09/2026,09:00,RS,96200-001 - Rio Grande - RS - Brasil,https://www.lipinskileiloes.com.br/leilao/veiculo-vw-8-150e-delivery-reb-piramide-prb500-semi-reboque-casa-sao-lourenco-22-04-2026-14-59-24/lotes/lista,https://www.lipinskileiloes.com.br/leilao/veiculo-vw-8-150e-delivery-reb-piramide-prb500-semi-reboque-casa-sao-lourenco-22-04-2026-14-59-24/lotes/lista#0,,,,https://www.lipinskileiloes.com.br/leilao/veiculo-vw-8-150e-delivery-reb-piramide-prb500-semi-reboque-casa-sao-lourenco-22-04-2026-14-59-24/lotes/lista,2026-08-25T04:08:49-03:00,http_200,,,,,,,
LEILÕES,,,,lipinskileiloes.com.br,"[EMPRESA] - Caminhões, Equipamentos, Imóveis - Rio Grande / RS",2026-09-03,03/09/2026,09:00,RS,96200-001 - Rio Grande - RS - Brasil,https://www.lipinskileiloes.com.br/leilao/veiculo-vw-8-150e-delivery-reb-piramide-prb500-semi-reboque-casa-sao-lourenco-22-04-2026-14-59-24/lotes/lista,https://www.lipinskileiloes.com.br/leilao/veiculo-vw-8-150e-delivery-reb-piramide-prb500-semi-reboque-casa-sao-lourenco-22-04-2026-14-59-24/lotes/lista,,,,https://www.lipinskileiloes.com.br/leilao/veiculo-vw-8-150e-delivery-reb-piramide-prb500-semi-reboque-casa-sao-lourenco-22-04-2026-14-59-24/lotes/lista,2026-08-25T04:08:49-03:00,http_200,,,,,,,
DIVERSOS 0 itens,,,,lipinskileiloes.com.br,"[EMPRESA] - Caminhões, Equipamentos, Imóveis - Rio Grande / RS",2026-09-03,03/09/2026,09:00,RS,96200-001 - Rio Grande - RS - Brasil,https://www.lipinskileiloes.com.br/leilao/veiculo-vw-8-150e-delivery-reb-piramide-prb500-semi-reboque-casa-sao-lourenco-22-04-2026-14-59-24/lotes/lista,https://www.lipinskileiloes.com.br/leilao/lotes/diversos,,,,https://www.lipinskileiloes.com.br/leilao/veiculo-vw-8-150e-delivery-reb-piramide-prb500-semi-reboque-casa-sao-lourenco-22-04-2026-14-59-24/lotes/lista,2026-08-25T04:08:49-03:00,http_200,,,,,,,
ELETRÔNICOS 0 itens,,,,lipinskileiloes.com.br,"[EMPRESA] - Caminhões, Equipamentos, Imóveis - Rio Grande / RS",2026-09-03,03/09/2026,09:00,RS,96200-001 - Rio Grande - RS - Brasil,https://www.lipinskileiloes.com.br/leilao/veiculo-vw-8-150e-delivery-reb-piramide-prb500-semi-reboque-casa-sao-lourenco-22-04-2026-14-59-24/lotes/lista,https://www.lipinskileiloes.com.br/leilao/lotes/eletronicos,,,,https://www.lipinskileiloes.com.br/leilao/veiculo-vw-8-150e-delivery-reb-piramide-prb500-semi-reboque-casa-sao-lourenco-22-04-2026-14-59-24/lotes/lista,2026-08-25T04:08:49-03:00,http_200,,,,,,,
EQUIPAMENTOS 0 itens,,,,lipinskileiloes.com.br,"[EMPRESA] - Caminhões, Equipamentos, Imóveis - Rio Grande / RS",2026-09-03,03/09/2026,09:00,RS,96200-001 - Rio Grande - RS - Brasil,https://www.lipinskileiloes.com.br/leilao/veiculo-vw-8-150e-delivery-reb-piramide-prb500-semi-reboque-casa-sao-lourenco-22-04-2026-14-59-24/lotes/lista,https://www.lipinskileiloes.com.br/leilao/lotes/equipamentos,,,,https://www.lipinskileiloes.com.br/leilao/veiculo-vw-8-150e-delivery-reb-piramide-prb500-semi-reboque-casa-sao-lourenco-22-04-2026-14-59-24/lotes/lista,2026-08-25T04:08:49-03:00,http_200,,,,,,,
IMÓVEIS 0 itens,,,,lipinskileiloes.com.br,"[EMPRESA] - Caminhões, Equipamentos, Imóveis - Rio Grande / RS",2026-09-03,03/09/2026,09:00,RS,96200-001 - Rio Grande - RS - Brasil,https://www.lipinskileiloes.com.br/leilao/veiculo-vw-8-150e-delivery-reb-piramide-prb500-semi-reboque-casa-sao-lourenco-22-04-2026-14-59-24/lotes/lista,https://www.lipinskileiloes.com.br/leilao/lotes/imoveis,,,,https://www.lipinskileiloes.com.br/leilao/veiculo-vw-8-150e-delivery-reb-piramide-prb500-semi-reboque-casa-sao-lourenco-22-04-2026-14-59-24/lotes/lista,2026-08-25T04:08:49-03:00,http_200,,,,,,,
MÁQUINAS 0 itens,,,,lipinskileiloes.com.br,"[EMPRESA] - Caminhões, Equipamentos, Imóveis - Rio Grande / RS",2026-09-03,03/09/2026,09:00,RS,96200-001 - Rio Grande - RS - Brasil,https://www.lipinskileiloes.com.br/leilao/veiculo-vw-8-150e-delivery-reb-piramide-prb500-semi-reboque-casa-sao-lourenco-22-04-2026-14-59-24/lotes/lista,https://www.lipinskileiloes.com.br/leilao/lotes/maquinas,,,,https://www.lipinskileiloes.com.br/leilao/veiculo-vw-8-150e-delivery-reb-piramide-prb500-semi-reboque-casa-sao-lourenco-22-04-2026-14-59-24/lotes/lista,2026-08-25T04:08:49-03:00,http_200,,,,,,,
SEMOVENTES 0 itens,,,,lipinskileiloes.com.br,"[EMPRESA] - Caminhões, Equipamentos, Imóveis - Rio Grande / RS",2026-09-03,03/09/2026,09:00,RS,96200-001 - Rio Grande - RS - Brasil,https://www.lipinskileiloes.com.br/leilao/veiculo-vw-8-150e-delivery-reb-piramide-prb500-semi-reboque-casa-sao-lourenco-22-04-2026-14-59-24/lotes/lista,https://www.lipinskileiloes.com.br/leilao/lotes/semoventes,,,,https://www.lipinskileiloes.com.br/leilao/veiculo-vw-8-150e-delivery-reb-piramide-prb500-semi-reboque-casa-sao-lourenco-22-04-2026-14-59-24/lotes/lista,2026-08-25T04:08:49-03:00,http_200,,,,,,,
SUCATAS 0 itens,,,,lipinskileiloes.com.br,"[EMPRESA] - Caminhões, Equipamentos, Imóveis - Rio Grande / RS",2026-09-03,03/09/2026,09:00,RS,96200-001 - Rio Grande - RS - Brasil,https://www.lipinskileiloes.com.br/leilao/veiculo-vw-8-150e-delivery-reb-piramide-prb500-semi-reboque-casa-sao-lourenco-22-04-2026-14-59-24/lotes/lista,https://www.lipinskileiloes.com.br/leilao/lotes/sucatas,,,,https://www.lipinskileiloes.com.br/leilao/veiculo-vw-8-150e-delivery-reb-piramide-prb500-semi-reboque-casa-sao-lourenco-22-04-2026-14-59-24/lotes/lista,2026-08-25T04:08:49-03:00,http_200,,,,,,,
VEÍCULOS 0 itens,,,,lipinskileiloes.com.br,"[EMPRESA] - Caminhões, Equipamentos, Imóveis - Rio Grande / RS",2026-09-03,03/09/2026,09:00,RS,96200-001 - Rio Grande - RS - Brasil,https://www.lipinskileiloes.com.br/leilao/veiculo-vw-8-150e-delivery-reb-piramide-prb500-semi-reboque-casa-sao-lourenco-22-04-2026-14-59-24/lotes/lista,https://www.lipinskileiloes.com.br/leilao/lotes/veiculos,,,,https://www.lipinskileiloes.com.br/leilao/veiculo-vw-8-150e-delivery-reb-piramide-prb500-semi-reboque-casa-sao-lourenco-22-04-2026-14-59-24/lotes/lista,2026-08-25T04:08:49-03:00,http_200,,,,,,,
LISTA,,,,lipinskileiloes.com.br,"[EMPRESA] - Caminhões, Equipamentos, Imóveis - Rio Grande / RS",2026-09-03,03/09/2026,09:00,RS,96200-001 - Rio Grande - RS - Brasil,https://www.lipinskileiloes.com.br/leilao/veiculo-vw-8-150e-delivery-reb-piramide-prb500-semi-reboque-casa-sao-lourenco-22-04-2026-14-59-24/lotes/lista,https://www.lipinskileiloes.com.br/leilao/veiculo-vw-8-150e-delivery-reb-piramide-prb500-semi-reboque-casa-sao-lourenco-22-04-2026-14-59-24/lotes/lista,,,,https://www.lipinskileiloes.com.br/leilao/veiculo-vw-8-150e-delivery-reb-piramide-prb500-semi-reboque-casa-sao-lourenco-22-04-2026-14-59-24/lotes/lista,2026-08-25T04:08:49-03:00,http_200,,,,,,,
"$(document).ready(function(){ $(""#carousel256_front .carousel-item:first"").addClass(""active""); $(""#carousel256_front .carousel-indicators li:first"").addClass(""active""); }); LOTE 000 - VEÍCULO VW/8.150E DELIVERY LOTE 000 - VEÍCULO VW/8.150E ",,,000,lipinskileiloes.com.br,"[EMPRESA] - Caminhões, Equipamentos, Imóveis - Rio Grande / RS",2026-09-03,03/09/2026,09:00,RS,96200-001 - Rio Grande - RS - Brasil,https://www.lipinskileiloes.com.br/leilao/veiculo-vw-8-150e-delivery-reb-piramide-prb500-semi-reboque-casa-sao-lourenco-22-04-2026-14-59-24/lotes/lista,https://www.lipinskileiloes.com.br/leilao/veiculo-vw-8-150e-delivery-reb-piramide-prb500-semi-reboque-casa-sao-lourenco-22-04-2026-14-59-24/lote_id/256,https://www.lipinskileiloes.com.br/media/cache/big/uploads/media/default/0001/01/c16c1636ff2fef6f7227fb4ae451e5275d52ecd1.jpg,,,https://www.lipinskileiloes.com.br/leilao/veiculo-vw-8-150e-delivery-reb-piramide-prb500-semi-reboque-casa-sao-lourenco-22-04-2026-14-59-24/lotes/lista,2026-08-25T04:08:49-03:00,http_200,,,,,,,
DETALHES,,,,lipinskileiloes.com.br,"[EMPRESA] - Caminhões, Equipamentos, Imóveis - Rio Grande / RS",2026-09-03,03/09/2026,09:00,RS,96200-001 - Rio Grande - RS - Brasil,https://www.lipinskileiloes.com.br/leilao/veiculo-vw-8-150e-delivery-reb-piramide-prb500-semi-reboque-casa-sao-lourenco-22-04-2026-14-59-24/lotes/lista,https://www.lipinskileiloes.com.br/leilao/veiculo-vw-8-150e-delivery-reb-piramide-prb500-semi-reboque-casa-sao-lourenco-22-04-2026-14-59-24/lote_id/256,https://www.lipinskileiloes.com.br/media/cache/big/uploads/media/default/0001/01/c16c1636ff2fef6f7227fb4ae451e5275d52ecd1.jpg,,,https://www.lipinskileiloes.com.br/leilao/veiculo-vw-8-150e-delivery-reb-piramide-prb500-semi-reboque-casa-sao-lourenco-22-04-2026-14-59-24/lotes/lista,2026-08-25T04:08:49-03:00,http_200,,,,,,,
"$(document).ready(function(){ $(""#carousel263_front .carousel-item:first"").addClass(""active""); $(""#carousel263_front .carousel-indicators li:first"").addClass(""active""); }); LOTE 000 - CASA SÃO LOURENÇO DO SUL",,,000,lipinskileiloes.com.br,"[EMPRESA] - Caminhões, Equipamentos, Imóveis - Rio Grande / RS",2026-09-03,03/09/2026,09:00,RS,96200-001 - Rio Grande - RS - Brasil,https://www.lipinskileiloes.com.br/leilao/veiculo-vw-8-150e-delivery-reb-piramide-prb500-semi-reboque-casa-sao-lourenco-22-04-2026-14-59-24/lotes/lista,https://www.lipinskileiloes.com.br/leilao/veiculo-vw-8-150e-delivery-reb-piramide-prb500-semi-reboque-casa-sao-lourenco-22-04-2026-14-59-24/lote_id/263,https://www.lipinskileiloes.com.br/media/cache/big/uploads/media/default/0001/01/3af3e395242ea21ad0cbf38cdf98f47fa3221381.jpg,,,https://www.lipinskileiloes.com.br/leilao/veiculo-vw-8-150e-delivery-reb-piramide-prb500-semi-reboque-casa-sao-lourenco-22-04-2026-14-59-24/lotes/lista,2026-08-25T04:08:49-03:00,http_200,,,,,,,
DETALHES,,,,lipinskileiloes.com.br,"[EMPRESA] - Caminhões, Equipamentos, Imóveis - Rio Grande / RS",2026-09-03,03/09/2026,09:00,RS,96200-001 - Rio Grande - RS - Brasil,https://www.lipinskileiloes.com.br/leilao/veiculo-vw-8-150e-delivery-reb-piramide-prb500-semi-reboque-casa-sao-lourenco-22-04-2026-14-59-24/lotes/lista,https://www.lipinskileiloes.com.br/leilao/veiculo-vw-8-150e-delivery-reb-piramide-prb500-semi-reboque-casa-sao-lourenco-22-04-2026-14-59-24/lote_id/263,https://www.lipinskileiloes.com.br/media/cache/big/uploads/media/default/0001/01/3af3e395242ea21ad0cbf38cdf98f47fa3221381.jpg,,,https://www.lipinskileiloes.com.br/leilao/veiculo-vw-8-150e-delivery-reb-piramide-prb500-semi-reboque-casa-sao-lourenco-22-04-2026-14-59-24/lotes/lista,2026-08-25T04:08:49-03:00,http_200,,,,,,,
"$(document).ready(function(){ $(""#carousel259_front .carousel-item:first"").addClass(""active""); $(""#carousel259_front .carousel-indicators li:first"").addClass(""active""); }); LOTE 001 - VEÍCULO REB/PIRAMIDE PRB500 LOTE 001 - VEÍCULO REB/PIRAM",,,001,lipinskileiloes.com.br,"[EMPRESA] - Caminhões, Equipamentos, Imóveis - Rio Grande / RS",2026-09-03,03/09/2026,09:00,RS,96200-001 - Rio Grande - RS - Brasil,https://www.lipinskileiloes.com.br/leilao/veiculo-vw-8-150e-delivery-reb-piramide-prb500-semi-reboque-casa-sao-lourenco-22-04-2026-14-59-24/lotes/lista,https://www.lipinskileiloes.com.br/leilao/veiculo-vw-8-150e-delivery-reb-piramide-prb500-semi-reboque-casa-sao-lourenco-22-04-2026-14-59-24/lote_id/259,https://www.lipinskileiloes.com.br/media/cache/big/uploads/media/default/0001/01/39f5964325e477196e4c2122873ed2110ec96db4.jpg,,,https://www.lipinskileiloes.com.br/leilao/veiculo-vw-8-150e-delivery-reb-piramide-prb500-semi-reboque-casa-sao-lourenco-22-04-2026-14-59-24/lotes/lista,2026-08-25T04:08:49-03:00,http_200,,,,,,,
DETALHES,,,,lipinskileiloes.com.br,"[EMPRESA] - Caminhões, Equipamentos, Imóveis - Rio Grande / RS",2026-09-03,03/09/2026,09:00,RS,96200-001 - Rio Grande - RS - Brasil,https://www.lipinskileiloes.com.br/leilao/veiculo-vw-8-150e-delivery-reb-piramide-prb500-semi-reboque-casa-sao-lourenco-22-04-2026-14-59-24/lotes/lista,https://www.lipinskileiloes.com.br/leilao/veiculo-vw-8-150e-delivery-reb-piramide-prb500-semi-reboque-casa-sao-lourenco-22-04-2026-14-59-24/lote_id/259,https://www.lipinskileiloes.com.br/media/cache/big/uploads/media/default/0001/01/39f5964325e477196e4c2122873ed2110ec96db4.jpg,,,https://www.lipinskileiloes.com.br/leilao/veiculo-vw-8-150e-delivery-reb-piramide-prb500-semi-reboque-casa-sao-lourenco-22-04-2026-14-59-24/lotes/lista,2026-08-25T04:08:49-03:00,http_200,,,,,,,
"$(document).ready(function(){ $(""#carousel260_front .carousel-item:first"").addClass(""active""); $(""#carousel260_front .carousel-indicators li:first"").addClass(""active""); }); LOTE 003 - SEMI-REBOQUE LOTE 003 - SEMI-REBOQUE LOTE 003 - SEMI-REB",,,003,lipinskileiloes.com.br,"[EMPRESA] - Caminhões, Equipamentos, Imóveis - Rio Grande / RS",2026-09-03,03/09/2026,09:00,RS,96200-001 - Rio Grande - RS - Brasil,https://www.lipinskileiloes.com.br/leilao/veiculo-vw-8-150e-delivery-reb-piramide-prb500-semi-reboque-casa-sao-lourenco-22-04-2026-14-59-24/lotes/lista,https://www.lipinskileiloes.com.br/leilao/veiculo-vw-8-150e-delivery-reb-piramide-prb500-semi-reboque-casa-sao-lourenco-22-04-2026-14-59-24/lote_id/260,https://www.lipinskileiloes.com.br/media/cache/big/uploads/media/default/0001/01/0e2f13eeffdf766aac20b7ba457cd792ef1ab199.jpg,,,https://www.lipinskileiloes.com.br/leilao/veiculo-vw-8-150e-delivery-reb-piramide-prb500-semi-reboque-casa-sao-lourenco-22-04-2026-14-59-24/lotes/lista,2026-08-25T04:08:49-03:00,http_200,,,,,,,
DETALHES,,,,lipinskileiloes.com.br,"[EMPRESA] - Caminhões, Equipamentos, Imóveis - Rio Grande / RS",2026-09-03,03/09/2026,09:00,RS,96200-001 - Rio Grande - RS - Brasil,https://www.lipinskileiloes.com.br/leilao/veiculo-vw-8-150e-delivery-reb-piramide-prb500-semi-reboque-casa-sao-lourenco-22-04-2026-14-59-24/lotes/lista,https://www.lipinskileiloes.com.br/leilao/veiculo-vw-8-150e-delivery-reb-piramide-prb500-semi-reboque-casa-sao-lourenco-22-04-2026-14-59-24/lote_id/260,https://www.lipinskileiloes.com.br/media/cache/big/uploads/media/default/0001/01/0e2f13eeffdf766aac20b7ba457cd792ef1ab199.jpg,,,https://www.lipinskileiloes.com.br/leilao/veiculo-vw-8-150e-delivery-reb-piramide-prb500-semi-reboque-casa-sao-lourenco-22-04-2026-14-59-24/lotes/lista,2026-08-25T04:08:49-03:00,http_200,,,,,,,
Gerenciar Cookies,,,,lipinskileiloes.com.br,"[EMPRESA] - Caminhões, Equipamentos, Imóveis - Rio Grande / RS",2026-09-03,03/09/2026,09:00,RS,96200-001 - Rio Grande - RS - Brasil,https://www.lipinskileiloes.com.br/leilao/veiculo-vw-8-150e-delivery-reb-piramide-prb500-semi-reboque-casa-sao-lourenco-22-04-2026-14-59-24/lotes/lista,https://www.lipinskileiloes.com.br/leilao/veiculo-vw-8-150e-delivery-reb-piramide-prb500-semi-reboque-casa-sao-lourenco-22-04-2026-14-59-24/lotes/lista,,,,https://www.lipinskileiloes.com.br/leilao/veiculo-vw-8-150e-delivery-reb-piramide-prb500-semi-reboque-casa-sao-lourenco-22-04-2026-14-59-24/lotes/lista,2026-08-25T04:08:49-03:00,http_200,,,,,,,
TOYOTA COROLLA GLI18 CVT ANO: 2016/2017 PLACA FINAL 8 (SC),"TOYOTA COROLLA GLI18 CVT ANO: 2016/2017 PLACA FINAL 8 (SC) MARCA: TOYOTA MODELO: COROLLA GLI18 CVT PLACA FINAL: 8 (SC) ANO FAB/MODELO: 2016/2017 DÉBITOS: R$ 130,16 KM ACIMA DE: 88828 COMBUSTÍVEL: FLEX (ÁLCOOL/GASOLINA) COR: PRATA PORTAS: 04 ACESSÓRIOS: CÂMBIO: AUTOMÁTICO DIREÇÃO: HIDRÁULICA AR CONDICIONADO: SIM VIDROS: ELÉTRICOS RODAS: LIGA LEVE BANCOS: COURO APARELHO DE SOM: SIM, ORIGINAL CONDIÇÕES GERAIS: MOTOR: FUNCIONANDO PINTURA: BOA LATARIA: BOA TAPEÇARIA: BOA PNEUS: REGULARES OBSERVAÇÕES: CAPÔ: PIQUES DE PEDRA PARA-CHOQUE DIANTEIRO: RISCADO/PIQUES DE PEDRA PORTA DIANTEIRA DIREITA: RISCA","R$ 48.000,00",1,eckertleiloes.com.br,"[PREFEITURA] - Veículos, Vans, Caminhões, Máquinas, Equipamentos, Sucatas - Formosa do Sul / SC",2026-09-09,09/09/2026,10:00,SC,"Formosa do Sul - SC, Santa Catarina",https://www.eckertleiloes.com.br/evento/municipio-de-formosa-do-sul-sc-790442?searchType=opened&preOrderBy=orderByFirstOpenedOffers&pageNumber=1&pageSize=30&orderBy=lotNumber:asc;subLotNumber:asc&,https://www.eckertleiloes.com.br/oferta/toyota-corolla-gli18-cvt-ano-2016-2017-placa-final-8-sc-4860778,https://ms.sbwebservices.net/photos/25f11897-ae21-43b0-a880-60859d966491.jpg,,,https://www.eckertleiloes.com.br/evento/municipio-de-formosa-do-sul-sc-790442?searchType=opened&preOrderBy=orderByFirstOpenedOffers&pageNumber=1&pageSize=30&orderBy=lotNumber:asc;subLotNumber:asc&,2026-08-25T04:08:51-03:00,api_superbid_ok,,,,,,,
TOYOTA ETIOS HB X 13L MT ANO: 2017/2018 PLACA FINAL 3 (SC),"TOYOTA ETIOS HB X 13L MT ANO: 2017/2018 PLACA FINAL 3 (SC) MARCA: TOYOTA MODELO: ETIOS HB X 13L MT PLACA FINAL: 3 (SC) ANO FAB/MODELO: 2017/2018 DÉBITOS: NADA CONSTA KM ACIMA DE: 116070 COMBUSTÍVEL: FLEX (ÁLCOOL/GASOLINA) COR: PRATA PORTAS: 04 ACESSÓRIOS: CÂMBIO: MANUAL DIREÇÃO: HIDRÁULICA AR CONDICIONADO: SIM VIDROS: ELÉTRICOS RODAS: FERRO BANCOS: TECIDO APARELHO DE SOM: SIM CONDIÇÕES GERAIS: MOTOR: FUNCIONANDO PINTURA: REGULAR LATARIA: REGULAR TAPEÇARIA: RUIM, SUJA PNEUS: REGULARES OBSERVAÇÕES: CAPÔ: PIQUES DE PEDRA/RISCADO PARA-CHOQUE DIANTEIRO: QUEBRADO/PIQUES DE PEDRA/RISCADO PARA-LAMA DI","R$ 30.400,00",2,eckertleiloes.com.br,"[PREFEITURA] - Veículos, Vans, Caminhões, Máquinas, Equipamentos, Sucatas - Formosa do Sul / SC",2026-09-09,09/09/2026,10:00,SC,"Formosa do Sul - SC, Santa Catarina",https://www.eckertleiloes.com.br/evento/municipio-de-formosa-do-sul-sc-790442?searchType=opened&preOrderBy=orderByFirstOpenedOffers&pageNumber=1&pageSize=30&orderBy=lotNumber:asc;subLotNumber:asc&,https://www.eckertleiloes.com.br/oferta/toyota-etios-hb-x-13l-mt-ano-2017-2018-placa-final-3-sc-4860777,https://ms.sbwebservices.net/photos/25e03bd4-3e31-44c3-8289-d3e81b248d7e.jpg,,,https://www.eckertleiloes.com.br/evento/municipio-de-formosa-do-sul-sc-790442?searchType=opened&preOrderBy=orderByFirstOpenedOffers&pageNumber=1&pageSize=30&orderBy=lotNumber:asc;subLotNumber:asc&,2026-08-25T04:08:51-03:00,api_superbid_ok,,,,,,,
RENAULT MASTER TCA MIC ANO: 2017/2018 PLACA FINAL 9 (SC),RENAULT MASTER TCA MIC ANO: 2017/2018 PLACA FINAL 9 (SC) MARCA: RENAULT MODELO: MASTER TCA MIC PLACA FINAL: 9 (SC) ANO FAB/MODELO: 2017/2018 DÉBITOS: NADA CONSTA KM ACIMA DE: 276345 COMBUSTÍVEL: DIESEL COR: BRANCA PORTAS: 04 ACESSÓRIOS: CÂMBIO: MANUAL DIREÇÃO: HIDRÁULICA AR CONDICIONADO: SIM VIDROS: ELÉTRICOS RODAS: LIGA LEVE BANCOS: COURO APARELHO DE SOM: NÃO CONDIÇÕES GERAIS: MOTOR: FUNCIONANDO PINTURA: REGULAR LATARIA: REGULAR TAPEÇARIA: REGULAR PNEUS: RUINS OBSERVAÇÕES: COMPRESSOR DO AR CONDICIONADO: AVARIADO PARA-BRISA: QUEBRADO CAPÔ: PIQUES DE PEDRA PARA-CHOQUE DIANTEIRO: FOSCO/RISCADO P,"R$ 86.900,00",3,eckertleiloes.com.br,"[PREFEITURA] - Veículos, Vans, Caminhões, Máquinas, Equipamentos, Sucatas - Formosa do Sul / SC",2026-09-09,09/09/2026,10:01,SC,"Formosa do Sul - SC, Santa Catarina",https://www.eckertleiloes.com.br/evento/municipio-de-formosa-do-sul-sc-790442?searchType=opened&preOrderBy=orderByFirstOpenedOffers&pageNumber=1&pageSize=30&orderBy=lotNumber:asc;subLotNumber:asc&,https://www.eckertleiloes.com.br/oferta/renault-master-tca-mic-ano-2017-2018-placa-final-9-sc-4860776,https://ms.sbwebservices.net/photos/d94aa7f3-d8a8-45f0-ad1b-ca3b985af476.jpg,,,https://www.eckertleiloes.com.br/evento/municipio-de-formosa-do-sul-sc-790442?searchType=opened&preOrderBy=orderByFirstOpenedOffers&pageNumber=1&pageSize=30&orderBy=lotNumber:asc;subLotNumber:asc&,2026-08-25T04:08:51-03:00,api_superbid_ok,,,,,,,
CAMINHÃO BASCULANTE 4X2 MERCEDES-BENZ LK 1313 ANO: 1982/1983 PLACA FINAL 7 (SC),"CAMINHÃO BASCULANTE 4X2 MERCEDES-BENZ LK 1313 ANO: 1982/1983 PLACA FINAL 7 (SC) MARCA: MERCEDES-BENZ MODELO: LK 1313 ANO FAB/MODELO: 1982/1983 PLACA FINAL: 7 (SC) KM ACIMA DE: 191034 COMBUSTÍVEL: DIESEL COR: VERDE DÉBITOS: NADA CONSTA PATRIMÔNIO: 2903 ACESSÓRIOS: CÂMBIO: MANUAL EIXOS: 02 TRAÇÃO: 4X2 CARROCERIA: BASCULANTE MEDIDAS APROXIMADAS DA CARROCERIA: 3,60 X 2,30 X 0,90 1º CARDAN: SIM 1º DIFERENCIAL: SIM TACÓGRAFO: NÃO CONDIÇÕES GERAIS: MOTOR: FUNCIONANDO BANCOS: RASGADOS TAPEÇARIA: RUIM PINTURA: RUIM LATARIA: RUIM PNEUS: 06 ESTADO DOS PNEUS: BONS OBSERVAÇÕES: GRADE: AVARIADA/ENFERRUJADA/","R$ 26.500,00",4,eckertleiloes.com.br,"[PREFEITURA] - Veículos, Vans, Caminhões, Máquinas, Equipamentos, Sucatas - Formosa do Sul / SC",2026-09-09,09/09/2026,10:01,SC,"Formosa do Sul - SC, Santa Catarina",https://www.eckertleiloes.com.br/evento/municipio-de-formosa-do-sul-sc-790442?searchType=opened&preOrderBy=orderByFirstOpenedOffers&pageNumber=1&pageSize=30&orderBy=lotNumber:asc;subLotNumber:asc&,https://www.eckertleiloes.com.br/oferta/caminhao-basculante-4x2-mercedes-benz-lk-1313-ano-1982-1983-placa-final-7-sc-4858312,https://ms.sbwebservices.net/photos/efa834ae-b9f3-45fb-a98f-3bb6a44fc9da.jpg,,,https://www.eckertleiloes.com.br/evento/municipio-de-formosa-do-sul-sc-790442?searchType=opened&preOrderBy=orderByFirstOpenedOffers&pageNumber=1&pageSize=30&orderBy=lotNumber:asc;subLotNumber:asc&,2026-08-25T04:08:51-03:00,api_superbid_ok,,,,,,,
RETROESCAVADEIRA CASE 580M ANO:2010,"RETROESCAVADEIRA CASE 580M ANO:2010 MARCA: CASE MODELO: 580M ANO: 2010 SÉRIE: NAAH23550 HORÍMETRO: 10514 CAPACIDADE: NÃO VISUALIZADA IMPLEMENTOS: CONCHA DIANTEIRA COM H E LANÇA TRASEIRA COM CONCHA PNEUS: 04 ESTADO DOS PNEUS: REGULARES CONDIÇÕES GERAIS: MOTOR: NÃO TESTADO TRAÇÃO: 4X4 OBSERVAÇÕES: CONVERSOR DE TORQUE: APRESENTA AVARIAS BANCO DO OPERADOR: RASGADO LANÇA TRASEIRA: APRESENTA SOLDAS BATERIA: FALTA PNEU DIANTEIRO ESQUERDO: FURADO CAPÔ: PINTURA DESCASCANDO/AMASSADO TORQUE: AVARIADO PODENDO APRESENTAR PONTOS DE FERRUGEM E CORROSÃO FALTAM PARTES, PEÇAS E COMPONENTES APRESENTA RISCOS E AM","R$ 85.000,00",5,eckertleiloes.com.br,"[PREFEITURA] - Veículos, Vans, Caminhões, Máquinas, Equipamentos, Sucatas - Formosa do Sul / SC",2026-09-09,09/09/2026,10:02,SC,"Formosa do Sul - SC, Santa Catarina",https://www.eckertleiloes.com.br/evento/municipio-de-formosa-do-sul-sc-790442?searchType=opened&preOrderBy=orderByFirstOpenedOffers&pageNumber=1&pageSize=30&orderBy=lotNumber:asc;subLotNumber:asc&,https://www.eckertleiloes.com.br/oferta/retroescavadeira-case-580m-ano-2010-4858311,https://ms.sbwebservices.net/photos/cd0b00c3-d5d9-4bac-83c2-3957818046d9.jpg,,,https://www.eckertleiloes.com.br/evento/municipio-de-formosa-do-sul-sc-790442?searchType=opened&preOrderBy=orderByFirstOpenedOffers&pageNumber=1&pageSize=30&orderBy=lotNumber:asc;subLotNumber:asc&,2026-08-25T04:08:51-03:00,api_superbid_ok,,,,,,,
RETROESCAVADEIRA CATERPILLAR 416 E ANO: 2013,RETROESCAVADEIRA CATERPILLAR 416 E ANO: 2013 MARCA: CATERPILLAR MODELO: 416 E ANO: 2013 SÉRIE: NÃO VISUALIZADA HORÍMETRO: 9861 CAPACIDADE: NÃO VISUALIZADA IMPLEMENTOS: CONCHA DIANTEIRA COM H E LANÇA TRASEIRA COM CONCHA PNEUS: 04 ESTADO DOS PNEUS: REGULARES PATRIMÔNIO: 3256 CONDIÇÕES GERAIS: MOTOR: NÃO TESTADO/CONSOME ÓLEO TRAÇÃO: 4X4 OBSERVAÇÕES: BANCO DO OPERADOR: RASGADO PARA-LAMA ESQUERDO: QUEBRADO CAPÔ: AMASSADO/QUEBRADO LANÇA TRASEIRA: APRESENTA SOLDAS BATERIA: FALTA TAMPAS LATERAIS DO MOTOR: QUEBRADAS EQUIPAMENTO APRESENTA AVARIAS MÁQUINA DESATIVADA EM FUNCIONAMENTO PODENDO APRESENTAR PO,"R$ 75.000,00",6,eckertleiloes.com.br,"[PREFEITURA] - Veículos, Vans, Caminhões, Máquinas, Equipamentos, Sucatas - Formosa do Sul / SC",2026-09-09,09/09/2026,10:02,SC,"Formosa do Sul - SC, Santa Catarina",https://www.eckertleiloes.com.br/evento/municipio-de-formosa-do-sul-sc-790442?searchType=opened&preOrderBy=orderByFirstOpenedOffers&pageNumber=1&pageSize=30&orderBy=lotNumber:asc;subLotNumber:asc&,https://www.eckertleiloes.com.br/oferta/retroescavadeira-caterpillar-416-e-ano-2013-4858310,https://ms.sbwebservices.net/photos/c2e8dbc9-d858-40b2-8fbf-335fd6e1034e.jpg,,,https://www.eckertleiloes.com.br/evento/municipio-de-formosa-do-sul-sc-790442?searchType=opened&preOrderBy=orderByFirstOpenedOffers&pageNumber=1&pageSize=30&orderBy=lotNumber:asc;subLotNumber:asc&,2026-08-25T04:08:51-03:00,api_superbid_ok,,,,,,,
TRATOR DE PNEUS NEW HOLLAND 7630 ANO: 2008,"TRATOR DE PNEUS NEW HOLLAND 7630 ANO: 2008 MARCA: NEW HOLLAND MODELO: 7630 ANO: 2008 SÉRIE: LG DP 3248 HORÍMETRO: ACIMA DE 7.031 (HORÍMETRO ORIGINAL AVARIADO, SUSBTITUÍDO) CAPACIDADE: NÃO VISUALIZADA IMPLEMENTOS: 06 CONTRAPESOS TRASEIROS PNEUS: 04 ESTADO DOS PNEUS: REGULARES PATRIMÔNIO: 2723 CONDIÇÕES GERAIS: MOTOR: FUNCIONANDO TRAÇÃO: 4X4 OBSERVAÇÕES: CAPÔ: AMASSADO/PINTURA DESCASCANDO TETO: PINTURA DESCASCANDO/AMASSADO PARA-BRISA: TRINCADO LANTERNAS TRASEIRAS: FALTAM BANCO DO OPERADOR: RASGADO FALTAM PARTES, PEÇAS E COMPONENTES APRESENTA RISCOS E AMASSADOS PODENDO CONTER PONTOS DE FERRUGEM E","R$ 79.000,00",7,eckertleiloes.com.br,"[PREFEITURA] - Veículos, Vans, Caminhões, Máquinas, Equipamentos, Sucatas - Formosa do Sul / SC",2026-09-09,09/09/2026,10:03,SC,"Formosa do Sul - SC, Santa Catarina",https://www.eckertleiloes.com.br/evento/municipio-de-formosa-do-sul-sc-790442?searchType=opened&preOrderBy=orderByFirstOpenedOffers&pageNumber=1&pageSize=30&orderBy=lotNumber:asc;subLotNumber:asc&,https://www.eckertleiloes.com.br/oferta/trator-de-pneus-new-holland-7630-ano-2008-4858309,https://ms.sbwebservices.net/photos/a89b6745-f680-40d6-b659-e80d97c7242f.jpg,,,https://www.eckertleiloes.com.br/evento/municipio-de-formosa-do-sul-sc-790442?searchType=opened&preOrderBy=orderByFirstOpenedOffers&pageNumber=1&pageSize=30&orderBy=lotNumber:asc;subLotNumber:asc&,2026-08-25T04:08:51-03:00,api_superbid_ok,,,,,,,
TRATOR DE PNEUS FORD/NEW HOLLAND 5030 ANO: 1996,"TRATOR DE PNEUS FORD/NEW HOLLAND 5030 ANO: 1996 MARCA: FORD/NEW HOLLAND MODELO: 5030 ANO: 1996 SÉRIE: CB772 CHASSI: 260367 HORÍMETRO: 7066 CAPACIDADE: NÃO VISUALIZADA IMPLEMENTOS: 11 CONTRAPESOS DIANTEIROS E 06 CONTRAPESOS TRASEIROS PNEUS: 04 ESTADO DOS PNEUS: REGULARES CONDIÇÕES GERAIS: MOTOR: FUNCIONANDO TRAÇÃO: 4X4 OBSERVAÇÕES: BATERIA: SEM CARGA BANCO DO OPERADOR: RASGADO PARA-LAMAS DIANTEIROS: QUEBRADOS TETO: ENFERRUJADO PARA-LAMAS TRASEIROS: AMASSADOS PODENDO FALTAR PARTES, PEÇAS E COMPONENTES APRESENTA RISCOS, AMASSADOS E PONTOS DE FERRUGEM CONFORME LOTE EXPOSTO Os bens serão vendidos N","R$ 45.000,00",8,eckertleiloes.com.br,"[PREFEITURA] - Veículos, Vans, Caminhões, Máquinas, Equipamentos, Sucatas - Formosa do Sul / SC",2026-09-09,09/09/2026,10:03,SC,"Formosa do Sul - SC, Santa Catarina",https://www.eckertleiloes.com.br/evento/municipio-de-formosa-do-sul-sc-790442?searchType=opened&preOrderBy=orderByFirstOpenedOffers&pageNumber=1&pageSize=30&orderBy=lotNumber:asc;subLotNumber:asc&,https://www.eckertleiloes.com.br/oferta/trator-de-pneus-ford-new-holland-5030-ano-1996-4860775,https://ms.sbwebservices.net/photos/63d55d01-71ce-41bb-a30b-35da9c120924.jpg,,,https://www.eckertleiloes.com.br/evento/municipio-de-formosa-do-sul-sc-790442?searchType=opened&preOrderBy=orderByFirstOpenedOffers&pageNumber=1&pageSize=30&orderBy=lotNumber:asc;subLotNumber:asc&,2026-08-25T04:08:51-03:00,api_superbid_ok,,,,,,,
ROLO COMPACTADOR DYNAPAC ANO: 2010,"ROLO COMPACTADOR DYNAPAC CH-44 ANO: 2010 MARCA: DYNAPAC MODELO: CH-44 SÉRIE: NÃO VISUALIZADA ANO: 2010 PATRIMÔNIO: 2719 OBSERVAÇÕES: EQUIPAMENTO FUNCIONANDO PODENDO FALTAR PARTES, PEÇAS E COMPONENTES PODENDO CONTER AMASSADOS, AVARIAS E PONTOS DE FERRUGEM CONFORME LOTE EXPOSTO Os bens serão vendidos NO ESTADO em que se encontram, SEM GARANTIA e SEM DIREITO A TROCA. É fundamental que o interessado realize a visitação in loco, visto que a empresa organizadora do leilão e o comitente vendedor não garantem a regularidade mecânica, elétrica, eletrônica ou hidráulica dos itens ofertados no evento, be","R$ 14.000,00",9,eckertleiloes.com.br,"[PREFEITURA] - Veículos, Vans, Caminhões, Máquinas, Equipamentos, Sucatas - Formosa do Sul / SC",2026-09-09,09/09/2026,10:04,SC,"Formosa do Sul - SC, Santa Catarina",https://www.eckertleiloes.com.br/evento/municipio-de-formosa-do-sul-sc-790442?searchType=opened&preOrderBy=orderByFirstOpenedOffers&pageNumber=1&pageSize=30&orderBy=lotNumber:asc;subLotNumber:asc&,https://www.eckertleiloes.com.br/oferta/rolo-compactador-dynapac-ano-2010-4860774,https://ms.sbwebservices.net/photos/ca3154c7-8990-4683-86b2-88ac61fbed38.jpg,,,https://www.eckertleiloes.com.br/evento/municipio-de-formosa-do-sul-sc-790442?searchType=opened&preOrderBy=orderByFirstOpenedOffers&pageNumber=1&pageSize=30&orderBy=lotNumber:asc;subLotNumber:asc&,2026-08-25T04:08:51-03:00,api_superbid_ok,,,,,,,
CARRETA AGRÍCOLA IAC BASCULANTE,"CARRETA AGRÍCOLA IAC BASCULANTE MARCA: IAC MODELO: NÃO VISUALIZADO ANO: NÃO VISUALIZADO PATRIMÔNIO: 632 CAPACIDADE: 4 TONELADAS APROXIMADAMENTE OBSERVAÇÕES: EIXO: TANDEM PISTÃO CENTRAL CARRETA: BASCULANTE 04 PNEUS: REGULARES PODENDO FALTAR PARTES, PEÇAS E COMPONENTES PODENDO CONTER AMASSADOS, AVARIAS E PONTOS DE FERRUGEM CONFORME LOTE EXPOSTO Os bens serão vendidos NO ESTADO em que se encontram, SEM GARANTIA e SEM DIREITO A TROCA. É fundamental que o interessado realize a visitação in loco, visto que a empresa organizadora do leilão e o comitente vendedor não garantem a regularidade mecânica, ","R$ 4.900,00",10,eckertleiloes.com.br,"[PREFEITURA] - Veículos, Vans, Caminhões, Máquinas, Equipamentos, Sucatas - Formosa do Sul / SC",2026-09-09,09/09/2026,10:04,SC,"Formosa do Sul - SC, Santa Catarina",https://www.eckertleiloes.com.br/evento/municipio-de-formosa-do-sul-sc-790442?searchType=opened&preOrderBy=orderByFirstOpenedOffers&pageNumber=1&pageSize=30&orderBy=lotNumber:asc;subLotNumber:asc&,https://www.eckertleiloes.com.br/oferta/carreta-agricola-iac-basculante-4860779,https://ms.sbwebservices.net/photos/639455c4-460f-4d22-ae50-6863447188ae.jpg,,,https://www.eckertleiloes.com.br/evento/municipio-de-formosa-do-sul-sc-790442?searchType=opened&preOrderBy=orderByFirstOpenedOffers&pageNumber=1&pageSize=30&orderBy=lotNumber:asc;subLotNumber:asc&,2026-08-25T04:08:51-03:00,api_superbid_ok,,,,,,,
CARRETA AGRÍCOLA BASCULANTE,"CARRETA AGRÍCOLA BASCULANTE MARCA: NÃO VISUALIZADA MODELO: NÃO VISUALIZADO ANO: NÃO VISUALIZADO PATRIMÔNIO: 2137 CAPACIDADE: 5 TONELADAS APROXIMADAMENTE OBSERVAÇÕES: EIXO: TANDEM PISTÃO CENTRAL CARRETA: BASCULANTE 04 PNEUS: REGULARES PODENDO FALTAR PARTES, PEÇAS E COMPONENTES PODENDO CONTER AMASSADOS, AVARIAS E PONTOS DE FERRUGEM CONFORME LOTE EXPOSTO Os bens serão vendidos NO ESTADO em que se encontram, SEM GARANTIA e SEM DIREITO A TROCA. É fundamental que o interessado realize a visitação in loco, visto que a empresa organizadora do leilão e o comitente vendedor não garantem a regularidade m","R$ 8.100,00",11,eckertleiloes.com.br,"[PREFEITURA] - Veículos, Vans, Caminhões, Máquinas, Equipamentos, Sucatas - Formosa do Sul / SC",2026-09-09,09/09/2026,10:05,SC,"Formosa do Sul - SC, Santa Catarina",https://www.eckertleiloes.com.br/evento/municipio-de-formosa-do-sul-sc-790442?searchType=opened&preOrderBy=orderByFirstOpenedOffers&pageNumber=1&pageSize=30&orderBy=lotNumber:asc;subLotNumber:asc&,https://www.eckertleiloes.com.br/oferta/carreta-agricola-basculante-4860772,https://ms.sbwebservices.net/photos/dcd0bced-f6df-486f-8b7e-6b40ab769dbf.jpg,,,https://www.eckertleiloes.com.br/evento/municipio-de-formosa-do-sul-sc-790442?searchType=opened&preOrderBy=orderByFirstOpenedOffers&pageNumber=1&pageSize=30&orderBy=lotNumber:asc;subLotNumber:asc&,2026-08-25T04:08:51-03:00,api_superbid_ok,,,,,,,
CARROCERIA METÁLICA BASCULANTE LIBRELATO,"CARROCERIA METÁLICA BASCULANTE LIBRELATO MARCA: LIBRELATO ANO: NÃO VISUALIZADO MEDIDAS APROXIMADAS: COMPRIMENTO: 4,90 LARGURA: 2,40 ALTURA: 1,05 OBSERVAÇÕES: TAMPA TRASEIRA: ACOMPANHA PISTÃO: ACOMPANHA SOMENTE CARROCERIA, VEÍCULO NÃO ACOMPANHA PODENDO FALTAR PARTES, PEÇAS E COMPONENTES PODENDO CONTER AMASSADOS, AVARIAS E PONTOS DE FERRUGEM CONFORME LOTE EXPOSTO Os bens serão vendidos NO ESTADO em que se encontram, SEM GARANTIA e SEM DIREITO A TROCA. É fundamental que o interessado realize a visitação in loco, visto que a empresa organizadora do leilão e o comitente vendedor não garantem a regu","R$ 18.000,00",12,eckertleiloes.com.br,"[PREFEITURA] - Veículos, Vans, Caminhões, Máquinas, Equipamentos, Sucatas - Formosa do Sul / SC",2026-09-09,09/09/2026,10:05,SC,"Formosa do Sul - SC, Santa Catarina",https://www.eckertleiloes.com.br/evento/municipio-de-formosa-do-sul-sc-790442?searchType=opened&preOrderBy=orderByFirstOpenedOffers&pageNumber=1&pageSize=30&orderBy=lotNumber:asc;subLotNumber:asc&,https://www.eckertleiloes.com.br/oferta/carroceria-metalica-basculante-librelato-4860771,https://ms.sbwebservices.net/photos/fdce367b-4e92-4a3c-a231-d40934d4fdbb.jpg,,,https://www.eckertleiloes.com.br/evento/municipio-de-formosa-do-sul-sc-790442?searchType=opened&preOrderBy=orderByFirstOpenedOffers&pageNumber=1&pageSize=30&orderBy=lotNumber:asc;subLotNumber:asc&,2026-08-25T04:08:51-03:00,api_superbid_ok,,,,,,,
BRITADOR MÓVEL AÇOS PLANGG SR-1016,"BRITADOR MÓVEL AÇOS PLANGG SR-1016 MARCA: AÇOS PLANGG MODELO: SR-1016 ANO: NÃO VISUALIZADO PATRIMÔNIO: 2136 OBSERVAÇÕES: EQUIPAMENTO NÃO TESTADO PODENDO FALTAR PARTES, PEÇAS E COMPONENTES PODENDO CONTER AMASSADOS, AVARIAS E PONTOS DE FERRUGEM CONFORME LOTE EXPOSTO Os bens serão vendidos NO ESTADO em que se encontram, SEM GARANTIA e SEM DIREITO A TROCA. É fundamental que o interessado realize a visitação in loco, visto que a empresa organizadora do leilão e o comitente vendedor não garantem a regularidade mecânica, elétrica, eletrônica ou hidráulica dos itens ofertados no evento, bem como de su","R$ 25.000,00",13,eckertleiloes.com.br,"[PREFEITURA] - Veículos, Vans, Caminhões, Máquinas, Equipamentos, Sucatas - Formosa do Sul / SC",2026-09-09,09/09/2026,10:06,SC,"Formosa do Sul - SC, Santa Catarina",https://www.eckertleiloes.com.br/evento/municipio-de-formosa-do-sul-sc-790442?searchType=opened&preOrderBy=orderByFirstOpenedOffers&pageNumber=1&pageSize=30&orderBy=lotNumber:asc;subLotNumber:asc&,https://www.eckertleiloes.com.br/oferta/britador-movel-acos-plangg-sr-1016-4858308,https://ms.sbwebservices.net/photos/0273f718-26aa-41a5-9cf8-d2d9a1a13c0a.jpg,,,https://www.eckertleiloes.com.br/evento/municipio-de-formosa-do-sul-sc-790442?searchType=opened&preOrderBy=orderByFirstOpenedOffers&pageNumber=1&pageSize=30&orderBy=lotNumber:asc;subLotNumber:asc&,2026-08-25T04:08:51-03:00,api_superbid_ok,,,,,,,
ENSILADEIRA DE LINHA NOGUEIRA NEW PECUS G2,"ENSILADEIRA DE LINHA NOGUEIRA NEW PECUS G2 MARCA: NOGUEIRA MODELO: NEW PECUS G2 SÉRIE: AECC- 012525 ANO: NÃO VISUALIZADO PATRIMÔNIO: 19988 OBSERVAÇÕES: EQUIPAMENTO NÃO TESTADO PODENDO FALTAR PARTES, PEÇAS E COMPONENTES PODENDO CONTER AMASSADOS, AVARIAS E PONTOS DE FERRUGEM CONFORME LOTE EXPOSTO Os bens serão vendidos NO ESTADO em que se encontram, SEM GARANTIA e SEM DIREITO A TROCA. É fundamental que o interessado realize a visitação in loco, visto que a empresa organizadora do leilão e o comitente vendedor não garantem a regularidade mecânica, elétrica, eletrônica ou hidráulica dos itens ofer","R$ 14.100,00",14,eckertleiloes.com.br,"[PREFEITURA] - Veículos, Vans, Caminhões, Máquinas, Equipamentos, Sucatas - Formosa do Sul / SC",2026-09-09,09/09/2026,10:06,SC,"Formosa do Sul - SC, Santa Catarina",https://www.eckertleiloes.com.br/evento/municipio-de-formosa-do-sul-sc-790442?searchType=opened&preOrderBy=orderByFirstOpenedOffers&pageNumber=1&pageSize=30&orderBy=lotNumber:asc;subLotNumber:asc&,https://www.eckertleiloes.com.br/oferta/ensiladeira-de-linha-nogueira-new-pecus-g2-4860770,https://ms.sbwebservices.net/photos/6875514f-d7d7-45f3-982b-30d6d14726b3.jpg,,,https://www.eckertleiloes.com.br/evento/municipio-de-formosa-do-sul-sc-790442?searchType=opened&preOrderBy=orderByFirstOpenedOffers&pageNumber=1&pageSize=30&orderBy=lotNumber:asc;subLotNumber:asc&,2026-08-25T04:08:51-03:00,api_superbid_ok,,,,,,,
TRITURADOR DE GRÃOS VENCEDORA MAQTRON,"TRITURADOR DE GRÃOS VENCEDORA MAQTRON MARCA: VENCEDORA MAQTRON MODELO: M-10000 TR SÉRIE: 520888 ANO: NÃO VISUALIZADO PATRIMÔNIO: 4738 OBSERVAÇÕES: EQUIPAMENTO NÃO TESTADO PODENDO FALTAR PARTES, PEÇAS E COMPONENTES PODENDO CONTER AMASSADOS, AVARIAS E PONTOS DE FERRUGEM CONFORME LOTE EXPOSTO Os bens serão vendidos NO ESTADO em que se encontram, SEM GARANTIA e SEM DIREITO A TROCA. É fundamental que o interessado realize a visitação in loco, visto que a empresa organizadora do leilão e o comitente vendedor não garantem a regularidade mecânica, elétrica, eletrônica ou hidráulica dos itens ofertados","R$ 4.100,00",15,eckertleiloes.com.br,"[PREFEITURA] - Veículos, Vans, Caminhões, Máquinas, Equipamentos, Sucatas - Formosa do Sul / SC",2026-09-09,09/09/2026,10:07,SC,"Formosa do Sul - SC, Santa Catarina",https://www.eckertleiloes.com.br/evento/municipio-de-formosa-do-sul-sc-790442?searchType=opened&preOrderBy=orderByFirstOpenedOffers&pageNumber=1&pageSize=30&orderBy=lotNumber:asc;subLotNumber:asc&,https://www.eckertleiloes.com.br/oferta/triturador-de-graos-vencedora-maqtron-4858307,https://ms.sbwebservices.net/photos/a95ce659-af35-4be0-bb99-da63e1546620.jpg,,,https://www.eckertleiloes.com.br/evento/municipio-de-formosa-do-sul-sc-790442?searchType=opened&preOrderBy=orderByFirstOpenedOffers&pageNumber=1&pageSize=30&orderBy=lotNumber:asc;subLotNumber:asc&,2026-08-25T04:08:51-03:00,api_superbid_ok,,,,,,,
TRITURADOR DE MILHO NOGUEIRA TN-8 ANO: 2019,"TRITURADOR DE MILHO NOGUEIRA TN-8 ANO: 2019 MARCA: NOGUEIRA MODELO: TN-8 SÉRIE: NÃO VISUALIZADA ANO: 2019 PATRIMÔNIO: 4738 OBSERVAÇÕES: EQUIPAMENTO NÃO TESTADO PODENDO FALTAR PARTES, PEÇAS E COMPONENTES PODENDO CONTER AMASSADOS, AVARIAS E PONTOS DE FERRUGEM CONFORME LOTE EXPOSTO Os bens serão vendidos NO ESTADO em que se encontram, SEM GARANTIA e SEM DIREITO A TROCA. É fundamental que o interessado realize a visitação in loco, visto que a empresa organizadora do leilão e o comitente vendedor não garantem a regularidade mecânica, elétrica, eletrônica ou hidráulica dos itens ofertados no evento,","R$ 4.000,00",16,eckertleiloes.com.br,"[PREFEITURA] - Veículos, Vans, Caminhões, Máquinas, Equipamentos, Sucatas - Formosa do Sul / SC",2026-09-09,09/09/2026,10:07,SC,"Formosa do Sul - SC, Santa Catarina",https://www.eckertleiloes.com.br/evento/municipio-de-formosa-do-sul-sc-790442?searchType=opened&preOrderBy=orderByFirstOpenedOffers&pageNumber=1&pageSize=30&orderBy=lotNumber:asc;subLotNumber:asc&,https://www.eckertleiloes.com.br/oferta/triturador-de-milho-nogueira-tn-8-ano-2019-4858306,https://ms.sbwebservices.net/photos/8b7d9fe2-29df-4293-bf2a-eba4b9c7539f.jpg,,,https://www.eckertleiloes.com.br/evento/municipio-de-formosa-do-sul-sc-790442?searchType=opened&preOrderBy=orderByFirstOpenedOffers&pageNumber=1&pageSize=30&orderBy=lotNumber:asc;subLotNumber:asc&,2026-08-25T04:08:51-03:00,api_superbid_ok,,,,,,,
ROLO FACA SCHEMAQ ROLLER 1040 M1 410 ANO: 2024,"ROLO FACA SCHEMAQ ROLLER 1040 M1 410 ANO: 2024 MARCA: SCHEMAQ MODELO: ROLLER 1040 M1 410 SÉRIE: 141 ANO: 2024 PATRIMÔNIO: 7219 OBSERVAÇÕES: COMPRIMENTO: 3,8 LARGURA: 4,35 ALTURA: 1,3 EQUIPAMENTO NÃO TESTADO PODENDO FALTAR PARTES, PEÇAS E COMPONENTES PODENDO CONTER AMASSADOS, AVARIAS E PONTOS DE FERRUGEM CONFORME LOTE EXPOSTO Os bens serão vendidos NO ESTADO em que se encontram, SEM GARANTIA e SEM DIREITO A TROCA. É fundamental que o interessado realize a visitação in loco, visto que a empresa organizadora do leilão e o comitente vendedor não garantem a regularidade mecânica, elétrica, eletrôni","R$ 20.500,00",17,eckertleiloes.com.br,"[PREFEITURA] - Veículos, Vans, Caminhões, Máquinas, Equipamentos, Sucatas - Formosa do Sul / SC",2026-09-09,09/09/2026,10:08,SC,"Formosa do Sul - SC, Santa Catarina",https://www.eckertleiloes.com.br/evento/municipio-de-formosa-do-sul-sc-790442?searchType=opened&preOrderBy=orderByFirstOpenedOffers&pageNumber=1&pageSize=30&orderBy=lotNumber:asc;subLotNumber:asc&,https://www.eckertleiloes.com.br/oferta/rolo-faca-schemaq-roller-1040-m1-410-ano-2024-4860769,https://ms.sbwebservices.net/photos/b4fc5360-31f8-48ff-ac98-3ffdbb83be84.jpg,,,https://www.eckertleiloes.com.br/evento/municipio-de-formosa-do-sul-sc-790442?searchType=opened&preOrderBy=orderByFirstOpenedOffers&pageNumber=1&pageSize=30&orderBy=lotNumber:asc;subLotNumber:asc&,2026-08-25T04:08:51-03:00,api_superbid_ok,,,,,,,
ESTEIRA TRANSPORTADORA PARA CARREGAR ADUBO STAR MACHINE ANO: 2023,"ESTEIRA TRANSPORTADORA PARA CARREGAR ADUBO STAR MACHINE ANO: 2023 MARCA: STAR MACHINE MODELO: E0105.002 DCA 20 POLEGADAS 8X500 MM 4 CV-Q090 SÉRIE: 754 ANO: 2023 VOLTAGEM: 220 VOLTS MONOFÁSICO OBSERVAÇÕES: EQUIPAMENTO NÃO TESTADO PODENDO FALTAR PARTES, PEÇAS E COMPONENTES PODENDO CONTER AMASSADOS, AVARIAS E PONTOS DE FERRUGEM CONFORME LOTE EXPOSTO Os bens serão vendidos NO ESTADO em que se encontram, SEM GARANTIA e SEM DIREITO A TROCA. É fundamental que o interessado realize a visitação in loco, visto que a empresa organizadora do leilão e o comitente vendedor não garantem a regularidade mecâni","R$ 8.000,00",18,eckertleiloes.com.br,"[PREFEITURA] - Veículos, Vans, Caminhões, Máquinas, Equipamentos, Sucatas - Formosa do Sul / SC",2026-09-09,09/09/2026,10:08,SC,"Formosa do Sul - SC, Santa Catarina",https://www.eckertleiloes.com.br/evento/municipio-de-formosa-do-sul-sc-790442?searchType=opened&preOrderBy=orderByFirstOpenedOffers&pageNumber=1&pageSize=30&orderBy=lotNumber:asc;subLotNumber:asc&,https://www.eckertleiloes.com.br/oferta/esteira-transportadora-para-carregar-adubo-star-machine-ano-2023-4858304,https://ms.sbwebservices.net/photos/ae7bb1c9-15cf-4a25-831e-974d3d2ccd1b.jpg,,,https://www.eckertleiloes.com.br/evento/municipio-de-formosa-do-sul-sc-790442?searchType=opened&preOrderBy=orderByFirstOpenedOffers&pageNumber=1&pageSize=30&orderBy=lotNumber:asc;subLotNumber:asc&,2026-08-25T04:08:51-03:00,api_superbid_ok,,,,,,,
02 CARACÓIS PARA GRÃOS ÚMIDOS STAR MACHINE ANO: 2023,"02 CARACÓIS PARA GRÃOS ÚMIDOS STAR MACHINE ANO: 2023 MARCA: STAR MACHINE MODELO: E2806.001-RHT-6 6M-3CV-Q075 SÉRIES: 756 E 755 PATRIMÔNIOS: 1214 E 7215 ANO: 2023 VOLTAGEM: 220 VOLTS MONOFÁSICO OBSERVAÇÕES: EQUIPAMENTOS NÃO TESTADOS PODENDO FALTAR PARTES, PEÇAS E COMPONENTES PODENDO CONTER AMASSADOS, AVARIAS E PONTOS DE FERRUGEM CONFORME LOTE EXPOSTO Os bens serão vendidos NO ESTADO em que se encontram, SEM GARANTIA e SEM DIREITO A TROCA. É fundamental que o interessado realize a visitação in loco, visto que a empresa organizadora do leilão e o comitente vendedor não garantem a regularidade mec","R$ 3.500,00",19,eckertleiloes.com.br,"[PREFEITURA] - Veículos, Vans, Caminhões, Máquinas, Equipamentos, Sucatas - Formosa do Sul / SC",2026-09-09,09/09/2026,10:09,SC,"Formosa do Sul - SC, Santa Catarina",https://www.eckertleiloes.com.br/evento/municipio-de-formosa-do-sul-sc-790442?searchType=opened&preOrderBy=orderByFirstOpenedOffers&pageNumber=1&pageSize=30&orderBy=lotNumber:asc;subLotNumber:asc&,https://www.eckertleiloes.com.br/oferta/02-caracois-para-graos-umidos-star-machine-ano-2023-4858305,https://ms.sbwebservices.net/photos/778cf2a1-6367-4e1e-959b-1b92ee2d5691.jpg,,,https://www.eckertleiloes.com.br/evento/municipio-de-formosa-do-sul-sc-790442?searchType=opened&preOrderBy=orderByFirstOpenedOffers&pageNumber=1&pageSize=30&orderBy=lotNumber:asc;subLotNumber:asc&,2026-08-25T04:08:51-03:00,api_superbid_ok,,,,,,,
TANQUE ISOTÉRMICO EM INOX ANO: 2012 COM TUBULAÇÕES,"TANQUE ISOTÉRMICO EM INOX ANO: 2012 COM TUBULAÇÕES TANQUE HORIZONTAL PARA ESTOCAGEM DE LEITE E TUBULAÇÃO PARA INTERLIGAÇÃO DE TANQUES MARCA: TECNOINOX SÉRIE: 01201231 ANO: 2012 PATRIMÔNIO: 2942 CAPACIDADE APROXIMADA: 40.000 LITROS CONSTRUÍDO TOTALMENTE EM AÇO INOX. CHAPA INTERNA EM AÇO INOX AISI 304 DE NO MÍNIMO 2,00MM DE ESPESSURA. COM ISOLAMENTO TÉRMICO COM POLIUTERANO INJETADO DE ALTA DENSIDADE COM ESPESSURA MÍNIMA DE 50 MM, TANTO NA LATERAL QUANTO NAS CABECEIRAS. SISTEMA DE AGITAÇÃO DO LEITE ATRAVÉS DE (01) UM AGITADOR TIPO HÉLICE MOVIMENTADO POR MOTOR LATERAL DE 3.0 CV. COM ACABAMENTO INT","R$ 25.000,00",20,eckertleiloes.com.br,"[PREFEITURA] - Veículos, Vans, Caminhões, Máquinas, Equipamentos, Sucatas - Formosa do Sul / SC",2026-09-09,09/09/2026,10:09,SC,"Formosa do Sul - SC, Santa Catarina",https://www.eckertleiloes.com.br/evento/municipio-de-formosa-do-sul-sc-790442?searchType=opened&preOrderBy=orderByFirstOpenedOffers&pageNumber=1&pageSize=30&orderBy=lotNumber:asc;subLotNumber:asc&,https://www.eckertleiloes.com.br/oferta/tanque-isotermico-em-inox-ano-2012-com-tubulacoes-4860768,https://ms.sbwebservices.net/photos/a876fde8-f93c-4eb6-b0e0-5c428094f2b3.jpg,,,https://www.eckertleiloes.com.br/evento/municipio-de-formosa-do-sul-sc-790442?searchType=opened&preOrderBy=orderByFirstOpenedOffers&pageNumber=1&pageSize=30&orderBy=lotNumber:asc;subLotNumber:asc&,2026-08-25T04:08:51-03:00,api_superbid_ok,,,,,,,
SUCATA DE INFORMÁTICA E ITENS HOSPITALARES,"SUCATA DE INFORMÁTICA E ITENS HOSPITALARES CONTENDO: AUTOCLAVE CRISTÓFOLI - PATRIMÔNIO: 4113 ELETROCARDIÓGRAFO MICROMED COMPUTADORES CPU ESTABILIZADORES TELEFONE FAX CÂMERA FOTOGRÁFICA DIGITAL CARTUCHOS CABOS E FIOS DIVERSOS DVD IMPRESSORA LUMINÁRIAS DE EMERGÊNCIA VENTILADOR DE TETO ENTRE OUTROS OBSERVAÇÕES: QUANTIDADE NÃO ESPECIFICADA ITENS EM ESTADO DE SUCATA PODENDO FALTAR PARTES, PEÇAS E COMPONENTES PODENDO CONTER AMASSADOS, AVARIAS E PONTOS DE FERRUGEM CONFORME LOTE EXPOSTO Os bens serão vendidos NO ESTADO em que se encontram, SEM GARANTIA e SEM DIREITO A TROCA. É fundamental que o intere","R$ 450,00",21,eckertleiloes.com.br,"[PREFEITURA] - Veículos, Vans, Caminhões, Máquinas, Equipamentos, Sucatas - Formosa do Sul / SC",2026-09-09,09/09/2026,10:10,SC,"Formosa do Sul - SC, Santa Catarina",https://www.eckertleiloes.com.br/evento/municipio-de-formosa-do-sul-sc-790442?searchType=opened&preOrderBy=orderByFirstOpenedOffers&pageNumber=1&pageSize=30&orderBy=lotNumber:asc;subLotNumber:asc&,https://www.eckertleiloes.com.br/oferta/sucata-de-informatica-e-itens-hospitalares-4858371,https://ms.sbwebservices.net/photos/2a8911e5-d632-4670-a101-2866035178cd.jpg,,,https://www.eckertleiloes.com.br/evento/municipio-de-formosa-do-sul-sc-790442?searchType=opened&preOrderBy=orderByFirstOpenedOffers&pageNumber=1&pageSize=30&orderBy=lotNumber:asc;subLotNumber:asc&,2026-08-25T04:08:51-03:00,api_superbid_ok,,,,,,,
BOTIJÕES DE NITROGÊNIO LTS 30 LITROS,"BOTIJÕES DE NITROGÊNIO LTS 30 LITROS CONTENDO: 02 BOTIJÕES DE NITROGÊNIO LTS CAPACIDADE: 30 LITROS CADA PATRIMÔNIOS: 1897 E 18484 OBSERVAÇÃO: EQUIPAMENTOS NÃO TESTADOS PODENDO FALTAR PARTES, PEÇAS E COMPONENTES PODENDO CONTER AMASSADOS, AVARIAS E PONTOS DE FERRUGEM CONFORME LOTE EXPOSTO Os bens serão vendidos NO ESTADO em que se encontram, SEM GARANTIA e SEM DIREITO A TROCA. É fundamental que o interessado realize a visitação in loco, visto que a empresa organizadora do leilão e o comitente vendedor não garantem a regularidade mecânica, elétrica, eletrônica ou hidráulica dos itens ofertados no","R$ 600,00",22,eckertleiloes.com.br,"[PREFEITURA] - Veículos, Vans, Caminhões, Máquinas, Equipamentos, Sucatas - Formosa do Sul / SC",2026-09-09,09/09/2026,10:10,SC,"Formosa do Sul - SC, Santa Catarina",https://www.eckertleiloes.com.br/evento/municipio-de-formosa-do-sul-sc-790442?searchType=opened&preOrderBy=orderByFirstOpenedOffers&pageNumber=1&pageSize=30&orderBy=lotNumber:asc;subLotNumber:asc&,https://www.eckertleiloes.com.br/oferta/botijoes-de-nitrogenio-lts-30-litros-4858303,https://ms.sbwebservices.net/photos/86517097-fdeb-46f7-8330-d8435e52874d.jpg,,,https://www.eckertleiloes.com.br/evento/municipio-de-formosa-do-sul-sc-790442?searchType=opened&preOrderBy=orderByFirstOpenedOffers&pageNumber=1&pageSize=30&orderBy=lotNumber:asc;subLotNumber:asc&,2026-08-25T04:08:51-03:00,api_superbid_ok,,,,,,,
SUCATA DE ARES-CONDICIONADOS,"SUCATA DE ARES-CONDICIONADOS CONTENDO 04 UNIDADES, SENDO: AR CONDICIONADO MARCA ELECTROLUX AR CONDICIONADO MARCA MIDEA OBSERVAÇÕES: EQUIPAMENTOS EM ESTADO DE SUCATA PODENDO FALTAR PARTES, PEÇAS E COMPONENTES PODENDO CONTER AMASSADOS, AVARIAS E PONTOS DE FERRUGEM CONFORME LOTE EXPOSTO Os bens serão vendidos NO ESTADO em que se encontram, SEM GARANTIA e SEM DIREITO A TROCA. É fundamental que o interessado realize a visitação in loco, visto que a empresa organizadora do leilão e o comitente vendedor não garantem a regularidade mecânica, elétrica, eletrônica ou hidráulica dos itens ofertados no ev","R$ 1.000,00",23,eckertleiloes.com.br,"[PREFEITURA] - Veículos, Vans, Caminhões, Máquinas, Equipamentos, Sucatas - Formosa do Sul / SC",2026-09-09,09/09/2026,10:11,SC,"Formosa do Sul - SC, Santa Catarina",https://www.eckertleiloes.com.br/evento/municipio-de-formosa-do-sul-sc-790442?searchType=opened&preOrderBy=orderByFirstOpenedOffers&pageNumber=1&pageSize=30&orderBy=lotNumber:asc;subLotNumber:asc&,https://www.eckertleiloes.com.br/oferta/sucata-de-ares-condicionados-4860828,https://ms.sbwebservices.net/photos/c1b225bd-1bac-4476-9b86-a912efd2e7d3.jpg,,,https://www.eckertleiloes.com.br/evento/municipio-de-formosa-do-sul-sc-790442?searchType=opened&preOrderBy=orderByFirstOpenedOffers&pageNumber=1&pageSize=30&orderBy=lotNumber:asc;subLotNumber:asc&,2026-08-25T04:08:51-03:00,api_superbid_ok,,,,,,,
SUCATA DE MÓVEIS E ELETRODOMÉSTICOS DIVERSOS,"SUCATA DE MÓVEIS E ELETRODOMÉSTICOS DIVERSOS CONTENDO: MACA MESA FIXA 02 MESAS DE MDF MESA DE COMPUTAÇÃO 02 PAINÉIS/MURAL MOLDURA DE METAL 01 QUADRO DE MADEIRITE 02 BEBEDOUROS DE ÁGUA 02 CADEIRAS DE RODAS 02 MÁQUINAS DE LAVAR CADEIRAS DE ESCRITÓRIO CADEIRA ESCOLAR ENTRE OUTROS OBSERVAÇÕES: QUANTIDADE NÃO ESPECIFICADA PODENDO FALTAR PARTES, PEÇAS E COMPONENTES PODENDO CONTER AMASSADOS, AVARIAS E PONTOS DE FERRUGEM CONFORME LOTE EXPOSTO Os bens serão vendidos NO ESTADO em que se encontram, SEM GARANTIA e SEM DIREITO A TROCA. É fundamental que o interessado realize a visitação in loco, visto que ","R$ 250,00",24,eckertleiloes.com.br,"[PREFEITURA] - Veículos, Vans, Caminhões, Máquinas, Equipamentos, Sucatas - Formosa do Sul / SC",2026-09-09,09/09/2026,10:11,SC,"Formosa do Sul - SC, Santa Catarina",https://www.eckertleiloes.com.br/evento/municipio-de-formosa-do-sul-sc-790442?searchType=opened&preOrderBy=orderByFirstOpenedOffers&pageNumber=1&pageSize=30&orderBy=lotNumber:asc;subLotNumber:asc&,https://www.eckertleiloes.com.br/oferta/sucata-de-moveis-e-eletrodomesticos-diversos-4860835,https://ms.sbwebservices.net/photos/2eafbd8f-1967-41d9-a67f-fe0f32553b51.jpg,,,https://www.eckertleiloes.com.br/evento/municipio-de-formosa-do-sul-sc-790442?searchType=opened&preOrderBy=orderByFirstOpenedOffers&pageNumber=1&pageSize=30&orderBy=lotNumber:asc;subLotNumber:asc&,2026-08-25T04:08:51-03:00,api_superbid_ok,,,,,,,
Casa 400m² | Mairinque-SP | Cond. Porta do Sol | Oportunidade com Piscina e Vaga - Próx. à Rod. Castelo Branco e à Av. do Sol - Financiamento até 420 Meses!,"Casa 400m² | Mairinque-SP | Cond. Porta do Sol | Oportunidade com Piscina e Vaga - Próx. à Rod. Castelo Branco e à Av. do Sol - Financiamento até 420 Meses! Endereço Completo Travessa G3, 302, Condominio Portal Do Sol Lote G1p, Porta Do Sol, Mairinque, SP, CEP: 18120000 Características do Imóvel: Descrição: Casa, Em condomínio, Ocupado, 1 vaga(s) de garagem. Área(s): 400,43 m2 de área construída, 400,43 m2 de área privativa. Matrícula(s): 5.151. Cartório: CRI DE MAIRINQUE. Inscrição da Prefeitura: 01-07-085-0476-001. Tipo do Imóvel: Casa Status da Ocupação: Ocupado Aceita Visitação: Visitação ","R$ 956.868,30",101,superbid.net,Santander Oportunidades,2026-08-25,2026-08-25,10:00,,"Mairinque - SP, São Paulo",https://www.superbid.net/evento/785342,https://www.superbid.net/oferta/casa-400m2-mairinque-sp-cond-porta-do-sol-oportunidade-com-piscina-e-vaga-prox-a-rod-castelo-branco-e-a-av-do-sol-financiamento-ate-420-meses-4967505,https://ms.sbwebservices.net/photos/d67d7a81-0978-4cde-9056-410b36ad5470.jpg,,,https://www.superbid.net/evento/785342,2026-08-25T04:08:53-03:00,api_superbid_ok,,,,,,,
"Casa em Condomínio 161m² | São Gonçalo-RJ | Santa Isabel - Cond Res Jardim Das Mangueiras || ALTO POTENCIAL DE LUCRO || Excelente Casa Duplex com 3 Quartos, Varanda e Vaga - Financiamento até 420 Meses!","Casa em Condomínio 161m² | São Gonçalo-RJ | Santa Isabel - Cond Res Jardim Das Mangueiras || ALTO POTENCIAL DE LUCRO || Excelente Casa Duplex com 3 Quartos, Varanda e Vaga - Financiamento até 420 Meses! Endereço Completo Rua Miranda Mendes, 17, Casa 14, Cond Res Jardim Das Mangueiras, Santa Isabel, São Gonçalo, RJ, CEP: 24738775 Características do Imóvel: Descrição: Casa, Em condomínio, Ocupado, 1 vaga(s) de garagem. Área(s): 161,5 m2 de área construída, 161,5 m2 de área privativa. Matrícula(s): 59.304. Cartório: 3° CRI DE SÃO GONÇALO. Inscrição da Prefeitura: 825497000. Tipo do Imóvel: Casa S","R$ 117.882,00",102,superbid.net,Santander Oportunidades,2026-08-25,2026-08-25,10:00,,"São Gonçalo - RJ, Rio de Janeiro",https://www.superbid.net/evento/785342,https://www.superbid.net/oferta/casa-em-condominio-161m2-sao-goncalo-rj-santa-isabel-cond-res-jardim-das-mangueiras-alto-potencial-de-lucro-excelente-casa-duplex-com-3-quartos-varanda-e-vaga-financiamento-ate-420-meses-4969625,https://ms.sbwebservices.net/photos/fde1c2ff-c7bd-4f6b-881f-8418d15d5160.jpg,,,https://www.superbid.net/evento/785342,2026-08-25T04:08:53-03:00,api_superbid_ok,,,,,,,
Casa 154m² com Terreno 181m² | Jacareí-SP | Vila Nova Aliança | Oportunidade com Vaga - Próx. à Av. Lucas Nogueira Garcez e ao Jacareí Shopping - Financiamento até 420 Meses!,"Casa 154m² com Terreno 181m² | Jacareí-SP | Vila Nova Aliança | Oportunidade com Vaga - Próx. à Av. Lucas Nogueira Garcez e ao Jacareí Shopping - Financiamento até 420 Meses! Endereço Completo Rua Mário Bernardino De Souza, 13, Vila Nova Aliança, Jacareí, SP, CEP: 12318500 Características do Imóvel: Descrição: Casa, Padrão, Ocupado, 1 vaga(s) de garagem. Área(s): 181,52 m2 de área terreno, 154,78 m2 de área construída. Matrícula(s): 88.852. Cartório: 1° CRI DE JACAREI. Inscrição da Prefeitura: 0. Tipo do Imóvel: Casa Status da Ocupação: Ocupado Aceita Visitação: Visitação indisponível Dossiê: ","R$ 202.856,40",103,superbid.net,Santander Oportunidades,2026-08-25,2026-08-25,10:01,,"Jacareí - SP, São Paulo",https://www.superbid.net/evento/785342,https://www.superbid.net/oferta/casa-154m2-com-terreno-181m2-jacarei-sp-vila-nova-alianca-oportunidade-com-vaga-prox-a-av-lucas-nogueira-garcez-e-ao-jacarei-shopping-financiamento-ate-420-meses-4969627,https://ms.sbwebservices.net/photos/dacef626-ab64-418f-825e-2e64829c27ba.jpg,,,https://www.superbid.net/evento/785342,2026-08-25T04:08:53-03:00,api_superbid_ok,,,,,,,
Casa 794m² com Terreno 3.240m² || DESOCUPADA || São Paulo-SP | Fazenda Morumbi | Luxo - Próx. Hosp Albert Einstein - Av. Morumbi - Fácil acesso Shopping Morumbi - Pq. Burle Marx - Financiamento até 420 Meses!,"Casa 794m² com Terreno 3.240m² || DESOCUPADA || São Paulo-SP | Fazenda Morumbi | Luxo - Próx. Hosp Albert Einstein - Av. Morumbi - Fácil acesso Shopping Morumbi - Pq. Burle Marx - Financiamento até 420 Meses! Endereço Completo Rua Silveira Sampaio, 954, Fazenda Morumbi, São Paulo, SP, CEP: 05656010 Características do Imóvel: Descrição: Casa, Padrão, Desocupado. Área(s): 3240 m2 de área total, 3240 m2 de área terreno, 794 m2 de área construída. Matrícula(s): 21.891. Cartório: 15 CRI DE SAO PAULO. Inscrição da Prefeitura: 123.201.0012-0. Tipo do Imóvel: Casa Status da Ocupação: Desocupado Aceita","R$ 1.655.400,00",104,superbid.net,Santander Oportunidades,2026-08-25,2026-08-25,10:01,,São Paulo,https://www.superbid.net/evento/785342,https://www.superbid.net/oferta/casa-794m2-com-terreno-3-240m2-desocupada-sao-paulo-sp-fazenda-morumbi-luxo-prox-hosp-albert-einstein-av-morumbi-facil-acesso-shopping-morumbi-pq-burle-marx-financiamento-ate-420-meses-4969598,https://ms.sbwebservices.net/photos/3c04d5a8-bfd8-47aa-82cc-89520963cae4.jpg,,,https://www.superbid.net/evento/785342,2026-08-25T04:08:53-03:00,api_superbid_ok,,,,,,,
Casa 86m² com Terreno 250m² | Peruíbe-SP | Cid. Balnearia Nova Peruibe - A 700mts da Rodovia Mario Covas - Financiamento até 420 Meses!,"Casa 86m² com Terreno 250m² | Peruíbe-SP | Cid. Balnearia Nova Peruibe - A 700mts da Rodovia Mario Covas - Financiamento até 420 Meses! Endereço Completo Rua Presidente Prudente, 1448, Cidade Balnearia Nova Peruibe, Peruíbe, SP, CEP: 11782720 Características do Imóvel: Descrição: Casa, Padrão, Ocupado. Área(s): 250 m2 de área terreno, 86,75 m2 de área construída. Matrícula(s): 14.051. Cartório: 1° CRI DE PERUIBE. Inscrição da Prefeitura: 1.4.442.0290.001.184. Tipo do Imóvel: Casa Status da Ocupação: Ocupado Aceita Visitação: Visitação indisponível Dossiê: 02.23448 Área Terreno: 250.0 m2 Compos","R$ 98.560,00",105,superbid.net,Santander Oportunidades,2026-08-25,2026-08-25,10:02,,"Peruíbe - SP, São Paulo",https://www.superbid.net/evento/785342,https://www.superbid.net/oferta/casa-86m2-com-terreno-250m2-peruibe-sp-cid-balnearia-nova-peruibe-a-700mts-da-rodovia-mario-covas-financiamento-ate-420-meses-4967519,https://ms.sbwebservices.net/photos/10415957-417f-42b2-9e4d-1f11278d85a0.jpg,,,https://www.superbid.net/evento/785342,2026-08-25T04:08:53-03:00,api_superbid_ok,,,,,,,
Casa 522m² | São Paulo-SP | Tremembé - Amplo Espaço e Terreno 250m² - Zona Norte - Financiamento até 420 Meses!,"Casa 522m² | São Paulo-SP | Tremembé - Amplo Espaço e Terreno 250m² - Zona Norte - Financiamento até 420 Meses! Endereço Completo Rua Maria Francisca, 328, Tremembe, São Paulo, SP, CEP: 02374010 Características do Imóvel: Descrição: Casa, Padrão, Ocupado. Área(s): 250 m2 de área terreno, 522,96 m2 de área construída. Matrícula(s): 214.616. Cartório: 15° CRI DE SÃO PAULO. Inscrição da Prefeitura: 109.052.0871-3. Tipo do Imóvel: Casa Status da Ocupação: Ocupado Aceita Visitação: Visitação indisponível Dossiê: 02.22458 Área Terreno: 250.0 m2 Matrícula: 214.616 Cartório de Registro: 15° CRI DE SÃO","R$ 952.320,00",106,superbid.net,Santander Oportunidades,2026-08-25,2026-08-25,10:02,,São Paulo,https://www.superbid.net/evento/785342,https://www.superbid.net/oferta/casa-522m2-sao-paulo-sp-tremembe-amplo-espaco-e-terreno-250m2-zona-norte-financiamento-ate-420-meses-4967508,https://ms.sbwebservices.net/photos/4fa187a4-26d3-409d-ae6d-72f65897edef.jpg,,,https://www.superbid.net/evento/785342,2026-08-25T04:08:53-03:00,api_superbid_ok,,,,,,,
Casa 628m² com Terreno 2790m² | Maricá-RJ | Ponta Grossa | Alto Padrão - Próx. à Lagoa de Maricá - Financiamento até 420 Meses!,"Casa 628m² com Terreno 2790m² | Maricá-RJ | Ponta Grossa | Alto Padrão - Próx. à Lagoa de Maricá - Financiamento até 420 Meses! Endereço Completo Rua Santa Edwiges, 307, Casa Residencial Da Área 123a, Ponta Grossa, Maricá, RJ, CEP: 24914325 Características do Imóvel: Descrição: Casa, Padrão, Ocupado, 1 vaga(s) de garagem. Área(s): 2790 m2 de área terreno, 628,29 m2 de área construída. Matrícula(s): 118.058. Cartório: 2 CRI DE MARICÁ. Inscrição da Prefeitura: 9031.3121.0389. Tipo do Imóvel: Casa Status da Ocupação: Ocupado Aceita Visitação: Visitação indisponível Dossiê: 02.23877 Área Terreno: ","R$ 824.272,20",107,superbid.net,Santander Oportunidades,2026-08-25,2026-08-25,10:03,,"Maricá - RJ, Rio de Janeiro",https://www.superbid.net/evento/785342,https://www.superbid.net/oferta/casa-628m2-com-terreno-2790m2-marica-rj-ponta-grossa-alto-padrao-prox-a-lagoa-de-marica-financiamento-ate-420-meses-4967527,https://ms.sbwebservices.net/photos/2be188cc-8fab-4b31-8803-68443dd950e4.jpg,,,https://www.superbid.net/evento/785342,2026-08-25T04:08:53-03:00,api_superbid_ok,,,,,,,
Terreno 250m² | DESOCUPADO | Mineiros do Tietê-SP | Jd. N. Sra. Aparecida | Oportunidade - Próx. à Av. Subtenente Luiz Pedro e à Rod. Dep. Leônidas Pacheco Ferreira - Pagamento à Vista!,"Terreno 250m² | DESOCUPADO | Mineiros do Tietê-SP | Jd. N. Sra. Aparecida | Oportunidade - Próx. à Av. Subtenente Luiz Pedro e à Rod. Dep. Leônidas Pacheco Ferreira - Pagamento à Vista! Endereço Completo Rua Orester Rosseto, S/N, Lote 02, Quadra H, Jardim Nossa Senhora Aparecida, Mineiros Do Tietê, SP, CEP: 11065050 Características do Imóvel: Descrição: Lote, Padrão, Desocupado. Área(s): 250 m2 de área terreno. Matrícula(s): 6277. Cartório: 2 CRI JAU. Inscrição da Prefeitura: 4017-0. Tipo do Imóvel: Lote Status da Ocupação: Desocupado Aceita Visitação: Sim - Mediante disponibilidade de agendam","R$ 55.440,00",108,superbid.net,Santander Oportunidades,2026-08-25,2026-08-25,10:03,,"Mineiros do Tietê - SP, São Paulo",https://www.superbid.net/evento/785342,https://www.superbid.net/oferta/terreno-250m2-desocupado-mineiros-do-tiete-sp-jd-n-sra-aparecida-oportunidade-prox-a-av-subtenente-luiz-pedro-e-a-rod-dep-leonidas-pacheco-ferreira-pagamento-a-vista-4969606,https://ms.sbwebservices.net/photos/88fb5516-3599-4208-92a2-21e1acb5c5e6.jpg,,,https://www.superbid.net/evento/785342,2026-08-25T04:08:53-03:00,api_superbid_ok,,,,,,,
Casa 75m² com Terreno 66m² | São Paulo-SP | Sacomã - Próximo à Estação Sacomã do Metrô - Financiamento até 420 Meses!,"Casa 75m² com Terreno 66m² | São Paulo-SP | Sacomã - Próximo à Estação Sacomã do Metrô - Financiamento até 420 Meses! Endereço Completo Rua Alencar Araripe, 415, Sacomã, São Paulo, SP, CEP: 04253000 Características do Imóvel: Descrição: Casa, Padrão, Ocupado. Área(s): 66 m2 de área terreno, 75 m2 de área construída. Matrícula(s): 784. Cartório: 6° CRI DE SÃO PAULO. Inscrição da Prefeitura: 050.145.0058-7 ISENTO. Tipo do Imóvel: Casa Status da Ocupação: Ocupado Aceita Visitação: Visitação indisponível Dossiê: 02.26492 Área Terreno: 66.0 m2 Matrícula: 784 Cartório de Registro: 6° CRI DE SÃO PAUL","R$ 203.200,00",110,superbid.net,Santander Oportunidades,2026-08-25,2026-08-25,10:04,,São Paulo,https://www.superbid.net/evento/785342,https://www.superbid.net/oferta/casa-75m2-com-terreno-66m2-sao-paulo-sp-sacoma-proximo-a-estacao-sacoma-do-metro-financiamento-ate-420-meses-4969616,https://ms.sbwebservices.net/photos/9c9b21d3-e407-428c-b8d7-a9c051b44ffd.jpg,,,https://www.superbid.net/evento/785342,2026-08-25T04:08:53-03:00,api_superbid_ok,,,,,,,
Casa 83m² c/ 1 vaga | São Paulo-SP | Jardim Vale Das Virtudes - Próximo ao Metrô e Shopping Campo Limpo- Financiamento até 420 Meses!,"Casa 83m² c/ 1 vaga | São Paulo-SP | Jardim Vale Das Virtudes - Próximo ao Metrô e Shopping Campo Limpo- Financiamento até 420 Meses! Endereço Completo Rua Guaqui, 392, Jardim Vale Das Virtudes, São Paulo, SP, CEP: 05796040 Características do Imóvel: Descrição: Casa, Padrão, Ocupado, 1 vaga(s) de garagem. Área(s): 85 m2 de área terreno, 83 m2 de área construída. Matrícula(s): 141.763. Cartório: 11° CRI DE SÃO PAULO. Inscrição da Prefeitura: 183.021.0088-8 ISENTO. Tipo do Imóvel: Casa Status da Ocupação: Ocupado Aceita Visitação: Visitação indisponível Dossiê: 02.24997 Área Terreno: 85.0 m2 Com","R$ 276.000,00",111,superbid.net,Santander Oportunidades,2026-08-25,2026-08-25,10:04,,São Paulo,https://www.superbid.net/evento/785342,https://www.superbid.net/oferta/casa-83m2-c-1-vaga-sao-paulo-sp-jardim-vale-das-virtudes-proximo-ao-metro-e-shopping-campo-limpo-financiamento-ate-420-meses-4969683,https://ms.sbwebservices.net/photos/d114c2ae-fb67-476a-b35e-116036b6b7df.jpg,,,https://www.superbid.net/evento/785342,2026-08-25T04:08:53-03:00,api_superbid_ok,,,,,,,
"Apto 328m² c/ 2 Vagas | São Paulo-SP | Condominio Edificio Lebon Regis | Jardim Colombo - 4 Dorms, 4 Banheiros e Piscina - Financiamento até 420 Meses!","Apto 328m² c/ 2 Vagas | São Paulo-SP | Condominio Edificio Lebon Regis | Jardim Colombo - 4 Dorms, 4 Banheiros e Piscina - Financiamento até 420 Meses! Endereço Completo Rua General Eldes De Souza Guedes, 100, Apto 102, Condominio Edificio Lebon Regis, Jardim Colombo, São Paulo, SP, CEP: 05628050 Características do Imóvel: Descrição: Apartamento, Padrão, Ocupado, 2 vaga(s) de garagem. Área(s): 328,49 m2 de área construída, 328,49 m2 de área privativa, 249,81 m2 de área comum. Matrícula(s): 108.774. Cartório: 18° CRI DE SÃO PAULO. Inscrição da Prefeitura: 123.069.0166-9. Tipo do Imóvel: Apartam","R$ 897.750,00",112,superbid.net,Santander Oportunidades,2026-08-25,2026-08-25,10:05,,São Paulo,https://www.superbid.net/evento/785342,https://www.superbid.net/oferta/apto-328m2-c-2-vagas-sao-paulo-sp-condominio-edificio-lebon-regis-jardim-colombo-4-dorms-4-banheiros-e-piscina-financiamento-ate-420-meses-4969620,https://ms.sbwebservices.net/photos/4677c3a3-9d8d-4c90-a793-38aa072791dc.jpg,,,https://www.superbid.net/evento/785342,2026-08-25T04:08:53-03:00,api_superbid_ok,,,,,,,
"Apto Duplex 645m² c/ 5 vagas | São Paulo-SP | Edifício Amélia | Bela Vista - Próx. à Av. Paulista, Shopping Pátio Paulista, Beneficência Portuguesa, Oswaldo Cruz e Metrô Brigadeiro - Financiamento até 420 Meses!","Apto Duplex 645m² c/ 5 vagas | São Paulo-SP | Edifício Amélia | Bela Vista - Próx. à Av. Paulista, Shopping Pátio Paulista, Beneficência Portuguesa, Oswaldo Cruz e Metrô Brigadeiro - Financiamento até 420 Meses! Endereço Completo Rua 13 De Maio, 1429, Apartamento Duplex 8, Edifício Amélia, Bela Vista, São Paulo, SP, CEP: 01327001 Características do Imóvel: Descrição: Apartamento, Padrão, Ocupado, 4 vaga(s) de garagem. Área(s): 782,47 m2 de área terreno, 645,05 m2 de área construída, 645,05 m2 de área privativa, 61,23 m2 de área comum. Matrícula(s): 38.584. Cartório: 1o CRI SÃO PAULO. Inscrição","R$ 3.068.500,00",113,superbid.net,Santander Oportunidades,2026-08-25,2026-08-25,10:05,,São Paulo,https://www.superbid.net/evento/785342,https://www.superbid.net/oferta/apto-duplex-645m2-c-5-vagas-sao-paulo-sp-edificio-amelia-bela-vista-prox-a-av-paulista-shopping-patio-paulista-beneficencia-portuguesa-oswaldo-cruz-e-metro-brigadeiro-financiamento-ate-420-meses-4967557,https://ms.sbwebservices.net/photos/34920f5d-3467-4e78-8e38-db29859fd384.jpg,,,https://www.superbid.net/evento/785342,2026-08-25T04:08:53-03:00,api_superbid_ok,,,,,,,
Apartamento 43m² c/ 1 vaga | São Paulo-SP | 800mts da Estação Jaraguá da CPTM - Financiamento até 420 Meses!,"Apartamento 43m² c/ 1 vaga | São Paulo-SP | 800mts da Estação Jaraguá da CPTM - Financiamento até 420 Meses! Endereço Completo Rua Theófilo Azambuja, 145, Apartamento N°81, Torre E -Condomínio Bosque Jaraguá, Jaraguá, São Paulo, SP, CEP: 05181370 Características do Imóvel: Descrição: Apartamento, Padrão, Ocupado, 1 vaga(s) de garagem. Área(s): 43,07 m2 de área construída, 43,07 m2 de área privativa, 44,6 m2 de área comum. Matrícula(s): 232.041. Cartório: 18o CRI SAO PAULO. Inscrição da Prefeitura: 188.037.0671-1. Tipo do Imóvel: Apartamento Status da Ocupação: Ocupado Aceita Visitação: Visitaç","R$ 160.875,00",114,superbid.net,Santander Oportunidades,2026-08-25,2026-08-25,10:06,,São Paulo,https://www.superbid.net/evento/785342,https://www.superbid.net/oferta/apartamento-43m2-c-1-vaga-sao-paulo-sp-800mts-da-estacao-jaragua-da-cptm-financiamento-ate-420-meses-4969638,https://ms.sbwebservices.net/photos/dfe824fa-553a-4777-9020-7cd1e3b187b0.jpg,,,https://www.superbid.net/evento/785342,2026-08-25T04:08:53-03:00,api_superbid_ok,,,,,,,
Casa 188m² com Terreno 330m² | São Paulo-SP | Vila Pedra Branca | Oportunidade com Vaga - Próx. à Av. Peri Ronchetti e ao Horto Florestal - Financiamento até 420 Meses!,"Casa 188m² com Terreno 330m² | São Paulo-SP | Vila Pedra Branca | Oportunidade com Vaga - Próx. à Av. Peri Ronchetti e ao Horto Florestal - Financiamento até 420 Meses! Endereço Completo Rua Alvaro Carlos Leal, 91, Vila Pedra Branca, São Paulo, SP, CEP: 02635030 Características do Imóvel: Descrição: Casa, Padrão, Ocupado, 1 vaga(s) de garagem. Área(s): 330 m2 de área terreno, 188,98 m2 de área construída. Matrícula(s): 14.960. Cartório: 15o RGI SAO PAULO. Inscrição da Prefeitura: 127.302.0015-1. Tipo do Imóvel: Casa Status da Ocupação: Ocupado Aceita Visitação: Visitação indisponível Dossiê: 0","R$ 540.469,95",115,superbid.net,Santander Oportunidades,2026-08-25,2026-08-25,10:06,,São Paulo,https://www.superbid.net/evento/785342,https://www.superbid.net/oferta/casa-188m2-com-terreno-330m2-sao-paulo-sp-vila-pedra-branca-oportunidade-com-vaga-prox-a-av-peri-ronchetti-e-ao-horto-florestal-financiamento-ate-420-meses-4967573,https://ms.sbwebservices.net/photos/9ccd67af-909f-41fb-beaa-cb05ae427448.jpg,,,https://www.superbid.net/evento/785342,2026-08-25T04:08:53-03:00,api_superbid_ok,,,,,,,
"Casa 114m² com Terreno 178m² | São Vicente-SP | Vila Iolanda - Próximo à Rodovia Padre Manoel da Nóbrega, 2 Dormitórios - Financiamento até 420 Meses!","Casa 114m² com Terreno 178m² | São Vicente-SP | Vila Iolanda - Próximo à Rodovia Padre Manoel da Nóbrega, 2 Dormitórios - Financiamento até 420 Meses! Endereço Completo Rua Dirceu Cunha Martins, 64, Vila Iolanda, São Vicente, SP, CEP: 11345200 Características do Imóvel: Descrição: Casa, Padrão, Ocupado. Área(s): 178,5 m2 de área terreno, 114,6 m2 de área construída. Matrícula(s): 142.749. Cartório: 1° CRI DE SÃO VICENTE. Inscrição da Prefeitura: 00. Tipo do Imóvel: Casa Status da Ocupação: Ocupado Aceita Visitação: Visitação indisponível Dossiê: 02.25464 Área Terreno: 178.5 m2 Composição Inter","R$ 153.254,15",116,superbid.net,Santander Oportunidades,2026-08-25,2026-08-25,10:07,,"São Vicente - SP, São Paulo",https://www.superbid.net/evento/785342,https://www.superbid.net/oferta/casa-114m2-com-terreno-178m2-sao-vicente-sp-vila-iolanda-proximo-a-rodovia-padre-manoel-da-nobrega-2-dormitorios-financiamento-ate-420-meses-4967558,https://ms.sbwebservices.net/photos/722e519c-cf21-4424-843f-dcacf91926e4.jpg,,,https://www.superbid.net/evento/785342,2026-08-25T04:08:53-03:00,api_superbid_ok,,,,,,,
Casa 109m² com Terreno 127m² | São Vicente-SP | Samaritá - 3 Dorms e 2 Vagas - Financiamento até 420 Meses,"Casa 109m² com Terreno 127m² | São Vicente-SP | Samaritá - 3 Dorms e 2 Vagas - Financiamento até 420 Meses Endereço Completo Rua Sargento Dionizio Ribeiro, 35, Casa 2, Samarita, São Vicente, SP, CEP: 11345055 Características do Imóvel: Descrição: Casa, Em condomínio, Ocupado, 2 vaga(s) de garagem. Área(s): 127,1 m2 de área terreno, 109,6 m2 de área construída, 109,6 m2 de área privativa, 72,9 m2 de área comum. Matrícula(s): 165.502. Cartório: 1o CRI DE SÃO VICENTE. Inscrição da Prefeitura: 71-06282-1139-00035-002. Tipo do Imóvel: Casa Status da Ocupação: Ocupado Aceita Visitação: Visitação ind","R$ 227.800,00",117,superbid.net,Santander Oportunidades,2026-08-25,2026-08-25,10:07,,"São Vicente - SP, São Paulo",https://www.superbid.net/evento/785342,https://www.superbid.net/oferta/casa-109m2-com-terreno-127m2-sao-vicente-sp-samarita-3-dorms-e-2-vagas-financiamento-ate-420-meses-4967555,https://ms.sbwebservices.net/photos/ebe605d1-7cf1-4326-851b-a18f8d75dace.jpg,,,https://www.superbid.net/evento/785342,2026-08-25T04:08:53-03:00,api_superbid_ok,,,,,,,
"Apto 102,93m² | Praia Grande-SP | Edifício Everest | Canto do Forte || 450 METROS DA PRAIA ||- Financiamento até 420 Meses!","Apto 102,93m² | Praia Grande-SP | Edifício Everest | Canto do Forte || 450 METROS DA PRAIA ||- Financiamento até 420 Meses! Endereço Completo Avenida Marechal Hermes, 454, Apto 201, Condominio Edificio Everest, Canto Do Forte, Praia Grande, SP, CEP: 11700250 Características do Imóvel: Descrição: Apartamento, Padrão, Ocupado. Área(s): 102,93 m2 de área construída, 102,93 m2 de área privativa, 32,94 m2 de área comum. Matrícula(s): 13.618. Cartório: 1° CRI DE PRAIA GRANDE. Inscrição da Prefeitura: 2.01.14.218.006.0201. Tipo do Imóvel: Apartamento Status da Ocupação: Ocupado Aceita Visitação: Visi","R$ 338.130,00",118,superbid.net,Santander Oportunidades,2026-08-25,2026-08-25,10:08,,"Praia Grande - SP, São Paulo",https://www.superbid.net/evento/785342,https://www.superbid.net/oferta/apto-102-93m2-praia-grande-sp-edificio-everest-canto-do-forte-450-metros-da-praia-financiamento-ate-420-meses-4969641,https://ms.sbwebservices.net/photos/c2029b0a-7728-49a6-98d8-4174204a81ac.jpg,,,https://www.superbid.net/evento/785342,2026-08-25T04:08:53-03:00,api_superbid_ok,,,,,,,
"Casa em Condomínio 58,34m² | Praia Grande-SP | Residencial Lorenzo II | Vila Sônia - Financiamento até 420 Meses!","Casa em Condomínio 58,34m² | Praia Grande-SP | Residencial Lorenzo II | Vila Sônia - Financiamento até 420 Meses! Endereço Completo Rua Manoel Rodrigues Dos Reis, 267, Casa 02, Residencial Lorenzo Ii, Vila Sônia, Praia Grande, SP, CEP: 11722110 Características do Imóvel: Descrição: Casa, Em condomínio, Ocupado, 1 vaga(s) de garagem. Área(s): 58,34 m2 de área construída, 58,34 m2 de área privativa, 7,35 m2 de área comum. Matrícula(s): 217.901. Cartório: CRI PRAIA GRANDE. Inscrição da Prefeitura: 2.03.33.012.006.0002. Tipo do Imóvel: Casa Status da Ocupação: Ocupado Aceita Visitação: Visitação i","R$ 175.950,00",119,superbid.net,Santander Oportunidades,2026-08-25,2026-08-25,10:08,,"Praia Grande - SP, São Paulo",https://www.superbid.net/evento/785342,https://www.superbid.net/oferta/casa-em-condominio-58-34m2-praia-grande-sp-residencial-lorenzo-ii-vila-sonia-financiamento-ate-420-meses-4969629,https://ms.sbwebservices.net/photos/2214026a-804e-4584-b6fc-4c7028b3769b.jpg,,,https://www.superbid.net/evento/785342,2026-08-25T04:08:53-03:00,api_superbid_ok,,,,,,,
Apto 108m² | Praia Grande-SP | Res. Pontal do Atlântico | Vila Caiçara | Oportunidade com Vaga - Frente para a Praia e Próx. à Feirinha da Caiçara - Financiamento até 420 Meses!,"Apto 108m² | Praia Grande-SP | Res. Pontal do Atlântico | Vila Caiçara | Oportunidade com Vaga - Frente para a Praia e Próx. à Feirinha da Caiçara - Financiamento até 420 Meses! Endereço Completo Avenida Presidente Castelo Branco, 13616, Apartamento No1103, Condomínio Residencial Pontal Do Atlântico, Vila Caiçara, Praia Grande, SP, CEP: 11706040 Características do Imóvel: Descrição: Apartamento, Padrão, Ocupado, 1 vaga(s) de garagem. Área(s): 108,72 m2 de área construída, 108,72 m2 de área privativa, 69,03 m2 de área comum. Matrícula(s): 83.350. Cartório: 1o CRI DE PRAIA GRANDE. Inscrição da P","R$ 506.880,00",120,superbid.net,Santander Oportunidades,2026-08-25,2026-08-25,10:09,,"Praia Grande - SP, São Paulo",https://www.superbid.net/evento/785342,https://www.superbid.net/oferta/apto-108m2-praia-grande-sp-res-pontal-do-atlantico-vila-caicara-oportunidade-com-vaga-frente-para-a-praia-e-prox-a-feirinha-da-caicara-financiamento-ate-420-meses-4967556,https://ms.sbwebservices.net/photos/1b440834-1e2f-4753-93ee-bfcb6a1f9e90.jpg,,,https://www.superbid.net/evento/785342,2026-08-25T04:08:53-03:00,api_superbid_ok,,,,,,,
Casa 64m² com Terreno 225m² | Mongaguá-SP | Vila Atlântica | Oportunidade com Vaga - Próx. à Praia de Mongaguá e à Av. Gov. Mário Covas - Financiamento até 420 Meses!,"Casa 64m² com Terreno 225m² | Mongaguá-SP | Vila Atlântica | Oportunidade com Vaga - Próx. à Praia de Mongaguá e à Av. Gov. Mário Covas - Financiamento até 420 Meses! Endereço Completo Avenida Atlântica, 1498, Vila Atlântica, Mongaguá, SP, CEP: 11731110 Características do Imóvel: Descrição: Casa, Padrão, Ocupado, 1 vaga(s) de garagem. Área(s): 225 m2 de área terreno, 64,1 m2 de área construída. Matrícula(s): 15.712. Cartório: CRI MONGUAGUA. Inscrição da Prefeitura: 19519800912. Tipo do Imóvel: Casa Status da Ocupação: Ocupado Aceita Visitação: Visitação indisponível Dossiê: 02.26550 Área Terre","R$ 237.600,00",121,superbid.net,Santander Oportunidades,2026-08-25,2026-08-25,10:09,,"Mongaguá - SP, São Paulo",https://www.superbid.net/evento/785342,https://www.superbid.net/oferta/casa-64m2-com-terreno-225m2-mongagua-sp-vila-atlantica-oportunidade-com-vaga-prox-a-praia-de-mongagua-e-a-av-gov-mario-covas-financiamento-ate-420-meses-4969659,https://ms.sbwebservices.net/photos/6718f708-7b2f-4d09-9799-b546c1fb1edc.jpg,,,https://www.superbid.net/evento/785342,2026-08-25T04:08:53-03:00,api_superbid_ok,,,,,,,
"Casa 88,23m² com Terreno 125,02m² | Mongaguá-SP | Balneário Cascais - Financiamento até 420 Meses!","Casa 88,23m² com Terreno 125,02m² | Mongaguá-SP | Balneário Cascais - Financiamento até 420 Meses! Endereço Completo Avenida Anna Seckler Malacco, 512, Balneario Cascais, Mongaguá, SP, CEP: 11730000 Características do Imóvel: Descrição: Casa, Padrão, Ocupado, 1 vaga(s) de garagem. Área(s): 125,02 m2 de área terreno, 88,23 m2 de área construída. Matrícula(s): 372. Cartório: 1o CRI DE MONGUAGA. Inscrição da Prefeitura: 21000600401. Tipo do Imóvel: Casa Status da Ocupação: Ocupado Aceita Visitação: Visitação indisponível Dossiê: 02.25533 Área Terreno: 125.02 m2 Composição Interna/Vagas: Dormitóri","R$ 157.250,00",122,superbid.net,Santander Oportunidades,2026-08-25,2026-08-25,10:10,,"Mongaguá - SP, São Paulo",https://www.superbid.net/evento/785342,https://www.superbid.net/oferta/casa-88-23m2-com-terreno-125-02m2-mongagua-sp-balneario-cascais-financiamento-ate-420-meses-4969649,https://ms.sbwebservices.net/photos/fc65023a-ddb5-4b95-8fe5-10062e54156e.jpg,,,https://www.superbid.net/evento/785342,2026-08-25T04:08:53-03:00,api_superbid_ok,,,,,,,
Apto 67m² | Guarujá-SP | Ed. Mar | Pitangueiras | Oportunidade - Próx. à Praia de Pitangueiras e ao Shopping La Plage - Financiamento até 420 Meses!,"Apto 67m² | Guarujá-SP | Ed. Mar | Pitangueiras | Oportunidade - Próx. à Praia de Pitangueiras e ao Shopping La Plage - Financiamento até 420 Meses! Endereço Completo Rua Vereador Roberto Gelsomini, 154, Apartamento No 66, Edifício Mar, Pitangueiras, Guarujá, SP, CEP: 11410400 Características do Imóvel: Descrição: Apartamento, Padrão, Ocupado. Área(s): 67,2 m2 de área construída, 67,2 m2 de área privativa, 10,68 m2 de área comum. Matrícula(s): 62.107. Cartório: 1 CRI DE GUARUJA. Inscrição da Prefeitura: 0.0052.021.046. Tipo do Imóvel: Apartamento Status da Ocupação: Ocupado Aceita Visitação: V","R$ 256.600,00",123,superbid.net,Santander Oportunidades,2026-08-25,2026-08-25,10:10,,"Guarujá - SP, São Paulo",https://www.superbid.net/evento/785342,https://www.superbid.net/oferta/apto-67m2-guaruja-sp-ed-mar-pitangueiras-oportunidade-prox-a-praia-de-pitangueiras-e-ao-shopping-la-plage-financiamento-ate-420-meses-4967549,https://ms.sbwebservices.net/photos/06ffb1c7-c7d9-452f-a407-dcd50cf9c6f5.jpg,,,https://www.superbid.net/evento/785342,2026-08-25T04:08:53-03:00,api_superbid_ok,,,,,,,
Apto 107m² | Guarujá-SP | Ed. Dom João VI | Pitangueiras | Oportunidade - Próx. à Praia de Pitangueiras e ao Shopping La Plage - Financiamento até 420 Meses!,"Apto 107m² | Guarujá-SP | Ed. Dom João VI | Pitangueiras | Oportunidade - Próx. à Praia de Pitangueiras e ao Shopping La Plage - Financiamento até 420 Meses! Endereço Completo Rua Washington, 549, Ap 32, Edifício Dom João Vi, Pitangueiras, Guarujá, SP, CEP: 11410150 Características do Imóvel: Descrição: Apartamento, Padrão, Ocupado. Área(s): 107,98 m2 de área construída, 107,98 m2 de área privativa. Matrícula(s): 56.407. Cartório: 1o CRI DE GUARUJA. Inscrição da Prefeitura: 0-0044-012-010. Tipo do Imóvel: Apartamento Status da Ocupação: Ocupado Aceita Visitação: Visitação indisponível Dossiê: ","R$ 307.440,00",124,superbid.net,Santander Oportunidades,2026-08-25,2026-08-25,10:11,,"Guarujá - SP, São Paulo",https://www.superbid.net/evento/785342,https://www.superbid.net/oferta/apto-107m2-guaruja-sp-ed-dom-joao-vi-pitangueiras-oportunidade-prox-a-praia-de-pitangueiras-e-ao-shopping-la-plage-financiamento-ate-420-meses-4969668,https://ms.sbwebservices.net/photos/12d46467-ee3c-42a3-859b-89e50bc09a44.jpg,,,https://www.superbid.net/evento/785342,2026-08-25T04:08:53-03:00,api_superbid_ok,,,,,,,
Apto 96m² c/ 2 vagas | Osasco-SP | Próx. Estação Quitaúna e Unifesp - Fácil acesso ao Rodoanel e Rod. Castelo Branco - Financiamento até 420 Meses!,"Apto 96m² c/ 2 vagas | Osasco-SP | Próx. Estação Quitaúna e Unifesp - Fácil acesso ao Rodoanel e Rod. Castelo Branco - Financiamento até 420 Meses! Endereço Completo Rua General Florêncio, 1068, Apartamento N° 153 Tipo F Do Uno Condominio, Vila Quitaúna, Osasco, SP, CEP: 06182002 Características do Imóvel: Descrição: Apartamento, Padrão, Ocupado, 2 vaga(s) de garagem. Área(s): 96,64 m2 de área construída, 96,64 m2 de área privativa, 72,45 m2 de área comum. Matrícula(s): 125.307. Cartório: 1 CRI OSASCO. Inscrição da Prefeitura: 23214.62.87.0446.01.067.03. Tipo do Imóvel: Apartamento Status da O","R$ 380.250,00",125,superbid.net,Santander Oportunidades,2026-08-25,2026-08-25,10:11,,"Osasco - SP, São Paulo",https://www.superbid.net/evento/785342,https://www.superbid.net/oferta/apto-96m2-c-2-vagas-osasco-sp-prox-estacao-quitauna-e-unifesp-facil-acesso-ao-rodoanel-e-rod-castelo-branco-financiamento-ate-420-meses-4967528,https://ms.sbwebservices.net/photos/28a0dbbe-1704-41cd-a891-6f572e0220c5.jpg,,,https://www.superbid.net/evento/785342,2026-08-25T04:08:53-03:00,api_superbid_ok,,,,,,,
Casa 80m² com Terreno 500m² | Ribeirão Pires-SP | Vila Nova Suiça Santista - Financiamento até 420 Meses!,"Casa 80m² com Terreno 500m² | Ribeirão Pires-SP | Vila Nova Suiça Santista - Financiamento até 420 Meses! Endereço Completo Rua Orestes Del Corto, 95, Vila Nova Suiça Santista, Suissa, Ribeirão Pires, SP, CEP: 09421300 Características do Imóvel: Descrição: Casa, Padrão, Ocupado. Área(s): 500 m2 de área terreno, 80 m2 de área construída, 80 m2 de área privativa. Matrícula(s): 34.591. Cartório: CRI DE RIBEIRÃO PIRES. Inscrição da Prefeitura: 361-52-22-0858-00-0000 / IdFisico 1027546. Tipo do Imóvel: Casa Status da Ocupação: Ocupado Aceita Visitação: Visitação indisponível Dossiê: 02.21641 Área P","R$ 204.000,00",126,superbid.net,Santander Oportunidades,2026-08-25,2026-08-25,10:12,,"Ribeirão Pires - SP, São Paulo",https://www.superbid.net/evento/785342,https://www.superbid.net/oferta/casa-80m2-com-terreno-500m2-ribeirao-pires-sp-vila-nova-suica-santista-financiamento-ate-420-meses-4967506,https://ms.sbwebservices.net/photos/ecb7327f-dffd-425e-bae7-7c34674930c1.jpg,,,https://www.superbid.net/evento/785342,2026-08-25T04:08:53-03:00,api_superbid_ok,,,,,,,
Casa 196m² com Terreno 152m² | Cotia-SP | 3 Dorms. Próx. Thermas da Mata | Animália Park | Rodovia Raposo Tavares | Financiamento até 420 Meses!,"Casa 196m² com Terreno 152m² | Cotia-SP | 3 Dorms. Próx. Thermas da Mata | Animália Park | Rodovia Raposo Tavares | Financiamento até 420 Meses! Endereço Completo Rua Uganda, 371, Loteamento Outeiro De Passargada, Outeiro De Passargada, Cotia, SP, CEP: 06719610 Características do Imóvel: Descrição: Casa, Padrão, Ocupado, 1 vaga(s) de garagem. Área(s): 152,09 m2 de área terreno, 196,62 m2 de área construída. Matrícula(s): 92.810. Cartório: 1o CRI DE COTIA. Inscrição da Prefeitura: 23154.24.68.0536.00.000. Tipo do Imóvel: Casa Status da Ocupação: Ocupado Aceita Visitação: Visitação indisponível ","R$ 380.800,00",127,superbid.net,Santander Oportunidades,2026-08-25,2026-08-25,10:12,,"Cotia - SP, São Paulo",https://www.superbid.net/evento/785342,https://www.superbid.net/oferta/casa-196m2-com-terreno-152m2-cotia-sp-3-dorms-prox-thermas-da-mata-animalia-park-rodovia-raposo-tavares-financiamento-ate-420-meses-4967576,https://ms.sbwebservices.net/photos/2c3cbccc-98a1-4722-88f1-1ecbcb5d4c58.jpg,,,https://www.superbid.net/evento/785342,2026-08-25T04:08:53-03:00,api_superbid_ok,,,,,,,
Apto 50m² c/ 1 Vga| Cotia-SP | Cond. Residence Astória II | Jardim dos Ipês - Financiamento até 420 Meses!,"Apto 50m² c/ 1 Vga| Cotia-SP | Cond. Residence Astória II | Jardim dos Ipês - Financiamento até 420 Meses! Endereço Completo Rua Maceió, 69, Apartamento No 206 - Bloco 2 - Condomínio Residence Astória Ii, Jardim Dos Ipês, Cotia, SP, CEP: 06716120 Características do Imóvel: Descrição: Apartamento, Padrão, Ocupado, 1 vaga(s) de garagem. Área(s): 50 m2 de área construída, 50 m2 de área privativa, 40,148 m2 de área comum. Matrícula(s): 110.743. Cartório: 1o CRI COTIA. Inscrição da Prefeitura: 23162.53.99.0216.00.000. Tipo do Imóvel: Apartamento Status da Ocupação: Ocupado Aceita Visitação: Visitaç","R$ 159.800,00",128,superbid.net,Santander Oportunidades,2026-08-25,2026-08-25,10:13,,"Cotia - SP, São Paulo",https://www.superbid.net/evento/785342,https://www.superbid.net/oferta/apto-50m2-c-1-vga-cotia-sp-cond-residence-astoria-ii-jardim-dos-ipes-financiamento-ate-420-meses-4967546,https://ms.sbwebservices.net/photos/15f5ed36-e12a-4a9a-ae2a-6ab6813fd803.jpg,,,https://www.superbid.net/evento/785342,2026-08-25T04:08:53-03:00,api_superbid_ok,,,,,,,
Casa 152m² com Terreno 125m² | Itaquaquecetuba-SP | Jd. São Paulo | Oportunidade - Próx. à Av. Ítalo Adami e à Estação Itaquaquecetuba - Financiamento até 420 Meses!,"Casa 152m² com Terreno 125m² | Itaquaquecetuba-SP | Jd. São Paulo | Oportunidade - Próx. à Av. Ítalo Adami e à Estação Itaquaquecetuba - Financiamento até 420 Meses! Endereço Completo Rua Foz Do Iguaçu, 341, Jardim São Paulo, Itaquaquecetuba, SP, CEP: 08598500 Características do Imóvel: Descrição: Casa, Padrão, Ocupado. Área(s): 125 m2 de área terreno, 152,06 m2 de área construída. Matrícula(s): 24.561. Cartório: 1° CRI DE ITAQUAQUECETUBA. Inscrição da Prefeitura: 44452-33-87-0500-00-000. Tipo do Imóvel: Casa Status da Ocupação: Ocupado Aceita Visitação: Visitação indisponível Dossiê: 02.26919","R$ 302.400,00",129,superbid.net,Santander Oportunidades,2026-08-25,2026-08-25,10:13,,"Itaquaquecetuba - SP, São Paulo",https://www.superbid.net/evento/785342,https://www.superbid.net/oferta/casa-152m2-com-terreno-125m2-itaquaquecetuba-sp-jd-sao-paulo-oportunidade-prox-a-av-italo-adami-e-a-estacao-itaquaquecetuba-financiamento-ate-420-meses-4967539,https://ms.sbwebservices.net/photos/074d4ad5-ba9b-4b65-977b-25f244ebbaf2.jpg,,,https://www.superbid.net/evento/785342,2026-08-25T04:08:53-03:00,api_superbid_ok,,,,,,,
Apto 44m² | Mogi das Cruzes-SP | Conjunto Habitacional Mogi das Cruzes B Vila Cléo | Alto Ipiranga - Financiamento até 420 Meses!,"Apto 44m² | Mogi das Cruzes-SP | Conjunto Habitacional Mogi das Cruzes B Vila Cléo | Alto Ipiranga - Financiamento até 420 Meses! Endereço Completo Rua José Cury Andere, 483, Apartamento No 32-Bloco 01b, Do Conjunto Habitacional Mogi Das Cruzes B Vila Cléo, Alto Ipiranga, Mogi Das Cruzes, SP, CEP: 08730700 Características do Imóvel: Descrição: Apartamento, Padrão, Ocupado. Área(s): 44,08 m2 de área construída, 44,08 m2 de área privativa, 5,56 m2 de área comum. Matrícula(s): 80.826. Cartório: 2o CRI MOGI DAS CRUZES. Inscrição da Prefeitura: 081140080308. Tipo do Imóvel: Apartamento Status da Oc","R$ 94.809,00",130,superbid.net,Santander Oportunidades,2026-08-25,2026-08-25,10:14,,"Mogi das Cruzes - SP, São Paulo",https://www.superbid.net/evento/785342,https://www.superbid.net/oferta/apto-44m2-mogi-das-cruzes-sp-conjunto-habitacional-mogi-das-cruzes-b-vila-cleo-alto-ipiranga-financiamento-ate-420-meses-4967533,https://ms.sbwebservices.net/photos/943abd8e-9e5a-4fd3-8cbf-296d6e10c24d.jpg,,,https://www.superbid.net/evento/785342,2026-08-25T04:08:53-03:00,api_superbid_ok,,,,,,,
Terreno 371m² | DESOCUPADO | Bragança Paulista-SP | Cond. Villa Real | Oportunidade - Próx. à Av. Dom Pedro I e ao Bragança Garden Shopping - Pagamento à Vista!,"Terreno 371m² | DESOCUPADO | Bragança Paulista-SP | Cond. Villa Real | Oportunidade - Próx. à Av. Dom Pedro I e ao Bragança Garden Shopping - Pagamento à Vista! Endereço Completo Alameda Dos Castelos, S/N, Condomínio Villa Real De Bragança L05 Q23, Loteamento Villa Real De Bragança, Bragança Paulista, SP, CEP: 12903454 Características do Imóvel: Descrição: Lote, Em Condomínio, Desocupado. Área(s): 371,92 m2 de área terreno. Matrícula(s): 68.393. Cartório: CRI BRAGANÇA PAULISTA. Inscrição da Prefeitura: 1.00.00.51.0023.0005.00.00. Tipo do Imóvel: Lote Status da Ocupação: Desocupado Aceita Visit","R$ 332.120,00",131,superbid.net,Santander Oportunidades,2026-08-25,2026-08-25,10:14,,"Bragança Paulista - SP, São Paulo",https://www.superbid.net/evento/785342,https://www.superbid.net/oferta/terreno-371m2-desocupado-braganca-paulista-sp-cond-villa-real-oportunidade-prox-a-av-dom-pedro-i-e-ao-braganca-garden-shopping-pagamento-a-vista-4967543,https://ms.sbwebservices.net/photos/9a475b75-dde7-40cb-a714-a199189e3b8c.jpg,,,https://www.superbid.net/evento/785342,2026-08-25T04:08:53-03:00,api_superbid_ok,,,,,,,
Casa em condomínio 606m² | Salto-SP | Village Haras São Luiz II - 5 Dormitórios - Financiamento até 420 Meses!,"Casa em condomínio 606m² | Salto-SP | Village Haras São Luiz II - 5 Dormitórios - Financiamento até 420 Meses! Endereço Completo Rua Fênix, 410, Unidade 32, Condominio Fechado De Vivendas Haras Sao Luiz Ii, Condomínio Fechado Village Haras São Luiz Ii, Salto, SP, CEP: 13329160 Características do Imóvel: Descrição: Casa, Em condomínio, Ocupado. Área(s): 606,83 m2 de área construída, 606,83 m2 de área privativa. Matrícula(s): 18.804. Cartório: 1° CRI DE SALTO. Inscrição da Prefeitura: 01.07.0098.0100.0001. Tipo do Imóvel: Casa Status da Ocupação: Ocupado Aceita Visitação: Visitação indisponível ","R$ 1.196.800,00",132,superbid.net,Santander Oportunidades,2026-08-25,2026-08-25,10:15,,"Salto - SP, São Paulo",https://www.superbid.net/evento/785342,https://www.superbid.net/oferta/casa-em-condominio-606m2-salto-sp-village-haras-sao-luiz-ii-5-dormitorios-financiamento-ate-420-meses-4967553,https://ms.sbwebservices.net/photos/6ab358ac-5341-4dae-bce3-a171e04805f8.jpg,,,https://www.superbid.net/evento/785342,2026-08-25T04:08:53-03:00,api_superbid_ok,,,,,,,
Casa 189m² com Terreno 320m² | Sorocaba-SP | Jardim São Carlos | Ampla - Próx. ao Iguatemi Esplanada - Financiamento até 420 Meses!,"Casa 189m² com Terreno 320m² | Sorocaba-SP | Jardim São Carlos | Ampla - Próx. ao Iguatemi Esplanada - Financiamento até 420 Meses! Endereço Completo Rua Professor Magalhães De Noronha, 106, Loteamento Jardim Sao Carlos, Jardim São Carlos, Sorocaba, SP, CEP: 18046460 Características do Imóvel: Descrição: Casa, Padrão, Ocupado. Área(s): 320 m2 de área terreno, 189,5 m2 de área construída. Matrícula(s): 36.779. Cartório: 2° CRI DE SOROCABA. Inscrição da Prefeitura: 43.52.43.0436.01.000. Tipo do Imóvel: Casa Status da Ocupação: Ocupado Aceita Visitação: Visitação indisponível Dossiê: 02.26340 Áre","R$ 334.400,00",133,superbid.net,Santander Oportunidades,2026-08-25,2026-08-25,10:15,,"Sorocaba - SP, São Paulo",https://www.superbid.net/evento/785342,https://www.superbid.net/oferta/casa-189m2-com-terreno-320m2-sorocaba-sp-jardim-sao-carlos-ampla-prox-ao-iguatemi-esplanada-financiamento-ate-420-meses-4969658,https://ms.sbwebservices.net/photos/5cd53467-a263-46e1-89cf-d84db9aa22b7.jpg,,,https://www.superbid.net/evento/785342,2026-08-25T04:08:53-03:00,api_superbid_ok,,,,,,,
Apto 50m² c/ 1 vaga | Sorocaba-SP | Edifício Colorado | Vila Haro - Próximo ao Parque Zoológico Quinzinho de Barros - Financiamento até 420 Meses!,"Apto 50m² c/ 1 vaga | Sorocaba-SP | Edifício Colorado | Vila Haro - Próximo ao Parque Zoológico Quinzinho de Barros - Financiamento até 420 Meses! Endereço Completo Rua Pedro Jose Senger, 1903, Apto 02 - Torre 02 - Edificio Colorado, Vila Haro, Sorocaba, SP, CEP: 18015000 Características do Imóvel: Descrição: Apartamento, Padrão, Ocupado, 1 vaga(s) de garagem. Área(s): 50,24 m2 de área construída, 50,24 m2 de área privativa, 12,45 m2 de área comum. Matrícula(s): 209.381. Cartório: 1o CRI DE SOROCABA. Inscrição da Prefeitura: 54.62.81.0323.02.002. Tipo do Imóvel: Apartamento Status da Ocupação:","R$ 167.856,00",134,superbid.net,Santander Oportunidades,2026-08-25,2026-08-25,10:16,,"Sorocaba - SP, São Paulo",https://www.superbid.net/evento/785342,https://www.superbid.net/oferta/apto-50m2-c-1-vaga-sorocaba-sp-edificio-colorado-vila-haro-proximo-ao-parque-zoologico-quinzinho-de-barros-financiamento-ate-420-meses-4969673,https://ms.sbwebservices.net/photos/596f7e98-d634-48a8-80ca-fca7b029c1db.jpg,,,https://www.superbid.net/evento/785342,2026-08-25T04:08:53-03:00,api_superbid_ok,,,,,,,
"Apto 57m² c/ 1 vaga | Sumaré-SP | Condomínio Viva Vista Alameda | Nova Veneza - Excelente Localização, Próximo à Rodovia Anhanguera - Financiamento até 420 Meses!","Apto 57m² c/ 1 vaga | Sumaré-SP | Condomínio Viva Vista Alameda | Nova Veneza - Excelente Localização, Próximo à Rodovia Anhanguera - Financiamento até 420 Meses! Endereço Completo Avenida E, 160, Apto 71b, Bloco B, Condomínio Viva Vista Alameda, Distrito De Nova Veneza, Sumaré, SP, CEP: 13178585 Características do Imóvel: Descrição: Apartamento, Padrão, Ocupado, 1 vaga(s) de garagem. Área(s): 57,94 m2 de área construída, 57,94 m2 de área privativa, 55,35 m2 de área comum. Matrícula(s): 175.773. Cartório: CRI SUMARE. Inscrição da Prefeitura: 2.260.1376.060.9.01. Tipo do Imóvel: Apartamento Sta","R$ 179.350,00",135,superbid.net,Santander Oportunidades,2026-08-25,2026-08-25,10:16,,"Sumaré - SP, São Paulo",https://www.superbid.net/evento/785342,https://www.superbid.net/oferta/apto-57m2-c-1-vaga-sumare-sp-condominio-viva-vista-alameda-nova-veneza-excelente-localizacao-proximo-a-rodovia-anhanguera-financiamento-ate-420-meses-4967516,https://ms.sbwebservices.net/photos/3680893f-4c1e-4d2e-b733-9d58d2e13d1b.jpg,,,https://www.superbid.net/evento/785342,2026-08-25T04:08:53-03:00,api_superbid_ok,,,,,,,
Casa 125m² com Terreno 250m² | Piracicaba-SP | Jardim Algodoal - Financiamento até 420 Meses!,"Casa 125m² com Terreno 250m² | Piracicaba-SP | Jardim Algodoal - Financiamento até 420 Meses! Endereço Completo Rua Terenzio Galesi, 545, Loteamento Vila Algodoal, Jardim Algodoal, Piracicaba, SP, CEP: 13405440 Características do Imóvel: Descrição: Casa, Padrão, Ocupado. Área(s): 250 m2 de área terreno, 125,81 m2 de área construída. Matrícula(s): 7.629. Cartório: 1o CRI DE PIRACICABA. Inscrição da Prefeitura: 01.36.0056.0081.0000. Tipo do Imóvel: Casa Status da Ocupação: Ocupado Aceita Visitação: Visitação indisponível Dossiê: 02.26683 Área Terreno: 250.0 m2 Matrícula: 7.629 Cartório de Regist","R$ 331.500,00",136,superbid.net,Santander Oportunidades,2026-08-25,2026-08-25,10:17,,"Piracicaba - SP, São Paulo",https://www.superbid.net/evento/785342,https://www.superbid.net/oferta/casa-125m2-com-terreno-250m2-piracicaba-sp-jardim-algodoal-financiamento-ate-420-meses-4969643,https://ms.sbwebservices.net/photos/ec2fdc58-82c0-473d-9612-9b2b8a934f37.jpg,,,https://www.superbid.net/evento/785342,2026-08-25T04:08:53-03:00,api_superbid_ok,,,,,,,
Lote em Condomínio 1.380m² | Campos do Jordão-SP | Alto da Boa Vista - Prox. Castelo Nacional (Hogwarts brasileira) - Somente À Vista!,"Lote em Condomínio 1.380m² | Campos do Jordão-SP | Alto da Boa Vista - Prox. Castelo Nacional (Hogwarts brasileira) - Somente À Vista! Endereço Completo Rua Anita Damas Salgado, S/N, 3° Seção Associacao Amigos Do Alto Da Boa Vista - Aaabv, Alto Da Boa Vista, Campos Do Jordão, SP, CEP: 12472700 Características do Imóvel: Descrição: Lote, Em Condomínio, Ocupado. Área(s): 1380 m2 de área terreno. Matrícula(s): 713. Cartório: 1° CRI DE CAMPOS DO JORDÃO. Inscrição da Prefeitura: 05.157.003. Tipo do Imóvel: Lote Status da Ocupação: Ocupado Aceita Visitação: Visitação indisponível Dossiê: 02.26836 Ár","R$ 225.802,50",137,superbid.net,Santander Oportunidades,2026-08-25,2026-08-25,10:17,,"Campos do Jordão - SP, São Paulo",https://www.superbid.net/evento/785342,https://www.superbid.net/oferta/lote-em-condominio-1-380m2-campos-do-jordao-sp-alto-da-boa-vista-prox-castelo-nacional-hogwarts-brasileira-somente-a-vista-4969665,https://ms.sbwebservices.net/photos/19a1b81f-a67e-4ab8-bd7a-ba3ff6857001.jpg,,,https://www.superbid.net/evento/785342,2026-08-25T04:08:53-03:00,api_superbid_ok,,,,,,,
Casa 126m² com Vaga | Rio Claro-SP | Vila Aparecida | Oportunidade - Próx. à Av. Visconde de Rio Claro e ao Shopping Rio Claro - Financiamento até 420 Meses!,"Casa 126m² com Vaga | Rio Claro-SP | Vila Aparecida | Oportunidade - Próx. à Av. Visconde de Rio Claro e ao Shopping Rio Claro - Financiamento até 420 Meses! Endereço Completo Avenida 26, 437, Vila Aparecida, Rio Claro, SP, CEP: 13500535 Características do Imóvel: Descrição: Casa, Padrão, Ocupado, 1 vaga(s) de garagem. Área(s): 210000 m2 de área terreno, 126 m2 de área construída. Matrícula(s): 16.855. Cartório: 2° CRI DE RIO CLARO. Inscrição da Prefeitura: 01.18.012.0062.001. Tipo do Imóvel: Casa Status da Ocupação: Ocupado Aceita Visitação: Visitação indisponível Dossiê: 02.27383 Área Terren","R$ 281.700,00",138,superbid.net,Santander Oportunidades,2026-08-25,2026-08-25,10:18,,"Rio Claro - SP, São Paulo",https://www.superbid.net/evento/785342,https://www.superbid.net/oferta/casa-126m2-com-vaga-rio-claro-sp-vila-aparecida-oportunidade-prox-a-av-visconde-de-rio-claro-e-ao-shopping-rio-claro-financiamento-ate-420-meses-4967542,https://ms.sbwebservices.net/photos/188834d9-7a09-41a6-9236-cad2266141fd.jpg,,,https://www.superbid.net/evento/785342,2026-08-25T04:08:53-03:00,api_superbid_ok,,,,,,,
Apto 48m² c/ 1 Vaga | Rio Claro-SP | Condomínio Residencial Vila Do Horto | Jardim Do Horto - Financiamento até 420 Meses!,"Apto 48m² c/ 1 Vaga | Rio Claro-SP | Condomínio Residencial Vila Do Horto | Jardim Do Horto - Financiamento até 420 Meses! Endereço Completo Rodovia Estadual Constantine Peruchi, S/N°, Apartamento 43, Torre 10, Condomínio Residencial Vila Do Horto, Jardim Do Horto, Rio Claro, SP, CEP: 13506899 Características do Imóvel: Descrição: Apartamento, Padrão, Ocupado, 1 vaga(s) de garagem. Área(s): 48,48 m2 de área construída, 48,48 m2 de área privativa, 43,64 m2 de área comum. Matrícula(s): 52.230. Cartório: 1° CRI RIO CLARO. Inscrição da Prefeitura: 04.08.010.0001.307 CAD 97970. Tipo do Imóvel: Apar","R$ 145.350,00",139,superbid.net,Santander Oportunidades,2026-08-25,2026-08-25,10:18,,"Rio Claro - SP, São Paulo",https://www.superbid.net/evento/785342,https://www.superbid.net/oferta/apto-48m2-c-1-vaga-rio-claro-sp-condominio-residencial-vila-do-horto-jardim-do-horto-financiamento-ate-420-meses-4967571,https://ms.sbwebservices.net/photos/f76f077a-e10e-495e-8e19-be5f7137fab6.jpg,,,https://www.superbid.net/evento/785342,2026-08-25T04:08:53-03:00,api_superbid_ok,,,,,,,
Casa 64m² com Terreno 186m² | Lorena-SP | Santa Terezinha - Próx. ao Eco Valle Shopping - Financiamento até 420 Meses!,"Casa 64m² com Terreno 186m² | Lorena-SP | Santa Terezinha - Próx. ao Eco Valle Shopping - Financiamento até 420 Meses! Endereço Completo Rua Pernambuco, 975, Loteamento Cidade Industrial, Santa Terezinha, Lorena, SP, CEP: 12609260 Características do Imóvel: Descrição: Casa, Padrão, Ocupado, 1 vaga(s) de garagem. Área(s): 186,55 m2 de área terreno, 64 m2 de área construída. Matrícula(s): 32.620. Cartório: 1 CRI DE LORENA. Inscrição da Prefeitura: 0005.0045.00.0003.04. Tipo do Imóvel: Casa Status da Ocupação: Ocupado Aceita Visitação: Visitação indisponível Dossiê: 02.24117 Área Terreno: 186.55 ","R$ 144.921,60",140,superbid.net,Santander Oportunidades,2026-08-25,2026-08-25,10:19,,"Lorena - SP, São Paulo",https://www.superbid.net/evento/785342,https://www.superbid.net/oferta/casa-64m2-com-terreno-186m2-lorena-sp-santa-terezinha-prox-ao-eco-valle-shopping-financiamento-ate-420-meses-4969631,https://ms.sbwebservices.net/photos/40555c58-3b94-4652-89a0-d672d151c6a2.jpg,,,https://www.superbid.net/evento/785342,2026-08-25T04:08:53-03:00,api_superbid_ok,,,,,,,
Casa em Condomínio Desocupada 141m² || DESOCUPADA || Cachoeira Paulista-SP | Condomínio Vale do Sol | Terreno Amplo 648m² - Próx. à Canção Nova e à Rod. Presidente Dutra - Financiamento até 420 Meses!,"Casa em Condomínio Desocupada 141m² || DESOCUPADA || Cachoeira Paulista-SP | Condomínio Vale do Sol | Terreno Amplo 648m² - Próx. à Canção Nova e à Rod. Presidente Dutra - Financiamento até 420 Meses! Endereço Completo Avenida Jonas Jardim Filho, 30, Condominio Vale Do Sol, Aguada, Cachoeira Paulista, SP, CEP: 12630000 Características do Imóvel: Descrição: Casa, Em condomínio, Desocupado. Área(s): 648,27 m2 de área terreno, 141,8 m2 de área construída. Matrícula(s): 9.276. Cartório: 1 CRI CACHOEIRA PAULISTA. Inscrição da Prefeitura: 041270481001. Tipo do Imóvel: Casa Status da Ocupação: Desocu","R$ 489.240,00",142,superbid.net,Santander Oportunidades,2026-08-25,2026-08-25,10:19,,"Cachoeira Paulista - SP, São Paulo",https://www.superbid.net/evento/785342,https://www.superbid.net/oferta/casa-em-condominio-desocupada-141m2-desocupada-cachoeira-paulista-sp-condominio-vale-do-sol-terreno-amplo-648m2-prox-a-cancao-nova-e-a-rod-presidente-dutra-financiamento-ate-420-meses-4969614,https://ms.sbwebservices.net/photos/c1ed1fd3-69a2-4602-8c22-bca8273d5204.jpg,,,https://www.superbid.net/evento/785342,2026-08-25T04:08:53-03:00,api_superbid_ok,,,,,,,
Casa 110m² com Terreno 162m² | Cachoeira Paulista-SP | Vila Carmem - Com 3 Dormitórios e 2 Banheiros - Financiamento até 420 Meses!,"Casa 110m² com Terreno 162m² | Cachoeira Paulista-SP | Vila Carmem - Com 3 Dormitórios e 2 Banheiros - Financiamento até 420 Meses! Endereço Completo Rua Prefeita Adele Guimarães, 100, Loteamento Idalina Abreu Sadre, Vila Carmem, Cachoeira Paulista, SP, CEP: 12630000 Características do Imóvel: Descrição: Casa, Padrão, Ocupado, 1 vaga(s) de garagem. Área(s): 162 m2 de área terreno, 110,28 m2 de área construída. Matrícula(s): 1.079. Cartório: 1o CRI DE CACHOEIRA PAULISTA. Inscrição da Prefeitura: 030060223001. Tipo do Imóvel: Casa Status da Ocupação: Ocupado Aceita Visitação: Visitação indisponí","R$ 195.300,00",143,superbid.net,Santander Oportunidades,2026-08-25,2026-08-25,10:20,,"Cachoeira Paulista - SP, São Paulo",https://www.superbid.net/evento/785342,https://www.superbid.net/oferta/casa-110m2-com-terreno-162m2-cachoeira-paulista-sp-vila-carmem-com-3-dormitorios-e-2-banheiros-financiamento-ate-420-meses-4967518,https://ms.sbwebservices.net/photos/7261516b-81eb-4ecc-b907-803ad4219661.jpg,,,https://www.superbid.net/evento/785342,2026-08-25T04:08:53-03:00,api_superbid_ok,,,,,,,
Apto 45m² | Araraquara-SP | Parque Arpoador - Próx. do Shopping Jaraguá - Financiamento até 420 Meses!,"Apto 45m² | Araraquara-SP | Parque Arpoador - Próx. do Shopping Jaraguá - Financiamento até 420 Meses! Endereço Completo Rua Maria Marcelina De Campos, 500, Apartamento N°102, Bloco 18, Condomínio Parque Arpoador, Parque Arpoador, Araraquara, SP, CEP: 14804332 Características do Imóvel: Descrição: Apartamento, Padrão, Ocupado. Área(s): 45,54 m2 de área construída, 45,54 m2 de área privativa, 48,63 m2 de área comum. Matrícula(s): 137.578. Cartório: 01° CRI DE ARARAQUARA. Inscrição da Prefeitura: 20.234.275.00. Tipo do Imóvel: Apartamento Status da Ocupação: Ocupado Aceita Visitação: Visitação i","R$ 90.950,00",144,superbid.net,Santander Oportunidades,2026-08-25,2026-08-25,10:20,,"Araraquara - SP, São Paulo",https://www.superbid.net/evento/785342,https://www.superbid.net/oferta/apto-45m2-araraquara-sp-parque-arpoador-prox-do-shopping-jaragua-financiamento-ate-420-meses-4969645,https://ms.sbwebservices.net/photos/6f960cbf-d078-4f0c-bd9a-5239907c7389.jpg,,,https://www.superbid.net/evento/785342,2026-08-25T04:08:53-03:00,api_superbid_ok,,,,,,,
Casa 84m² com Terreno 202m² | Agudos-SP | Jardim Santa Cecília - Financiamento até 420 Meses!,"Casa 84m² com Terreno 202m² | Agudos-SP | Jardim Santa Cecília - Financiamento até 420 Meses! Endereço Completo Rua São Benedito, 08, Jardim Santa Cecilia, Agudos, SP, CEP: 17120200 Características do Imóvel: Descrição: Casa, Padrão, Ocupado, 1 vaga(s) de garagem. Área(s): 202,5 m2 de área terreno, 84,64 m2 de área construída. Matrícula(s): 2.489. Cartório: 1° CRI DE AGUDOS. Inscrição da Prefeitura: 0302602702000-CAD 291600. Tipo do Imóvel: Casa Status da Ocupação: Ocupado Aceita Visitação: Visitação indisponível Dossiê: 02.25569 Área Terreno: 202.5 m2 Composição Interna/Vagas: Dormitórios: 2,","R$ 144.537,30",145,superbid.net,Santander Oportunidades,2026-08-25,2026-08-25,10:21,,"Agudos - SP, São Paulo",https://www.superbid.net/evento/785342,https://www.superbid.net/oferta/casa-84m2-com-terreno-202m2-agudos-sp-jardim-santa-cecilia-financiamento-ate-420-meses-4969690,https://ms.sbwebservices.net/photos/f381c3e9-bc30-4dfa-b956-c970948b97b6.jpg,,,https://www.superbid.net/evento/785342,2026-08-25T04:08:53-03:00,api_superbid_ok,,,,,,,
Salões Comerciais 1863m² | Ribeirão Preto-SP | Recreio Internacional | Excelente Oportunidade para Investimento - Próx. à Rodovia Anhanguera e à Av. Henry Nestlé - Financiamento até 420 Meses!,"Salões Comerciais 1863m² | Ribeirão Preto-SP | Recreio Internacional | Excelente Oportunidade para Investimento - Próx. à Rodovia Anhanguera e à Av. Henry Nestlé - Financiamento até 420 Meses! Endereço Completo Rua C, 1051, Salões Comerciais 1061 E 1069, Condominio Recreio Internacional Quadra 10, Recreio Internacional, Ribeirão Preto, SP, CEP: 14094580 Características do Imóvel: Descrição: , , Ocupado. Área(s): 1863,77 m2 de área construída, 1863,777 m2 de área privativa. Matrícula(s): 51.583. Cartório: 2° CRI DE RIBEIRÃO PRETO. Inscrição da Prefeitura: 101204. Status da Ocupação: Ocupado Ace","R$ 1.165.500,00",146,superbid.net,Santander Oportunidades,2026-08-25,2026-08-25,10:21,,"Ribeirão Preto - SP, São Paulo",https://www.superbid.net/evento/785342,https://www.superbid.net/oferta/saloes-comerciais-1863m2-ribeirao-preto-sp-recreio-internacional-excelente-oportunidade-para-investimento-prox-a-rodovia-anhanguera-e-a-av-henry-nestle-financiamento-ate-420-meses-4967537,https://ms.sbwebservices.net/photos/1249dbc9-8560-4a94-839e-484869cc0f73.jpg,,,https://www.superbid.net/evento/785342,2026-08-25T04:08:53-03:00,api_superbid_ok,,,,,,,
"Casa 220m² | Pinheiral-RJ | Jardim Bela Vista - Condomínio A - 3 Dorms, 3 Banheiros, 1 Vaga - Financiamento até 420 Meses!","Casa 220m² | Pinheiral-RJ | Jardim Bela Vista - Condomínio A - 3 Dorms, 3 Banheiros, 1 Vaga - Financiamento até 420 Meses! Endereço Completo Rua 7, 18, Casa 01, Condominio A - Loteamento Jardim Real, Jardim Bela Vista, Pinheiral, RJ, CEP: 27197000 Características do Imóvel: Descrição: Casa, Em condomínio, Ocupado, 1 vaga(s) de garagem. Área(s): 220,8 m2 de área construída, 220,8 m2 de área privativa. Matrícula(s): 1.564. Cartório: 1° CRI DE PINHEIRAL. Inscrição da Prefeitura: 01.008.023.0004.1. Tipo do Imóvel: Casa Status da Ocupação: Ocupado Aceita Visitação: Visitação indisponível Dossiê: 02","R$ 441.900,00",147,superbid.net,Santander Oportunidades,2026-08-25,2026-08-25,10:22,,"Pinheiral - RJ, Rio de Janeiro",https://www.superbid.net/evento/785342,https://www.superbid.net/oferta/casa-220m2-pinheiral-rj-jardim-bela-vista-condominio-a-3-dorms-3-banheiros-1-vaga-financiamento-ate-420-meses-4967578,https://ms.sbwebservices.net/photos/c3d49d48-9bbc-4509-bb2a-cd468a9934d4.jpg,,,https://www.superbid.net/evento/785342,2026-08-25T04:08:53-03:00,api_superbid_ok,,,,,,,
Casa 79m² com Terreno 250m² | Jardinópolis-SP | Jd. Maria Regina | Oportunidade 3 Vagas - Próx. à Av. Prefeito Newton Reis e à Praça da Matriz - Financiamento até 420 Meses!,"Casa 79m² com Terreno 250m² | Jardinópolis-SP | Jd. Maria Regina | Oportunidade 3 Vagas - Próx. à Av. Prefeito Newton Reis e à Praça da Matriz - Financiamento até 420 Meses! Endereço Completo Rua Alfredo Gomes Freire, 67, Jardim Maria Regina, Jardinópolis, SP, CEP: 14680000 Características do Imóvel: Descrição: Casa, Padrão, Ocupado, 3 vaga(s) de garagem. Área(s): 250 m2 de área terreno, 79,36 m2 de área construída. Matrícula(s): 16.700. Cartório: CRI DE JARDINÓPOLIS. Inscrição da Prefeitura: 25363. Tipo do Imóvel: Casa Status da Ocupação: Ocupado Aceita Visitação: Visitação indisponível Dossi","R$ 172.710,00",148,superbid.net,Santander Oportunidades,2026-08-25,2026-08-25,10:22,,"Jardinópolis - SP, São Paulo",https://www.superbid.net/evento/785342,https://www.superbid.net/oferta/casa-79m2-com-terreno-250m2-jardinopolis-sp-jd-maria-regina-oportunidade-3-vagas-prox-a-av-prefeito-newton-reis-e-a-praca-da-matriz-financiamento-ate-420-meses-4969613,https://ms.sbwebservices.net/photos/b4466669-b3c1-41c5-a960-b889aeb4ad72.jpg,,,https://www.superbid.net/evento/785342,2026-08-25T04:08:53-03:00,api_superbid_ok,,,,,,,
Casa 41m² com Terreno 150m² | Ipaussu-SP | Residencial Andorinhas - Próximo a Ourinhos-SP - Financiamento até 420 Meses!,"Casa 41m² com Terreno 150m² | Ipaussu-SP | Residencial Andorinhas - Próximo a Ourinhos-SP - Financiamento até 420 Meses! Endereço Completo R Virgilio Maistro, 400, Residencial Andorinhas, Andorinhas, Ipaussu, SP, CEP: 18950602 Características do Imóvel: Descrição: Casa, Padrão, Ocupado, 1 vaga(s) de garagem. Área(s): 150,3 m2 de área terreno, 41,62 m2 de área construída, 41,62 m2 de área privativa. Matrícula(s): 2.215. Cartório: CRI DE IPAUSSU. Inscrição da Prefeitura: 0101160001001201 / CAD 4937. Tipo do Imóvel: Casa Status da Ocupação: Ocupado Aceita Visitação: Visitação indisponível Dossiê:","R$ 77.874,45",149,superbid.net,Santander Oportunidades,2026-08-25,2026-08-25,10:23,,"Ipaussu - SP, São Paulo",https://www.superbid.net/evento/785342,https://www.superbid.net/oferta/casa-41m2-com-terreno-150m2-ipaussu-sp-residencial-andorinhas-proximo-a-ourinhos-sp-financiamento-ate-420-meses-4969605,https://ms.sbwebservices.net/photos/b72272a2-60b3-4d84-a5ea-db58dee8eb55.jpg,,,https://www.superbid.net/evento/785342,2026-08-25T04:08:53-03:00,api_superbid_ok,,,,,,,
Casa 122m² com Terreno 244m² | Vista Alegre do Alto-SP | Res. Center Perk - Excelente Área Construída - Financiamento até 420 Meses!,"Casa 122m² com Terreno 244m² | Vista Alegre do Alto-SP | Res. Center Perk - Excelente Área Construída - Financiamento até 420 Meses! Endereço Completo Rua Tocantins, 83, Residencial Center Perk, Vista Alegre Do Alto, SP, CEP: 15920000 Características do Imóvel: Descrição: Casa, Padrão, Ocupado. Área(s): 244,86 m2 de área terreno, 122,8 m2 de área construída. Matrícula(s): 35.871. Cartório: 1° CRI DE MONTE ALTO. Inscrição da Prefeitura: 000001491. Tipo do Imóvel: Casa Status da Ocupação: Ocupado Aceita Visitação: Visitação indisponível Dossiê: 02.25828 Área Terreno: 244.86 m2 Matrícula: 35.871 ","R$ 169.200,00",150,superbid.net,Santander Oportunidades,2026-08-25,2026-08-25,10:23,,"Vista Alegre do Alto - SP, São Paulo",https://www.superbid.net/evento/785342,https://www.superbid.net/oferta/casa-122m2-com-terreno-244m2-vista-alegre-do-alto-sp-res-center-perk-excelente-area-construida-financiamento-ate-420-meses-4967565,https://ms.sbwebservices.net/photos/a998f97b-c632-44df-a295-a9c077bad2b9.jpg,,,https://www.superbid.net/evento/785342,2026-08-25T04:08:53-03:00,api_superbid_ok,,,,,,,
Casa 191m² com Terreno 300m² | Ourinhos-SP | Vila Soares | Oportunidade - Próx. à Av. Jacinto Sá e ao Campus da UNESP Ourinhos - Financiamento em até 420 Meses!,"Casa 191m² com Terreno 300m² | Ourinhos-SP | Vila Soares | Oportunidade - Próx. à Av. Jacinto Sá e ao Campus da UNESP Ourinhos - Financiamento em até 420 Meses! Endereço Completo Rua Doutor Caio Mizubuti, 551, Vila Soares, Ourinhos, SP, CEP: 19906520 Características do Imóvel: Descrição: Casa, Padrão, Ocupado, 1 vaga(s) de garagem. Área(s): 300 m2 de área terreno, 191,43 m2 de área construída. Matrícula(s): 2.210. Cartório: CRI DE OURINHOS. Inscrição da Prefeitura: 7-02-14-04-0004-0342-000. Tipo do Imóvel: Casa Status da Ocupação: Ocupado Aceita Visitação: Visitação indisponível Dossiê: 02.245","R$ 475.331,90",151,superbid.net,Santander Oportunidades,2026-08-25,2026-08-25,10:24,,"Ourinhos - SP, São Paulo",https://www.superbid.net/evento/785342,https://www.superbid.net/oferta/casa-191m2-com-terreno-300m2-ourinhos-sp-vila-soares-oportunidade-prox-a-av-jacinto-sa-e-ao-campus-da-unesp-ourinhos-financiamento-em-ate-420-meses-4967560,https://ms.sbwebservices.net/photos/7beae00e-3527-4d40-bb61-1c9c2867bc86.jpg,,,https://www.superbid.net/evento/785342,2026-08-25T04:08:53-03:00,api_superbid_ok,,,,,,,
Casa 133m² | Nilópolis-RJ | Cabral | Oportunidade - Próx. ao Parque Gericinó e Estação Nilópolis da SuperVia - Financiamento até 420 Meses!,"Casa 133m² | Nilópolis-RJ | Cabral | Oportunidade - Próx. ao Parque Gericinó e Estação Nilópolis da SuperVia - Financiamento até 420 Meses! Endereço Completo Rua Cel. França Leite, 2005, Casa 10, Cabral, Nilópolis, RJ, CEP: 26520652 Características do Imóvel: Descrição: Casa, Em condomínio, Ocupado. Área(s): 133,21 m2 de área construída. Matrícula(s): 14.738. Cartório: 1o CRI NILOPOLIS. Inscrição da Prefeitura: 00208343. Tipo do Imóvel: Casa Status da Ocupação: Ocupado Aceita Visitação: Visitação indisponível Dossiê: 02.22269 Composição Interna/Vagas: Dormitórios: 2, Banheiros: 1, Salas: 2, Co","R$ 199.920,00",153,superbid.net,Santander Oportunidades,2026-08-25,2026-08-25,10:24,,"Nilópolis - RJ, Rio de Janeiro",https://www.superbid.net/evento/785342,https://www.superbid.net/oferta/casa-133m2-nilopolis-rj-cabral-oportunidade-prox-ao-parque-gericino-e-estacao-nilopolis-da-supervia-financiamento-ate-420-meses-4967514,https://ms.sbwebservices.net/photos/7a2bb1be-a7e4-42a6-b468-9760c517f9ec.jpg,,,https://www.superbid.net/evento/785342,2026-08-25T04:08:53-03:00,api_superbid_ok,,,,,,,
Casa 52m² | Belford Roxo-RJ | São Vicente | Oportunidade - Próx. à Av. Joaquim da Costa Lima e ao Centro de Belford Roxo - Financiamento até 420 Meses!,"Casa 52m² | Belford Roxo-RJ | São Vicente | Oportunidade - Próx. à Av. Joaquim da Costa Lima e ao Centro de Belford Roxo - Financiamento até 420 Meses! Endereço Completo Rua Capitão Alencar Batista De Carvalho, 127, Casa 07, São Vicente, Belford Roxo, RJ, CEP: 26178583 Características do Imóvel: Descrição: Casa, Em condomínio, Ocupado. Área(s): 52,8 m2 de área construída, 52,8 m2 de área privativa, 44,5 m2 de área comum. Matrícula(s): 18.933. Cartório: 3o CRI BELFORD ROXO. Inscrição da Prefeitura: 998076. Tipo do Imóvel: Casa Status da Ocupação: Ocupado Aceita Visitação: Visitação indisponível","R$ 138.400,00",154,superbid.net,Santander Oportunidades,2026-08-25,2026-08-25,10:25,,"Belford Roxo - RJ, Rio de Janeiro",https://www.superbid.net/evento/785342,https://www.superbid.net/oferta/casa-52m2-belford-roxo-rj-sao-vicente-oportunidade-prox-a-av-joaquim-da-costa-lima-e-ao-centro-de-belford-roxo-financiamento-ate-420-meses-4969676,https://ms.sbwebservices.net/photos/1211e64c-912f-42af-b4b5-c93f767f8154.jpg,,,https://www.superbid.net/evento/785342,2026-08-25T04:08:53-03:00,api_superbid_ok,,,,,,,
Casa 84m² | São João de Meriti-RJ | Parque Novo Rio | 1 Dorm - Próx. ao Shopping Grande Rio - Financiamento até 420 Meses!,"Casa 84m² | São João de Meriti-RJ | Parque Novo Rio | 1 Dorm - Próx. ao Shopping Grande Rio - Financiamento até 420 Meses! Endereço Completo R Bertioga, 36, Casa 3, Parque Novo Rio, São João De Meriti, RJ, CEP: 25586070 Características do Imóvel: Descrição: Casa, Em condomínio, Ocupado, 1 vaga(s) de garagem. Área(s): 84,59 m2 de área construída, 84,59 m2 de área privativa. Matrícula(s): 17.151. Cartório: 1° CRI DE SÃO JOÃO DE MERITI. Inscrição da Prefeitura: 01.5.125.0422.012. Tipo do Imóvel: Casa Status da Ocupação: Ocupado Aceita Visitação: Visitação indisponível Dossiê: 02.21058 Área Privat","R$ 157.760,00",155,superbid.net,Santander Oportunidades,2026-08-25,2026-08-25,10:25,,"São João de Meriti - RJ, Rio de Janeiro",https://www.superbid.net/evento/785342,https://www.superbid.net/oferta/casa-84m2-sao-joao-de-meriti-rj-parque-novo-rio-1-dorm-prox-ao-shopping-grande-rio-financiamento-ate-420-meses-4967500,https://ms.sbwebservices.net/photos/73c4ecaf-9331-4054-9b2d-fd3398b54002.jpg,,,https://www.superbid.net/evento/785342,2026-08-25T04:08:53-03:00,api_superbid_ok,,,,,,,
Casa 152m² com Terreno 260m² | Duque de Caxias-RJ | Pq. Laguna e Dourados | Oportunidade - Próx. ao Shopping Center de Caxias - Financiamento até 420 Meses!,"Casa 152m² com Terreno 260m² | Duque de Caxias-RJ | Pq. Laguna e Dourados | Oportunidade - Próx. ao Shopping Center de Caxias - Financiamento até 420 Meses! Endereço Completo Rua Major Tomas Goncalves, 14, Lt 14 Qd 17, Parque Laguna E Dourados, Duque De Caxias, RJ, CEP: 25011230 Características do Imóvel: Descrição: Casa, Em condomínio, Ocupado, 1 vaga(s) de garagem. Área(s): 260 m2 de área total, 260 m2 de área terreno, 152 m2 de área construída. Matrícula(s): 15.195. Cartório: 6 CRI DE DUQUE DE CAXIAS. Inscrição da Prefeitura: 3071043. Tipo do Imóvel: Casa Status da Ocupação: Ocupado Aceita ","R$ 193.280,00",156,superbid.net,Santander Oportunidades,2026-08-25,2026-08-25,10:26,,"Duque de Caxias - RJ, Rio de Janeiro",https://www.superbid.net/evento/785342,https://www.superbid.net/oferta/casa-152m2-com-terreno-260m2-duque-de-caxias-rj-pq-laguna-e-dourados-oportunidade-prox-ao-shopping-center-de-caxias-financiamento-ate-420-meses-4967513,https://ms.sbwebservices.net/photos/e72c5646-3600-4593-b3ed-58f78a9c4130.jpg,,,https://www.superbid.net/evento/785342,2026-08-25T04:08:53-03:00,api_superbid_ok,,,,,,,
Casa em Condomínio 73m² | Rio de Janeiro-RJ | Vila Valqueire - Excelente Oportunidade - Financiamento até 420 Meses!,"Casa em Condomínio 73m² | Rio de Janeiro-RJ | Vila Valqueire - Excelente Oportunidade - Financiamento até 420 Meses! Endereço Completo Rua Jaunas, 81, Apto 201, Fundos, Vila Valqueire, Rio De Janeiro, RJ, CEP: 21321320 Características do Imóvel: Descrição: Casa, Em condomínio, Ocupado. Área(s): 73 m2 de área construída, 73 m2 de área privativa. Matrícula(s): 202.786. Cartório: 9° CRI DO RIO DE JANEIRO. Inscrição da Prefeitura: 1423254-0 ISENTO. Tipo do Imóvel: Casa Status da Ocupação: Ocupado Aceita Visitação: Visitação indisponível Dossiê: 02.25035 Área Privativa: 73.0 m2 Matrícula: 202.786 C","R$ 129.679,20",157,superbid.net,Santander Oportunidades,2026-08-25,2026-08-25,10:26,,"Rio de Janeiro - RJ, Rio de Janeiro",https://www.superbid.net/evento/785342,https://www.superbid.net/oferta/casa-em-condominio-73m2-rio-de-janeiro-rj-vila-valqueire-excelente-oportunidade-financiamento-ate-420-meses-4967564,https://ms.sbwebservices.net/photos/b447c267-0c88-49a8-9553-7d00dd615709.jpg,,,https://www.superbid.net/evento/785342,2026-08-25T04:08:53-03:00,api_superbid_ok,,,,,,,
"Apto 64m² c/ 1 vaga | Rio de Janeiro-RJ | Ed. Garnier II | Penha Circular - Próx. ao BRT, Trem e Carioca Shopping - Financiamento a partir de R$ 90mil","Apto 64m² c/ 1 vaga | Rio de Janeiro-RJ | Ed. Garnier II | Penha Circular - Próx. ao BRT, Trem e Carioca Shopping - Financiamento a partir de R$ 90mil Endereço Completo Rua Comandante Aristides Garnier, 410, Condominio Edificio Garnier Ii Apto 402, Penha Circular, Rio De Janeiro, RJ, CEP: 21221180 Características do Imóvel: Descrição: Apartamento, Padrão, Ocupado, 1 vaga(s) de garagem. Área(s): 64 m2 de área construída, 64 m2 de área privativa. Matrícula(s): 266.619. Cartório: 8o CRI DO RIO DE JANEIRO. Inscrição da Prefeitura: 1524777-8 ISENTO. Tipo do Imóvel: Apartamento Status da Ocupação: O","R$ 62.720,00",159,superbid.net,Santander Oportunidades,2026-08-25,2026-08-25,10:27,,"Rio de Janeiro - RJ, Rio de Janeiro",https://www.superbid.net/evento/785342,https://www.superbid.net/oferta/apto-64m2-c-1-vaga-rio-de-janeiro-rj-ed-garnier-ii-penha-circular-prox-ao-brt-trem-e-carioca-shopping-financiamento-a-partir-de-r-90mil-4969602,https://ms.sbwebservices.net/photos/9de94edd-1abf-4e24-9526-9e02aff99214.jpg,,,https://www.superbid.net/evento/785342,2026-08-25T04:08:53-03:00,api_superbid_ok,,,,,,,
"Casa 204m² com Terreno 164m² | Rio De Janeiro-RJ | Bento Ribeiro - Com 4 Dormitórios, 400mts Estação de Trem Marechal Hermes - Financiamento até 420 Meses!","Casa 204m² com Terreno 164m² | Rio De Janeiro-RJ | Bento Ribeiro - Com 4 Dormitórios, 400mts Estação de Trem Marechal Hermes - Financiamento até 420 Meses! Endereço Completo Rua Alcides Maia, 235, Bento Ribeiro, Rio De Janeiro, RJ, CEP: 29781481 Características do Imóvel: Descrição: Casa, Padrão, Ocupado, 1 vaga(s) de garagem. Área(s): 164 m2 de área terreno, 204 m2 de área construída. Matrícula(s): 276.316. Cartório: 8o CRI RIO DE JANEIRO. Inscrição da Prefeitura: 2978148-1. Tipo do Imóvel: Casa Status da Ocupação: Ocupado Aceita Visitação: Visitação indisponível Dossiê: 02.23832 Área Terreno","R$ 318.960,00",160,superbid.net,Santander Oportunidades,2026-08-25,2026-08-25,10:27,,"Rio de Janeiro - RJ, Rio de Janeiro",https://www.superbid.net/evento/785342,https://www.superbid.net/oferta/casa-204m2-com-terreno-164m2-rio-de-janeiro-rj-bento-ribeiro-com-4-dormitorios-400mts-estacao-de-trem-marechal-hermes-financiamento-ate-420-meses-4969619,https://ms.sbwebservices.net/photos/7abad3fd-e8a1-4b35-a8f5-d719d5916d31.jpg,,,https://www.superbid.net/evento/785342,2026-08-25T04:08:53-03:00,api_superbid_ok,,,,,,,
Apto 43m² | Rio de Janeiro-RJ | Condomínio Residencial Taroni | Senador Camará - Financiamento até 420 Meses!,"Apto 43m² | Rio de Janeiro-RJ | Condomínio Residencial Taroni | Senador Camará - Financiamento até 420 Meses! Endereço Completo Rua B, 215, Apartamento No 201, Do Bloco 15, Do 'Condomínio Residencial Taroni, Senador Camará, Rio De Janeiro, RJ, CEP: 21843169 Características do Imóvel: Descrição: Apartamento, Padrão, Ocupado. Área(s): 43,09 m2 de área construída, 43,09 m2 de área privativa. Matrícula(s): 25.525. Cartório: 12o CRI RIO DE JANEIRO. Inscrição da Prefeitura: 32252405. Tipo do Imóvel: Apartamento Status da Ocupação: Ocupado Aceita Visitação: Visitação indisponível Dossiê: 02.26356 Áre","R$ 79.248,00",161,superbid.net,Santander Oportunidades,2026-08-25,2026-08-25,10:28,,"Rio de Janeiro - RJ, Rio de Janeiro",https://www.superbid.net/evento/785342,https://www.superbid.net/oferta/apto-43m2-rio-de-janeiro-rj-condominio-residencial-taroni-senador-camara-financiamento-ate-420-meses-4969647,https://ms.sbwebservices.net/photos/789cbbfb-f83b-479f-894f-edb8fe06f4fa.jpg,,,https://www.superbid.net/evento/785342,2026-08-25T04:08:53-03:00,api_superbid_ok,,,,,,,
Apto 63m² | Rio de Janeiro-RJ | Condomínio Pleno Méier Residencial | Engenho De Dentro - 1 Vaga - Financiamento até 420 Meses!,"Apto 63m² | Rio de Janeiro-RJ | Condomínio Pleno Méier Residencial | Engenho De Dentro - 1 Vaga - Financiamento até 420 Meses! Endereço Completo Rua Eulina Ribeiro, 310, Apartamento No 602, Do Bloco 02, Condominio Pleno Meier Residencial, Engenho De Dentro, Rio De Janeiro, RJ, CEP: 20745110 Características do Imóvel: Descrição: Apartamento, Padrão, Ocupado, 1 vaga(s) de garagem. Área(s): 63 m2 de área construída. Matrícula(s): 113.347. Cartório: 06o CRI RIO DE JANEIRO. Inscrição da Prefeitura: 3.268.417-7. Tipo do Imóvel: Apartamento Status da Ocupação: Ocupado Aceita Visitação: Visitação indi","R$ 313.956,00",162,superbid.net,Santander Oportunidades,2026-08-25,2026-08-25,10:28,,"Rio de Janeiro - RJ, Rio de Janeiro",https://www.superbid.net/evento/785342,https://www.superbid.net/oferta/apto-63m2-rio-de-janeiro-rj-condominio-pleno-meier-residencial-engenho-de-dentro-1-vaga-financiamento-ate-420-meses-4969687,https://ms.sbwebservices.net/photos/78444a2e-3f10-48a7-b8b9-23b36e2d40f0.jpg,,,https://www.superbid.net/evento/785342,2026-08-25T04:08:53-03:00,api_superbid_ok,,,,,,,
Casa 85m² com Terreno 160m² | Marília-SP | Pedro Matheus (Jardim Veneza) - 2 Dormitórios - Financiamento até 420 Meses!,"Casa 85m² com Terreno 160m² | Marília-SP | Pedro Matheus (Jardim Veneza) - 2 Dormitórios - Financiamento até 420 Meses! Endereço Completo Rua Amelia Frigerio, 69, Loteamento Jardim Veneza, Pedro Matheus, Marília, SP, CEP: 17527642 Características do Imóvel: Descrição: Casa, Padrão, Ocupado, 1 vaga(s) de garagem. Área(s): 160 m2 de área terreno, 85,37 m2 de área construída. Matrícula(s): 58.905. Cartório: 1o CRI DE MARILIA. Inscrição da Prefeitura: 30280400. Tipo do Imóvel: Casa Status da Ocupação: Ocupado Aceita Visitação: Visitação indisponível Dossiê: 02.25485 Área Terreno: 160.0 m2 Composiç","R$ 162.788,60",163,superbid.net,Santander Oportunidades,2026-08-25,2026-08-25,10:29,,"Marília - SP, São Paulo",https://www.superbid.net/evento/785342,https://www.superbid.net/oferta/casa-85m2-com-terreno-160m2-marilia-sp-pedro-matheus-jardim-veneza-2-dormitorios-financiamento-ate-420-meses-4969682,https://ms.sbwebservices.net/photos/df46e076-92ec-46e3-9d59-034918674ba3.jpg,,,https://www.superbid.net/evento/785342,2026-08-25T04:08:53-03:00,api_superbid_ok,,,,,,,
Casa 658m² | Marília-SP | Condomínio Residencial Green Valley - Imóvel de Alto Padrão em Loteamento Exclusivo e Segurança 24 horas - Financiamento até 420 Meses!,"Casa 658m² | Marília-SP | Condomínio Residencial Green Valley - Imóvel de Alto Padrão em Loteamento Exclusivo e Segurança 24 horas - Financiamento até 420 Meses! Endereço Completo Avenida Reynolpho Lisboa Junior, 325, Casa Térrea 07 Quadra 08 Condominio Residencial Green Valley, Loteamento Sítios De Recreio Santa Rosa, Marília, SP, CEP: 17533283 Características do Imóvel: Descrição: Casa, Em condomínio, Ocupado. Área(s): 658,31 m2 de área construída, 658,31 m2 de área privativa, 1269324 m2 de área comum. Matrícula(s): 49.645. Cartório: 2o CRI MARILIA. Inscrição da Prefeitura: 8643700. Tipo do ","R$ 1.896.350,00",164,superbid.net,Santander Oportunidades,2026-08-25,2026-08-25,10:29,,"Marília - SP, São Paulo",https://www.superbid.net/evento/785342,https://www.superbid.net/oferta/casa-658m2-marilia-sp-condominio-residencial-green-valley-imovel-de-alto-padrao-em-loteamento-exclusivo-e-seguranca-24-horas-financiamento-ate-420-meses-4967536,https://ms.sbwebservices.net/photos/b0c17631-57dd-4087-995d-077811c285ce.jpg,,,https://www.superbid.net/evento/785342,2026-08-25T04:08:53-03:00,api_superbid_ok,,,,,,,
Casa 127m² com Terreno 132m² | São Gonçalo-RJ | Venda da Cruz | 2 Dorms - Financiamento até 420 Meses!,"Casa 127m² com Terreno 132m² | São Gonçalo-RJ | Venda da Cruz | 2 Dorms - Financiamento até 420 Meses! Endereço Completo Trav. Cristiana, 77, Venda Da Cruz, São Gonçalo, RJ, CEP: 24410240 Características do Imóvel: Descrição: Casa, Padrão, Ocupado, 1 vaga(s) de garagem. Área(s): 132,3 m2 de área terreno, 127,35 m2 de área construída. Matrícula(s): 31.127. Cartório: 2 CRI DE SÃO GONÇALO. Inscrição da Prefeitura: 109293000. Tipo do Imóvel: Casa Status da Ocupação: Ocupado Aceita Visitação: Visitação indisponível Dossiê: 02.20714 Área Terreno: 132.3 m2 Composição Interna/Vagas: Dormitórios: 2, Ba","R$ 291.840,00",165,superbid.net,Santander Oportunidades,2026-08-25,2026-08-25,10:30,,"São Gonçalo - RJ, Rio de Janeiro",https://www.superbid.net/evento/785342,https://www.superbid.net/oferta/casa-127m2-com-terreno-132m2-sao-goncalo-rj-venda-da-cruz-2-dorms-financiamento-ate-420-meses-4969595,https://ms.sbwebservices.net/photos/b9f004c6-9f43-4454-84c6-dc3e3604fc81.jpg,,,https://www.superbid.net/evento/785342,2026-08-25T04:08:54-03:00,api_superbid_ok,,,,,,,
Casa em Condomínio 52m² | São Gonçalo-RJ | Condomínio Residencial Vista Alegre III - Financiamento até 420 Meses!,"Casa em Condomínio 52m² | São Gonçalo-RJ | Condomínio Residencial Vista Alegre III - Financiamento até 420 Meses! Endereço Completo Rua Itaguaí, 84, Condomínio Residencial Vista Alegre Iii - Casa 27, Guaxindiba, São Gonçalo, RJ, CEP: 24723375 Características do Imóvel: Descrição: Casa, Em condomínio, Ocupado. Área(s): 52 m2 de área construída, 52 m2 de área privativa. Matrícula(s): 44.209. Cartório: 03o CRI SÃO GONÇALO. Inscrição da Prefeitura: 157.700-000. Tipo do Imóvel: Casa Status da Ocupação: Ocupado Aceita Visitação: Visitação indisponível Dossiê: 02.25496 Área Privativa: 52.0 m2 Composi","R$ 157.600,00",166,superbid.net,Santander Oportunidades,2026-08-25,2026-08-25,10:30,,"São Gonçalo - RJ, Rio de Janeiro",https://www.superbid.net/evento/785342,https://www.superbid.net/oferta/casa-em-condominio-52m2-sao-goncalo-rj-condominio-residencial-vista-alegre-iii-financiamento-ate-420-meses-4969684,https://ms.sbwebservices.net/photos/2fbd2d02-7b80-4929-9c01-bf56430b605d.jpg,,,https://www.superbid.net/evento/785342,2026-08-25T04:08:54-03:00,api_superbid_ok,,,,,,,
"Casa 84,27m² | Maricá-RJ | Cond. Recanto da Felicidade I | Jardim Atlântico Oeste | Oportunidade Única - Próx. à Av. Gilberto Carvalho e Praia de Itaipuaçu - Financiamento até 420 Meses!","Casa 84,27m² | Maricá-RJ | Cond. Recanto da Felicidade I | Jardim Atlântico Oeste | Oportunidade Única - Próx. à Av. Gilberto Carvalho e Praia de Itaipuaçu - Financiamento até 420 Meses! Endereço Completo Rua Ulisses Guimarães, 483, Casa 02, Condominio Residencial Recanto Da Felicidade I, Jardim Atlântico Oeste (Itaipuacu), Maricá, RJ, CEP: 24935585 Características do Imóvel: Descrição: Casa, Em condomínio, Ocupado, 1 vaga(s) de garagem. Área(s): 84,27 m2 de área construída, 84,27 m2 de área privativa. Matrícula(s): 75.841. Cartório: 2° CRI DE MARICÁ. Inscrição da Prefeitura: 116551. Tipo do I","R$ 219.300,00",167,superbid.net,Santander Oportunidades,2026-08-25,2026-08-25,10:31,,"Maricá - RJ, Rio de Janeiro",https://www.superbid.net/evento/785342,https://www.superbid.net/oferta/casa-84-27m2-marica-rj-cond-recanto-da-felicidade-i-jardim-atlantico-oeste-oportunidade-unica-prox-a-av-gilberto-carvalho-e-praia-de-itaipuacu-financiamento-ate-420-meses-4967583,https://ms.sbwebservices.net/photos/ec1286e5-a7e0-4528-acc0-1a00ab32ab3f.jpg,,,https://www.superbid.net/evento/785342,2026-08-25T04:08:54-03:00,api_superbid_ok,,,,,,,
"Casa 146,73m² | Maricá-RJ | Cond. Flor de Girassol I | Barroco | Excelente Localização - Próx. à Praça do Barroco e Praia de Itaipuaçu - Financiamento até 420 Meses!","Casa 146,73m² | Maricá-RJ | Cond. Flor de Girassol I | Barroco | Excelente Localização - Próx. à Praça do Barroco e Praia de Itaipuaçu - Financiamento até 420 Meses! Endereço Completo Rua Dos Girassois, 165, Casa 1 - Condominio Flor De Girassol I, Barroco, Maricá, RJ, CEP: 24936340 Características do Imóvel: Descrição: Casa, Em condomínio, Ocupado, 1 vaga(s) de garagem. Área(s): 146,73 m2 de área construída, 146,73 m2 de área privativa. Matrícula(s): 80.472. Cartório: 2o CRI DE MARICA. Inscrição da Prefeitura: 120516. Tipo do Imóvel: Casa Status da Ocupação: Ocupado Aceita Visitação: Visitação","R$ 330.650,00",168,superbid.net,Santander Oportunidades,2026-08-25,2026-08-25,10:31,,"Maricá - RJ, Rio de Janeiro",https://www.superbid.net/evento/785342,https://www.superbid.net/oferta/casa-146-73m2-marica-rj-cond-flor-de-girassol-i-barroco-excelente-localizacao-prox-a-praca-do-barroco-e-praia-de-itaipuacu-financiamento-ate-420-meses-4969639,https://ms.sbwebservices.net/photos/969f8a48-5ed0-4f7c-a54d-7a342f67c1ff.jpg,,,https://www.superbid.net/evento/785342,2026-08-25T04:08:54-03:00,api_superbid_ok,,,,,,,
Casa 190m² com Terreno 300m² | Lagoa da Prata-MG | Américo Silva - 3 Dormitórios - Financiamento até 420 Meses!,"Casa 190m² com Terreno 300m² | Lagoa da Prata-MG | Américo Silva - 3 Dormitórios - Financiamento até 420 Meses! Endereço Completo Rua Jose Pio, 100, Americo Silva, Lagoa Da Prata, MG, CEP: 35590226 Características do Imóvel: Descrição: Casa, Padrão, Ocupado, 1 vaga(s) de garagem. Área(s): 300 m2 de área terreno, 190,37 m2 de área construída, 190,37 m2 de área privativa. Matrícula(s): 43.063. Cartório: CRI DE LAGOA DA PRATA. Inscrição da Prefeitura: 01.10.012.0235.0001. Tipo do Imóvel: Casa Status da Ocupação: Ocupado Aceita Visitação: Visitação indisponível Dossiê: 02.20649 Área Privativa: 190","R$ 244.797,60",169,superbid.net,Santander Oportunidades,2026-08-25,2026-08-25,10:32,,"Lagoa da Prata - MG, Minas Gerais",https://www.superbid.net/evento/785342,https://www.superbid.net/oferta/casa-190m2-com-terreno-300m2-lagoa-da-prata-mg-americo-silva-3-dormitorios-financiamento-ate-420-meses-4967501,https://ms.sbwebservices.net/photos/1fc45862-0cad-4296-9a0e-5b4969fb3f8b.jpg,,,https://www.superbid.net/evento/785342,2026-08-25T04:08:54-03:00,api_superbid_ok,,,,,,,
Casa 157m² com Terreno 202m² | Penápolis-SP | Jardim Esplanada | Ótima Oportunidade - Próx. à Av. Bento da Cruz e ao Penápolis Shopping - Financiamento em até 420 Meses!,"Casa 157m² com Terreno 202m² | Penápolis-SP | Jardim Esplanada | Ótima Oportunidade - Próx. à Av. Bento da Cruz e ao Penápolis Shopping - Financiamento em até 420 Meses! Endereço Completo Rua Luiz Scudeller, 53, Jardim Esplanada, Penápolis, SP, CEP: 16306706 Características do Imóvel: Descrição: Casa, Padrão, Ocupado. Área(s): 202,6 m2 de área terreno, 157,01 m2 de área construída. Matrícula(s): 22.258. Cartório: 1 CRI PENÁPOLIS. Inscrição da Prefeitura: 940335-013-0121-001. Tipo do Imóvel: Casa Status da Ocupação: Ocupado Aceita Visitação: Visitação indisponível Dossiê: 02.24814 Área Terreno:","R$ 186.957,50",170,superbid.net,Santander Oportunidades,2026-08-25,2026-08-25,10:32,,"Penápolis - SP, São Paulo",https://www.superbid.net/evento/785342,https://www.superbid.net/oferta/casa-157m2-com-terreno-202m2-penapolis-sp-jardim-esplanada-otima-oportunidade-prox-a-av-bento-da-cruz-e-ao-penapolis-shopping-financiamento-em-ate-420-meses-4967568,https://ms.sbwebservices.net/photos/6ba4fb5d-3cfd-4705-9b91-579aeb186983.jpg,,,https://www.superbid.net/evento/785342,2026-08-25T04:08:54-03:00,api_superbid_ok,,,,,,,
Casa 120m² com Terreno 170m² || DESOCUPADA || Birigui-SP | Residencial Thereza Maria Barbieri - Supermercados e Comércio Local - Financiamento até 420 Meses!,"Casa 120m² com Terreno 170m² || DESOCUPADA || Birigui-SP | Residencial Thereza Maria Barbieri - Supermercados e Comércio Local - Financiamento até 420 Meses! Endereço Completo Rua Jose Amin Haddad, 364, Residencial Thereza Maria Barbieri, Birigui, SP, CEP: 16203230 Características do Imóvel: Descrição: Casa, Padrão, Desocupado. Área(s): 170 m2 de área terreno, 120,92 m2 de área construída. Matrícula(s): 26.100. Cartório: CRI DE BIRIGUI. Inscrição da Prefeitura: 02-06-070-0026. Tipo do Imóvel: Casa Status da Ocupação: Desocupado Aceita Visitação: Sim - Mediante disponibilidade de agendamento pr","R$ 107.100,00",171,superbid.net,Santander Oportunidades,2026-08-25,2026-08-25,10:33,,"Birigui - SP, São Paulo",https://www.superbid.net/evento/785342,https://www.superbid.net/oferta/casa-120m2-com-terreno-170m2-desocupada-birigui-sp-residencial-thereza-maria-barbieri-supermercados-e-comercio-local-financiamento-ate-420-meses-4969650,https://ms.sbwebservices.net/photos/7fe850a8-2812-469e-a976-e694bb9d5924.jpg,,,https://www.superbid.net/evento/785342,2026-08-25T04:08:54-03:00,api_superbid_ok,,,,,,,
Casa 165m² com Terreno 360m² | Iguaba Grande-RJ | Nova Iguaba - com Piscina e 2 Dorms - 3Km da Praia dos Ubás - Financiamento até 420 Meses!,"Casa 165m² com Terreno 360m² | Iguaba Grande-RJ | Nova Iguaba - com Piscina e 2 Dorms - 3Km da Praia dos Ubás - Financiamento até 420 Meses! Endereço Completo Rua 21 De Abril, 105, Loteamento Condado D Iguaba, Nova Iguaba, Iguaba Grande, RJ, CEP: 28960000 Características do Imóvel: Descrição: Casa, Padrão, Ocupado. Área(s): 360 m2 de área terreno, 165,74 m2 de área construída. Matrícula(s): 8.390. Cartório: CRI DE IGUABA GRANDE. Inscrição da Prefeitura: 020101-001. Tipo do Imóvel: Casa Status da Ocupação: Ocupado Aceita Visitação: Visitação indisponível Dossiê: 02.24334 Área Terreno: 360.0 m2 ","R$ 502.713,00",172,superbid.net,Santander Oportunidades,2026-08-25,2026-08-25,10:33,,"Iguaba Grande - RJ, Rio de Janeiro",https://www.superbid.net/evento/785342,https://www.superbid.net/oferta/casa-165m2-com-terreno-360m2-iguaba-grande-rj-nova-iguaba-com-piscina-e-2-dorms-3km-da-praia-dos-ubas-financiamento-ate-420-meses-4967520,https://ms.sbwebservices.net/photos/262550e5-4075-4fbe-84ef-36537f1d5440.jpg,,,https://www.superbid.net/evento/785342,2026-08-25T04:08:54-03:00,api_superbid_ok,,,,,,,
Casa em Condomínio 263m² | Araçatuba-SP | Residencial Habiana II | Lote 390m² | Oportunidade de Alto Padrão - Próx. à Av. Dr. Alcides Fagundes Chagas e ao Aeroporto - Financiamento até 420 Meses!,"Casa em Condomínio 263m² | Araçatuba-SP | Residencial Habiana II | Lote 390m² | Oportunidade de Alto Padrão - Próx. à Av. Dr. Alcides Fagundes Chagas e ao Aeroporto - Financiamento até 420 Meses! Endereço Completo Rua Calcedônia, 70, Residencial Habiana Ii Lote 05 Quadra 08, Aeroporto, Araçatuba, SP, CEP: 16052901 Características do Imóvel: Descrição: Casa, Em condomínio, Ocupado, 1 vaga(s) de garagem. Área(s): 390 m2 de área terreno, 263,51 m2 de área construída. Matrícula(s): 62.921. Cartório: 1 CRI ARAÇATUBA. Inscrição da Prefeitura: 82023. Tipo do Imóvel: Casa Status da Ocupação: Ocupado A","R$ 863.600,00",173,superbid.net,Santander Oportunidades,2026-08-25,2026-08-25,10:34,,"Araçatuba - SP, São Paulo",https://www.superbid.net/evento/785342,https://www.superbid.net/oferta/casa-em-condominio-263m2-aracatuba-sp-residencial-habiana-ii-lote-390m2-oportunidade-de-alto-padrao-prox-a-av-dr-alcides-fagundes-chagas-e-ao-aeroporto-financiamento-ate-420-meses-4969621,https://ms.sbwebservices.net/photos/1f62551c-20a0-4906-8ab7-0b97aef92726.jpg,,,https://www.superbid.net/evento/785342,2026-08-25T04:08:54-03:00,api_superbid_ok,,,,,,,
"Casa 132m² | São Pedro Da Aldeia-RJ | São Matheus - Cond. Res. Solar Dos Cantarinos I - 3 Dorms, 2 Banheiros, Piscina, 1 Vaga - Financiamento até 420 Meses!","Casa 132m² | São Pedro Da Aldeia-RJ | São Matheus - Cond. Res. Solar Dos Cantarinos I - 3 Dorms, 2 Banheiros, Piscina, 1 Vaga - Financiamento até 420 Meses! Endereço Completo Rodovia Amaral Peixoto, S/N, Casa 15, Condominio Residencial Solar Dos Cantarinos I, São Matheus, São Pedro Da Aldeia, RJ, CEP: 28940991 Características do Imóvel: Descrição: Casa, Em condomínio, Ocupado, 1 vaga(s) de garagem. Área(s): 132,55 m2 de área construída, 132,55 m2 de área privativa. Matrícula(s): 22.449. Cartório: 1° CRI DE SÃO PEDRO DA ALDEIA. Inscrição da Prefeitura: 79979000. Tipo do Imóvel: Casa Status da O","R$ 358.700,00",174,superbid.net,Santander Oportunidades,2026-08-25,2026-08-25,10:34,,"São Pedro da Aldeia - RJ, Rio de Janeiro",https://www.superbid.net/evento/785342,https://www.superbid.net/oferta/casa-132m2-sao-pedro-da-aldeia-rj-sao-matheus-cond-res-solar-dos-cantarinos-i-3-dorms-2-banheiros-piscina-1-vaga-financiamento-ate-420-meses-4969679,https://ms.sbwebservices.net/photos/c18f0ca0-0b63-45d5-8067-92796d306a12.jpg,,,https://www.superbid.net/evento/785342,2026-08-25T04:08:54-03:00,api_superbid_ok,,,,,,,
Casa 488m² | Monte Carmelo-MG | Boa Vista - Alto Padrão com 3 Dormitórios - Financiamento até 420 Meses!,"Casa 488m² | Monte Carmelo-MG | Boa Vista - Alto Padrão com 3 Dormitórios - Financiamento até 420 Meses! Endereço Completo Avenida Paranaíba, 521, Boa Vista, Monte Carmelo, MG, CEP: 38500000 Características do Imóvel: Descrição: Casa, Padrão, Ocupado, 3 vaga(s) de garagem. Área(s): 168 m2 de área terreno, 488 m2 de área construída. Matrícula(s): 19.078. Cartório: CRI MONTE CARMELO. Inscrição da Prefeitura: INSC: 17667120000 CAD 9706. Tipo do Imóvel: Casa Status da Ocupação: Ocupado Aceita Visitação: Visitação indisponível Dossiê: 02.26289 Área Terreno: 168.0 m2 Composição Interna/Vagas: Dormit","R$ 911.700,00",175,superbid.net,Santander Oportunidades,2026-08-25,2026-08-25,10:35,,"Monte Carmelo - MG, Minas Gerais",https://www.superbid.net/evento/785342,https://www.superbid.net/oferta/casa-488m2-monte-carmelo-mg-boa-vista-alto-padrao-com-3-dormitorios-financiamento-ate-420-meses-4969653,https://ms.sbwebservices.net/photos/3710204d-d9b3-4028-aab1-2c92e57295d8.jpg,,,https://www.superbid.net/evento/785342,2026-08-25T04:08:54-03:00,api_superbid_ok,,,,,,,
Apto 65m² | Pereira Barreto-SP | Edifício Portinari | Oportunidade - Próx. à Rodovia Marechal Rondon (Acesso) e ao Rio Tietê / Praia Municipal - Financiamento até 420 Meses!,"Apto 65m² | Pereira Barreto-SP | Edifício Portinari | Oportunidade - Próx. à Rodovia Marechal Rondon (Acesso) e ao Rio Tietê / Praia Municipal - Financiamento até 420 Meses! Endereço Completo Avenida Doutor Benedito Jorge Coelho, 4.029, Apto. 23 - Condominio Residencial Edificio Portinari, Quadra Fiat, Pereira Barreto, SP, CEP: 15375530 Características do Imóvel: Descrição: Apartamento, Padrão, Ocupado. Área(s): 65,32 m2 de área construída, 65,32 m2 de área privativa, 68,29 m2 de área comum. Matrícula(s): 30.800. Cartório: 1o CRI DE PEREIRA BARRETO. Inscrição da Prefeitura: 2105201. Tipo do Im","R$ 142.800,00",176,superbid.net,Santander Oportunidades,2026-08-25,2026-08-25,10:35,,"Pereira Barreto - SP, São Paulo",https://www.superbid.net/evento/785342,https://www.superbid.net/oferta/apto-65m2-pereira-barreto-sp-edificio-portinari-oportunidade-prox-a-rodovia-marechal-rondon-acesso-e-ao-rio-tiete-praia-municipal-financiamento-ate-420-meses-4967579,https://ms.sbwebservices.net/photos/58020fdd-5c1b-4efa-b246-99e9834257c4.jpg,,,https://www.superbid.net/evento/785342,2026-08-25T04:08:54-03:00,api_superbid_ok,,,,,,,
Casa 134m² com Terreno 134m² | Andradina-SP | Centro - Financiamento até 420 Meses!,"Casa 134m² com Terreno 134m² | Andradina-SP | Centro - Financiamento até 420 Meses! Endereço Completo Rua Homero Rodrigues Silva, 49, Centro, Andradina, SP, CEP: 16901025 Características do Imóvel: Descrição: Casa, Padrão, Ocupado. Área(s): 134,6 m2 de área terreno, 134,6 m2 de área construída. Matrícula(s): 30.637. Cartório: 1o CRI DE ANDRADINA. Inscrição da Prefeitura: 001.4630.2060.000.00. Tipo do Imóvel: Casa Status da Ocupação: Ocupado Aceita Visitação: Visitação indisponível Dossiê: 02.27002 Área Terreno: 134.6 m2 Matrícula: 30.637 Cartório de Registro: 1o CRI DE ANDRADINA Inscrição na P","R$ 262.650,00",177,superbid.net,Santander Oportunidades,2026-08-25,2026-08-25,10:36,,"Andradina - SP, São Paulo",https://www.superbid.net/evento/785342,https://www.superbid.net/oferta/casa-134m2-com-terreno-134m2-andradina-sp-centro-financiamento-ate-420-meses-4969669,https://ms.sbwebservices.net/photos/3a1f336f-c26f-4fee-be41-443c9f3c879e.jpg,,,https://www.superbid.net/evento/785342,2026-08-25T04:08:54-03:00,api_superbid_ok,,,,,,,
"Apto 45,5m² | Campos dos Goytacazes-RJ | América Residence Service | Centro | Ótimo Investimento - Próx. ao Hospital Plantadores de Cana e Partage Campos Shopping - Financiamento até 420 Meses!","Apto 45,5m² | Campos dos Goytacazes-RJ | América Residence Service | Centro | Ótimo Investimento - Próx. ao Hospital Plantadores de Cana e Partage Campos Shopping - Financiamento até 420 Meses! Endereço Completo Rua Tenente Coronel Cardoso, 1031, Apto 211, América Residence Service, Centro, Campos Dos Goytacazes, RJ, CEP: 28035042 Características do Imóvel: Descrição: Apartamento, Padrão, Ocupado, 1 vaga(s) de garagem. Área(s): 45,5 m2 de área construída, 45,5 m2 de área privativa, 56,79 m2 de área comum. Matrícula(s): 33.130. Cartório: 7o CRI DE CAMPOS DOS GOYTACAZES. Inscrição da Prefeitura:","R$ 169.150,00",178,superbid.net,Santander Oportunidades,2026-08-25,2026-08-25,10:36,,"Campos dos Goytacazes - RJ, Rio de Janeiro",https://www.superbid.net/evento/785342,https://www.superbid.net/oferta/apto-45-5m2-campos-dos-goytacazes-rj-america-residence-service-centro-otimo-investimento-prox-ao-hospital-plantadores-de-cana-e-partage-campos-shopping-financiamento-ate-420-meses-4969674,https://ms.sbwebservices.net/photos/6b253e03-2c4b-4c95-9955-5b0ed40e7a78.jpg,,,https://www.superbid.net/evento/785342,2026-08-25T04:08:54-03:00,api_superbid_ok,,,,,,,
Casa 76m² com Terreno 210m² || DESOCUPADA || Ituiutaba-MG | Lagoa Azul II | Oportunidade - Próx. à BR-154 e ao Mart Minas - Financiamento até 420 Meses!,"Casa 76m² com Terreno 210m² || DESOCUPADA || Ituiutaba-MG | Lagoa Azul II | Oportunidade - Próx. à BR-154 e ao Mart Minas - Financiamento até 420 Meses! Endereço Completo Rua Alarico Novais, 187, Lagoa Azul Ii, Ituiutaba, MG, CEP: 38307506 Características do Imóvel: Descrição: Casa, Padrão, Desocupado. Área(s): 210 m2 de área terreno, 76,78 m2 de área construída. Matrícula(s): 27.882. Cartório: 2o CRI ITUIUTABA. Inscrição da Prefeitura: SO-22.10.001.002.001 id 38338. Tipo do Imóvel: Casa Status da Ocupação: Desocupado Aceita Visitação: Sim - Mediante disponibilidade de agendamento prévio atrav","R$ 89.250,00",179,superbid.net,Santander Oportunidades,2026-08-25,2026-08-25,10:37,,"Ituiutaba - MG, Minas Gerais",https://www.superbid.net/evento/785342,https://www.superbid.net/oferta/casa-76m2-com-terreno-210m2-desocupada-ituiutaba-mg-lagoa-azul-ii-oportunidade-prox-a-br-154-e-ao-mart-minas-financiamento-ate-420-meses-4969640,https://ms.sbwebservices.net/photos/09874fa8-de31-4ad9-b41a-836ce008c981.jpg,,,https://www.superbid.net/evento/785342,2026-08-25T04:08:54-03:00,api_superbid_ok,,,,,,,
Apto 65m² c/ 1 vaga | Ribeirão Preto-SP | Edificio Sumare | Iguatemi - 3 dormitórios - Próx Novo Shopping e SESI - Financiamento até 420 Meses!,"Apto 65m² c/ 1 vaga | Ribeirão Preto-SP | Edificio Sumare | Iguatemi - 3 dormitórios - Próx Novo Shopping e SESI - Financiamento até 420 Meses! Endereço Completo Rua Arnaldo Vitaliano, 1550, Apto 02 Bloco B Edificio Sumare Integrante Do Conjunto Residencial Ribeiranea, Iguatemi, Ribeirao Preto, SP, CEP: 14091530 Características do Imóvel: Descrição: Apartamento, Padrão, Ocupado, 1 vaga(s) de garagem. Área(s): 65,14 m2 de área construída, 65,14 m2 de área privativa, 28,32 m2 de área comum. Matrícula(s): 67.990. Cartório: 2oCRI DE RIBEIRÃO PRETO. Inscrição da Prefeitura: 190.668. Tipo do Imóvel:","R$ 161.920,00",180,superbid.net,Santander Oportunidades,2026-08-25,2026-08-25,10:37,,"Ribeirão Preto - SP, São Paulo",https://www.superbid.net/evento/785342,https://www.superbid.net/oferta/apto-65m2-c-1-vaga-ribeirao-preto-sp-edificio-sumare-iguatemi-3-dormitorios-prox-novo-shopping-e-sesi-financiamento-ate-420-meses-4969666,https://ms.sbwebservices.net/photos/395e0a92-16f9-41ed-8fdd-d18cec136777.jpg,,,https://www.superbid.net/evento/785342,2026-08-25T04:08:54-03:00,api_superbid_ok,,,,,,,
"Casa 149m² com Terreno 200m² || DESOCUPADA || Itirapina-SP | Próximo a São Carlos-SP, Rio Claro-SP e Pirassununga-SP - Financiamento até 420 Meses!","Casa 149m² com Terreno 200m² || DESOCUPADA || Itirapina-SP | Próximo a São Carlos-SP, Rio Claro-SP e Pirassununga-SP - Financiamento até 420 Meses! Endereço Completo Rua Sebastião Grossi, 112, Jardim Gobbi, Itirapina, SP, CEP: 13530000 Características do Imóvel: Descrição: Casa, Padrão, Desocupado, 1 vaga(s) de garagem. Área(s): 200 m2 de área terreno, 149,2 m2 de área construída. Matrícula(s): 43.871. Cartório: 2° CRI DE RIO CLARO. Inscrição da Prefeitura: 01190020388001. Tipo do Imóvel: Casa Status da Ocupação: Desocupado Aceita Visitação: Sim - Mediante disponibilidade de agendamento prévio","R$ 203.760,00",181,superbid.net,Santander Oportunidades,2026-08-25,2026-08-25,10:38,,"Itirapina - SP, São Paulo",https://www.superbid.net/evento/785342,https://www.superbid.net/oferta/casa-149m2-com-terreno-200m2-desocupada-itirapina-sp-proximo-a-sao-carlos-sp-rio-claro-sp-e-pirassununga-sp-financiamento-ate-420-meses-4969594,https://ms.sbwebservices.net/photos/c1dd763c-917e-4100-a9dc-3d1e1b23eb4a.jpg,,,https://www.superbid.net/evento/785342,2026-08-25T04:08:54-03:00,api_superbid_ok,,,,,,,
Casa 82m² com Terreno 66m² | Nova Iguaçu-RJ | Jardim da Viga | 3 Dorms - Próximo ao Sesc Nova Iguaçu e a Universidade Federal Rural do Rio de Janeiro - Campus Nova Iguaçu - Financiamento até 420 Meses!,"Casa 82m² com Terreno 66m² | Nova Iguaçu-RJ | Jardim da Viga | 3 Dorms - Próximo ao Sesc Nova Iguaçu e a Universidade Federal Rural do Rio de Janeiro - Campus Nova Iguaçu - Financiamento até 420 Meses! Endereço Completo Rua Eugenio Kahn, 416, Casa 02, Jardim Da Viga, Nova Iguaçu, RJ, CEP: 26015430 Características do Imóvel: Descrição: Casa, Padrão, Ocupado, 1 vaga(s) de garagem. Área(s): 66,31 m2 de área terreno, 82,73 m2 de área construída. Matrícula(s): 52571. Cartório: 1o NOVA IGUAÇU. Inscrição da Prefeitura: 011.107.0420.002/ 919114. Tipo do Imóvel: Casa Status da Ocupação: Ocupado Aceita ","R$ 132.600,00",182,superbid.net,Santander Oportunidades,2026-08-25,2026-08-25,10:38,,"Nova Iguaçu - RJ, Rio de Janeiro",https://www.superbid.net/evento/785342,https://www.superbid.net/oferta/casa-82m2-com-terreno-66m2-nova-iguacu-rj-jardim-da-viga-3-dorms-proximo-ao-sesc-nova-iguacu-e-a-universidade-federal-rural-do-rio-de-janeiro-campus-nova-iguacu-financiamento-ate-420-meses-4967495,https://ms.sbwebservices.net/photos/63847ca6-1690-4dfd-9448-33524e54c1e8.jpg,,,https://www.superbid.net/evento/785342,2026-08-25T04:08:54-03:00,api_superbid_ok,,,,,,,
"Apto 64m² - 2 Qts, 1 Banheiro e Área de Serviço | Rio de Janeiro-RJ | Riachuelo - Financiamento até 420 Meses!","Apto 64m² - 2 Qts, 1 Banheiro e Área de Serviço | Rio de Janeiro-RJ | Riachuelo - Financiamento até 420 Meses! Endereço Completo Rua Dom Bosco, 86, Fundos - Apto. 102, Riachuelo, Rio De Janeiro, RJ, CEP: 20970110 Características do Imóvel: Descrição: Apartamento, Padrão, Ocupado. Área(s): 64 m2 de área construída. Matrícula(s): 54.392. Cartório: 1o CRI RIO DE JANEIRO. Inscrição da Prefeitura: 07592330 ISENTO. Tipo do Imóvel: Apartamento Status da Ocupação: Ocupado Aceita Visitação: Visitação indisponível Dossiê: 02.22790 Composição Interna/Vagas: Dormitórios: 2, Banheiros: 1, Salas: 1, Cozinha","R$ 116.480,00",183,superbid.net,Santander Oportunidades,2026-08-25,2026-08-25,10:39,,"Rio de Janeiro - RJ, Rio de Janeiro",https://www.superbid.net/evento/785342,https://www.superbid.net/oferta/apto-64m2-2-qts-1-banheiro-e-area-de-servico-rio-de-janeiro-rj-riachuelo-financiamento-ate-420-meses-4969591,https://ms.sbwebservices.net/photos/cc601f8a-cf0f-4f85-a348-1d11bc28156d.jpg,,,https://www.superbid.net/evento/785342,2026-08-25T04:08:54-03:00,api_superbid_ok,,,,,,,
"Apto 89m² c/ 2 vagas | Bauru-SP | Lumina Home | Vila Santo Antonio, Próx. ao Boulevard Shopping - Financiamento até 420 Meses!","Apto 89m² c/ 2 vagas | Bauru-SP | Lumina Home | Vila Santo Antonio, Próx. ao Boulevard Shopping - Financiamento até 420 Meses! Endereço Completo Rua Rodrigo Romeiro, 5-35, Apatamento No 22-B - Lumina Home, Vila Santo Antonio, Bauru, SP, CEP: 17013034 Características do Imóvel: Descrição: Apartamento, Padrão, Ocupado, 2 vaga(s) de garagem. Área(s): 89,03 m2 de área construída, 89,03 m2 de área privativa, 0,43 m2 de área comum. Matrícula(s): 122.375. Cartório: 1° CRI DE BAURU. Inscrição da Prefeitura: 30216659. Tipo do Imóvel: Apartamento Status da Ocupação: Ocupado Aceita Visitação: Visitação i","R$ 369.000,00",184,superbid.net,Santander Oportunidades,2026-08-25,2026-08-25,10:39,,"Bauru - SP, São Paulo",https://www.superbid.net/evento/785342,https://www.superbid.net/oferta/apto-89m2-c-2-vagas-bauru-sp-lumina-home-vila-santo-antonio-prox-ao-boulevard-shopping-financiamento-ate-420-meses-4969910,https://ms.sbwebservices.net/photos/1c4abdba-5837-4228-bfdb-7049153a1929.jpg,,,https://www.superbid.net/evento/785342,2026-08-25T04:08:54-03:00,api_superbid_ok,,,,,,,
Lote 256m² || DESOCUPADO || Pirapozinho-SP | Residencial Valencia I - Excelente Terreno - Somente à vista,"Lote 256m² || DESOCUPADO || Pirapozinho-SP | Residencial Valencia I - Excelente Terreno - Somente à vista Endereço Completo Rua Joao Lopes, 0, Residencial Valencia I - Lt 02, Qd I, Residencial Valencia I, Pirapozinho, SP, CEP: 19202510 Características do Imóvel: Descrição: Lote, Padrão, Desocupado. Área(s): 256,95 m2 de área terreno. Matrícula(s): 8.329. Cartório: 1° CRI DE PIRAPOZINHO. Inscrição da Prefeitura: 0000020143121. Tipo do Imóvel: Lote Status da Ocupação: Desocupado Aceita Visitação: Sim - Mediante disponibilidade de agendamento prévio através de imoveis@superbid.net Dossiê: 02.2405","R$ 96.425,00",185,superbid.net,Santander Oportunidades,2026-08-25,2026-08-25,10:40,,"Pirapozinho - SP, São Paulo",https://www.superbid.net/evento/785342,https://www.superbid.net/oferta/lote-256m2-desocupado-pirapozinho-sp-residencial-valencia-i-excelente-terreno-somente-a-vista-4969911,https://ms.sbwebservices.net/photos/9e63e538-bd3c-41d1-8a0e-cc8d993d3f6b.jpg,,,https://www.superbid.net/evento/785342,2026-08-25T04:08:54-03:00,api_superbid_ok,,,,,,,
"Casa em Condomínio 60,31m² | Floresta-PR | Jardim Primavera (Cond. Primavera Dias 17) - Financiamento até 420 Meses!","Casa em Condomínio 60,31m² | Floresta-PR | Jardim Primavera (Cond. Primavera Dias 17) - Financiamento até 420 Meses! Endereço Completo Rua Rosa, 70B, Casa B, Condominio Residencial Primavera Dias 17, Jardim Primavera, Floresta, PR, CEP: 87120000 Características do Imóvel: Descrição: Casa, Em condomínio, Ocupado. Área(s): 60,31 m2 de área construída, 60,31 m2 de área privativa. Matrícula(s): 84.715. Cartório: 2° CRI DE MARINGA. Inscrição da Prefeitura: 8493/ 01-540-004-006B-001 / CAD 8493. Tipo do Imóvel: Casa Status da Ocupação: Ocupado Aceita Visitação: Visitação indisponível Dossiê: 02.25772","R$ 89.396,10",301,superbid.net,Santander Oportunidades,2026-08-25,2026-08-25,10:40,,"Floresta - PR, Paraná",https://www.superbid.net/evento/785342,https://www.superbid.net/oferta/casa-em-condominio-60-31m2-floresta-pr-jardim-primavera-cond-primavera-dias-17-financiamento-ate-420-meses-4967566,https://ms.sbwebservices.net/photos/62e972d4-6b0a-42c1-a74e-9fdf49f03b06.jpg,,,https://www.superbid.net/evento/785342,2026-08-25T04:08:54-03:00,api_superbid_ok,,,,,,,
"Casa 58m² com Terreno 337m² | Foz do Iguaçu-PR | Campos do Iguaçu - 2 Dormitórios, Próx. a Rodoviária Internacional de Foz do Iguaçu, Fácil acesso a Ponte da Amizade - Financiamento até 420 Meses!","Casa 58m² com Terreno 337m² | Foz do Iguaçu-PR | Campos do Iguaçu - 2 Dormitórios, Próx. a Rodoviária Internacional de Foz do Iguaçu, Fácil acesso a Ponte da Amizade - Financiamento até 420 Meses! Endereço Completo Rua Buenos Aires, S/N, Residência 03 - Condomínio Residencial Careaga, Campos Do Iguaçu, Foz Do Iguacu, PR, CEP: 85858140 Características do Imóvel: Descrição: Casa, Em condomínio, Ocupado, 1 vaga(s) de garagem. Área(s): 337,77 m2 de área terreno, 58,82 m2 de área construída, 58,82 m2 de área privativa, 33,75 m2 de área comum. Matrícula(s): 60.899. Cartório: 2o CRI DE FOZ DO IGUAÇU.","R$ 204.000,00",302,superbid.net,Santander Oportunidades,2026-08-25,2026-08-25,10:41,,"Foz do Iguaçu - PR, Paraná",https://www.superbid.net/evento/785342,https://www.superbid.net/oferta/casa-58m2-com-terreno-337m2-foz-do-iguacu-pr-campos-do-iguacu-2-dormitorios-prox-a-rodoviaria-internacional-de-foz-do-iguacu-facil-acesso-a-ponte-da-amizade-financiamento-ate-420-meses-4969655,https://ms.sbwebservices.net/photos/116f005f-6afc-4dda-98e1-e10963adb695.jpg,,,https://www.superbid.net/evento/785342,2026-08-25T04:08:54-03:00,api_superbid_ok,,,,,,,
"Casa 85,12m² com Terreno 129m² || DESOCUPADA || Jardim Alegre-PR | Res. Borim - Jardim Paraíso | Pronto p/ Morar - Próx. à Av. Alvorada e Saída para Ivaiporã - Financiamento até 420 Meses!","Casa 85,12m² com Terreno 129m² || DESOCUPADA || Jardim Alegre-PR | Res. Borim - Jardim Paraíso | Pronto p/ Morar - Próx. à Av. Alvorada e Saída para Ivaiporã - Financiamento até 420 Meses! Endereço Completo Rua Amarilis, 537, Resid.Idencial Borim - Jardim Paraíso, Res. Borim - Jardim Paraíso, Jardim Alegre, PR, CEP: 86860000 Características do Imóvel: Descrição: Casa, Padrão, Desocupado. Área(s): 129 m2 de área terreno, 85,12 m2 de área construída. Matrícula(s): 48.057. Cartório: 1° CRI DE IVAIPORA. Inscrição da Prefeitura: 8647. Tipo do Imóvel: Casa Status da Ocupação: Desocupado Aceita Visit","R$ 167.670,00",303,superbid.net,Santander Oportunidades,2026-08-25,2026-08-25,10:41,,"Jardim Alegre - PR, Paraná",https://www.superbid.net/evento/785342,https://www.superbid.net/oferta/casa-85-12m2-com-terreno-129m2-desocupada-jardim-alegre-pr-res-borim-jardim-paraiso-pronto-p-morar-prox-a-av-alvorada-e-saida-para-ivaipora-financiamento-ate-420-meses-4969624,https://ms.sbwebservices.net/photos/0ef5bb55-8f01-4e0d-bb68-cdf960504094.jpg,,,https://www.superbid.net/evento/785342,2026-08-25T04:08:54-03:00,api_superbid_ok,,,,,,,
"Casa 214,73m² com Terreno 220m² | Medianeira-PR | Excelente Oportunidade - Próx. à Avenida Brasília e UTFPR Campus Medianeira - Financiamento até 420 Meses!","Casa 214,73m² com Terreno 220m² | Medianeira-PR | Excelente Oportunidade - Próx. à Avenida Brasília e UTFPR Campus Medianeira - Financiamento até 420 Meses! Endereço Completo Rua Alexandria, 430, Jardim Irene, Medianeira, PR, CEP: 85723174 Características do Imóvel: Descrição: Casa, Padrão, Ocupado. Área(s): 220 m2 de área terreno, 214,73 m2 de área construída. Matrícula(s): 32.357. Cartório: CRI MEDIANEIRA. Inscrição da Prefeitura: 1572364. Tipo do Imóvel: Casa Status da Ocupação: Ocupado Aceita Visitação: Visitação indisponível Dossiê: 02.26304 Área Terreno: 220.0 m2 Composição Interna/Vagas","R$ 262.800,00",304,superbid.net,Santander Oportunidades,2026-08-25,2026-08-25,10:42,,"Medianeira - PR, Paraná",https://www.superbid.net/evento/785342,https://www.superbid.net/oferta/casa-214-73m2-com-terreno-220m2-medianeira-pr-excelente-oportunidade-prox-a-avenida-brasilia-e-utfpr-campus-medianeira-financiamento-ate-420-meses-4967531,https://ms.sbwebservices.net/photos/d61d89ce-83e6-4f34-a541-9ace827a7aa7.jpg,,,https://www.superbid.net/evento/785342,2026-08-25T04:08:54-03:00,api_superbid_ok,,,,,,,
Terreno 831m² | Pérola-PR - Pagamento Somente à Vista!,"Terreno 831m² | Pérola-PR - Pagamento Somente à Vista! Endereço Completo Rua Rio De Janeiro, 264, Lote 10 Da Qudra 04, Perola, Pérola, PR, CEP: 87540000 Características do Imóvel: Descrição: Lote, Padrão, Ocupado. Área(s): 831,12 m2 de área total, 831,12 m2 de área terreno. Matrícula(s): 12.309. Cartório: CRI DE PEROLA. Inscrição da Prefeitura: 6855000. Tipo do Imóvel: Lote Status da Ocupação: Ocupado Aceita Visitação: Visitação indisponível Dossiê: 02.11529 Área Total: 831.12 m2 Área Terreno: 831.12 m2 Matrícula: 12.309 Cartório de Registro: CRI DE PEROLA Inscrição na Prefeitura: 6855000 IPTU","R$ 21.000,00",305,superbid.net,Santander Oportunidades,2026-08-25,2026-08-25,10:42,,"Pérola - PR, Paraná",https://www.superbid.net/evento/785342,https://www.superbid.net/oferta/terreno-831m2-perola-pr-pagamento-somente-a-vista-4969604,https://ms.sbwebservices.net/photos/e366ab2b-7532-411f-9aff-74e5e763088e.jpg,,,https://www.superbid.net/evento/785342,2026-08-25T04:08:54-03:00,api_superbid_ok,,,,,,,
Lote 260m² | DESOCUPADO | Ponta Grossa-PR | Colônia Dona Luíza - Cond. Valle Do Sol - Pagamento Somente à Vista!,"Lote 260m² | DESOCUPADO | Ponta Grossa-PR | Colônia Dona Luíza - Cond. Valle Do Sol - Pagamento Somente à Vista! Endereço Completo Rua Juvelino Alves Dos Santos, 301, Condomínio Valle Do Sol Quadra 10 Lote 03, Colônia Dona Luíza, Ponta Grossa, PR, CEP: 84046246 Características do Imóvel: Descrição: Lote, Em Condomínio, Desocupado. Área(s): 260 m2 de área terreno, 144,52 m2 de área comum. Matrícula(s): 79.822. Cartório: 1° CRI DE PONTA GROSSA. Inscrição da Prefeitura: 212680. Tipo do Imóvel: Lote Status da Ocupação: Desocupado Aceita Visitação: Sim - Mediante disponibilidade de agendamento prév","R$ 141.075,00",306,superbid.net,Santander Oportunidades,2026-08-25,2026-08-25,10:43,,"Ponta Grossa - PR, Paraná",https://www.superbid.net/evento/785342,https://www.superbid.net/oferta/lote-260m2-desocupado-ponta-grossa-pr-colonia-dona-luiza-cond-valle-do-sol-pagamento-somente-a-vista-4967532,https://ms.sbwebservices.net/photos/fae25911-f880-4962-8aee-968c5d7afa65.jpg,,,https://www.superbid.net/evento/785342,2026-08-25T04:08:54-03:00,api_superbid_ok,,,,,,,
"Casa 329m² com Terreno 384m² | São José dos Pinhais-PR | Afonso Pena - 6 Dorms, 6 Banheiros - 2.3Km do Parque São José - Financiamento até 420 Meses!","Casa 329m² com Terreno 384m² | São José dos Pinhais-PR | Afonso Pena - 6 Dorms, 6 Banheiros - 2.3Km do Parque São José - Financiamento até 420 Meses! Endereço Completo Rua Mandirituba, 522, Tipo C.2, Afonso Pena, São José Dos Pinhais, PR, CEP: 83045030 Características do Imóvel: Descrição: Casa, Padrão, Ocupado, 1 vaga(s) de garagem. Área(s): 384 m2 de área terreno, 329,72 m2 de área construída. Matrícula(s): 9.960. Cartório: 1° CRI DE SÃO JOSÉ DOS PINHAIS. Inscrição da Prefeitura: 05.075.0009.0000. Tipo do Imóvel: Casa Status da Ocupação: Ocupado Aceita Visitação: Visitação indisponível Dossi","R$ 600.000,00",307,superbid.net,Santander Oportunidades,2026-08-25,2026-08-25,10:43,,"São José dos Pinhais - PR, Paraná",https://www.superbid.net/evento/785342,https://www.superbid.net/oferta/casa-329m2-com-terreno-384m2-sao-jose-dos-pinhais-pr-afonso-pena-6-dorms-6-banheiros-2-3km-do-parque-sao-jose-financiamento-ate-420-meses-4969671,https://ms.sbwebservices.net/photos/f92e9db8-4da2-4944-b6fc-ff008457e15e.jpg,,,https://www.superbid.net/evento/785342,2026-08-25T04:08:54-03:00,api_superbid_ok,,,,,,,
"Casa 252,67m² com Terreno 387m² | Bagé-RS | Petrópolis - Financiamento até 420 Meses!","Casa 252,67m² com Terreno 387m² | Bagé-RS | Petrópolis - Financiamento até 420 Meses! Endereço Completo Rua Ney Ribeiro Flores, 752, Petrópolis, Bagé, RS, CEP: 96412490 Características do Imóvel: Descrição: Casa, Padrão, Ocupado, 1 vaga(s) de garagem. Área(s): 387 m2 de área terreno, 252,67 m2 de área construída. Matrícula(s): 19.404. Cartório: CRI DE BAGÉ. Inscrição da Prefeitura: 0001.1585.0053. Tipo do Imóvel: Casa Status da Ocupação: Ocupado Aceita Visitação: Visitação indisponível Dossiê: 02.23091 Área Terreno: 387.0 m2 Composição Interna/Vagas: Dormitórios: 3, Banheiros: 2, Vagas de Gara","R$ 233.240,00",308,superbid.net,Santander Oportunidades,2026-08-25,2026-08-25,10:44,,"Bagé - RS, Rio Grande do Sul",https://www.superbid.net/evento/785342,https://www.superbid.net/oferta/casa-252-67m2-com-terreno-387m2-bage-rs-petropolis-financiamento-ate-420-meses-4967522,https://ms.sbwebservices.net/photos/2f9d5433-57e5-46a6-83db-73ed0fd9aca4.jpg,,,https://www.superbid.net/evento/785342,2026-08-25T04:08:54-03:00,api_superbid_ok,,,,,,,
Casa 199m² com Terreno 441m² | Balneário Pinhal-RS | Próx. à Praia do Pinhal e Praia São José - Financiamento até 420 Meses!,"Casa 199m² com Terreno 441m² | Balneário Pinhal-RS | Próx. à Praia do Pinhal e Praia São José - Financiamento até 420 Meses! Endereço Completo Rua Dilcemar Do Nascimento Pinheiro, 1226, Praia Do Pinhal, Balneário Pinhal, RS, CEP: 95599000 Características do Imóvel: Descrição: Casa, Padrão, Ocupado, 1 vaga(s) de garagem. Área(s): 441,75 m2 de área terreno, 199,51 m2 de área construída. Matrícula(s): 16.469. Cartório: 1o CRI DE CIDREIRA. Inscrição da Prefeitura: 15868. Tipo do Imóvel: Casa Status da Ocupação: Ocupado Aceita Visitação: Visitação indisponível Dossiê: 02.25015 Área Terreno: 441.75 ","R$ 163.200,00",309,superbid.net,Santander Oportunidades,2026-08-25,2026-08-25,10:44,,"Balneário Pinhal - RS, Rio Grande do Sul",https://www.superbid.net/evento/785342,https://www.superbid.net/oferta/casa-199m2-com-terreno-441m2-balneario-pinhal-rs-prox-a-praia-do-pinhal-e-praia-sao-jose-financiamento-ate-420-meses-4969626,https://ms.sbwebservices.net/photos/cddfbe21-5c2b-43c6-b6cd-dcc176c4f8a9.jpg,,,https://www.superbid.net/evento/785342,2026-08-25T04:08:54-03:00,api_superbid_ok,,,,,,,
Casa 96m² | Canoas-RS | Residencial Gois | Mathias Velho - Próx. ao Canoas Shopping e Atacadão Canoas - Financiamento até 420 Meses!,"Casa 96m² | Canoas-RS | Residencial Gois | Mathias Velho - Próx. ao Canoas Shopping e Atacadão Canoas - Financiamento até 420 Meses! Endereço Completo Rua Carazinho, 885, Casa 08, Residencial Gois, Mathias Velho, Canoas, RS, CEP: 92330300 Características do Imóvel: Descrição: Casa, Em condomínio, Ocupado. Área(s): 96,71 m2 de área construída, 69,34 m2 de área privativa, 44,21 m2 de área comum. Matrícula(s): 153.011. Cartório: CRI DE CANOAS. Inscrição da Prefeitura: 164587. Tipo do Imóvel: Casa Status da Ocupação: Ocupado Aceita Visitação: Visitação indisponível Dossiê: 02.23696 Área Privativa:","R$ 120.960,00",310,superbid.net,Santander Oportunidades,2026-08-25,2026-08-25,10:45,,"Canoas - RS, Rio Grande do Sul",https://www.superbid.net/evento/785342,https://www.superbid.net/oferta/casa-96m2-canoas-rs-residencial-gois-mathias-velho-prox-ao-canoas-shopping-e-atacadao-canoas-financiamento-ate-420-meses-4969632,https://ms.sbwebservices.net/photos/4fdabdde-a670-4ae0-85e2-668e4e94b29a.jpg,,,https://www.superbid.net/evento/785342,2026-08-25T04:08:54-03:00,api_superbid_ok,,,,,,,
"Casa com Piscina 236m² | Terreno 325m² | Canoas-RS | Bairro Igara - Excelente Localização, Próxima à Ulbra e Av. Farroupilha - Financiamento até 420 Meses!","Casa com Piscina 236m² | Terreno 325m² | Canoas-RS | Bairro Igara - Excelente Localização, Próxima à Ulbra e Av. Farroupilha - Financiamento até 420 Meses! Endereço Completo Rua Dos Salgueiros, 29, Igara, Canoas, RS, CEP: 92410270 Características do Imóvel: Descrição: Casa, Padrão, Ocupado, 1 vaga(s) de garagem. Área(s): 325 m2 de área terreno, 236,25 m2 de área construída, 236,25 m2 de área privativa. Matrícula(s): 17.955. Cartório: CRI DE CANOAS. Inscrição da Prefeitura: 56463. Tipo do Imóvel: Casa Status da Ocupação: Ocupado Aceita Visitação: Visitação indisponível Dossiê: 02.23479 Área Pri","R$ 448.800,00",311,superbid.net,Santander Oportunidades,2026-08-25,2026-08-25,10:45,,"Canoas - RS, Rio Grande do Sul",https://www.superbid.net/evento/785342,https://www.superbid.net/oferta/casa-com-piscina-236m2-terreno-325m2-canoas-rs-bairro-igara-excelente-localizacao-proxima-a-ulbra-e-av-farroupilha-financiamento-ate-420-meses-4969611,https://ms.sbwebservices.net/photos/3bd27e2b-3a85-4545-a4c1-e9b48c861f33.jpg,,,https://www.superbid.net/evento/785342,2026-08-25T04:08:54-03:00,api_superbid_ok,,,,,,,
"Casa 153,3m² com Terreno 155,1m² | Canoas-RS | Estância Velha - Financiamento até 420 Meses!","Casa 153,3m² com Terreno 155,1m² | Canoas-RS | Estância Velha - Financiamento até 420 Meses! Endereço Completo Rua Do Tarumã, 27, Loteamento Nova Estância 01, Estância Velha, Canoas, RS, CEP: 92032655 Características do Imóvel: Descrição: Casa, Padrão, Ocupado, 1 vaga(s) de garagem. Área(s): 155,1 m2 de área terreno, 153,3 m2 de área construída. Matrícula(s): 50.880. Cartório: 1° CRI DE CANOAS. Inscrição da Prefeitura: 82505. Tipo do Imóvel: Casa Status da Ocupação: Ocupado Aceita Visitação: Visitação indisponível Dossiê: 02.24164 Área Terreno: 155.1 m2 Composição Interna/Vagas: Dormitórios: 3","R$ 340.277,10",312,superbid.net,Santander Oportunidades,2026-08-25,2026-08-25,10:46,,"Canoas - RS, Rio Grande do Sul",https://www.superbid.net/evento/785342,https://www.superbid.net/oferta/casa-153-3m2-com-terreno-155-1m2-canoas-rs-estancia-velha-financiamento-ate-420-meses-4969636,https://ms.sbwebservices.net/photos/da10663f-3845-4419-aaad-0df10d70f8b7.jpg,,,https://www.superbid.net/evento/785342,2026-08-25T04:08:54-03:00,api_superbid_ok,,,,,,,
Apto 42m² || DESOCUPADO || Canoas-RS | Residencial Ilha das Garças | Rio Branco - 2 Dormitórios - Financiamento a partir de R$ 90mil,"Apto 42m² || DESOCUPADO || Canoas-RS | Residencial Ilha das Garças | Rio Branco - 2 Dormitórios - Financiamento a partir de R$ 90mil Endereço Completo Rua Machadinho, 1707, Apto 216 - Bloco 04, Residencial Ilha Das Garças, Rio Branco, Canoas, RS, CEP: 92200440 Características do Imóvel: Descrição: Apartamento, Padrão, Desocupado. Área(s): 42,9 m2 de área construída, 42,9 m2 de área privativa, 6,36 m2 de área comum. Matrícula(s): 111.905. Cartório: 1 CRI DE CANOAS. Inscrição da Prefeitura: 135291. Tipo do Imóvel: Apartamento Status da Ocupação: Desocupado Aceita Visitação: Sim - Mediante dispon","R$ 71.910,00",313,superbid.net,Santander Oportunidades,2026-08-25,2026-08-25,10:46,,"Canoas - RS, Rio Grande do Sul",https://www.superbid.net/evento/785342,https://www.superbid.net/oferta/apto-42m2-desocupado-canoas-rs-residencial-ilha-das-garcas-rio-branco-2-dormitorios-financiamento-a-partir-de-r-90mil-4967580,https://ms.sbwebservices.net/photos/7e2a949d-99a0-47db-839d-43e98f8fc4c4.jpg,,,https://www.superbid.net/evento/785342,2026-08-25T04:08:54-03:00,api_superbid_ok,,,,,,,
"Casa 190,26m² com Terreno 177,02m² | Caxias do Sul-RS | Planalto - 6 Dorms, 3 Banheiros e 2 Vagas - Financiamento até 420 Meses!","Casa 190,26m² com Terreno 177,02m² | Caxias do Sul-RS | Planalto - 6 Dorms, 3 Banheiros e 2 Vagas - Financiamento até 420 Meses! Endereço Completo Rua Sergio Antonio Gobetti, 58, Casa 03, Planalto, Caxias Do Sul, RS, CEP: 95088680 Características do Imóvel: Descrição: Casa, Padrão, Ocupado, 2 vaga(s) de garagem. Área(s): 177,02 m2 de área total, 177,02 m2 de área terreno, 190,26 m2 de área construída. Matrícula(s): 95.246. Cartório: 2 CRI DE CAXIAS. Inscrição da Prefeitura: 44.19.1300.010.003. Tipo do Imóvel: Casa Status da Ocupação: Ocupado Aceita Visitação: Visitação indisponível Dossiê: 02.","R$ 224.400,00",314,superbid.net,Santander Oportunidades,2026-08-25,2026-08-25,10:47,,"Caxias do Sul - RS, Rio Grande do Sul",https://www.superbid.net/evento/785342,https://www.superbid.net/oferta/casa-190-26m2-com-terreno-177-02m2-caxias-do-sul-rs-planalto-6-dorms-3-banheiros-e-2-vagas-financiamento-ate-420-meses-4969599,https://ms.sbwebservices.net/photos/e3836d2e-36c3-4e11-a5c4-20d45508553b.jpg,,,https://www.superbid.net/evento/785342,2026-08-25T04:08:54-03:00,api_superbid_ok,,,,,,,
Apto 158m² | Caxias Do Sul-RS | Edifício Ágata | Centro - 2 Vagas - Financiamento até 420 Meses!,"Apto 158m² | Caxias Do Sul-RS | Edifício Ágata | Centro - 2 Vagas - Financiamento até 420 Meses! Endereço Completo Avenida Julio De Castilhos, 826, Apto 07 - Edificio Agata, Centro, Caxias Do Sul, RS, CEP: 95020426 Características do Imóvel: Descrição: Apartamento, Padrão, Ocupado, 2 vaga(s) de garagem. Área(s): 158,19 m2 de área construída, 158,19 m2 de área privativa, 79,3 m2 de área comum. Matrícula(s): 56.099,56.079,56.078. Cartório: 2o CRI DE CAXIAS DO SUL. Inscrição da Prefeitura: 44.09.0082.005.008 APTO. Tipo do Imóvel: Apartamento Status da Ocupação: Ocupado Aceita Visitação: Visitação","R$ 665.280,00",315,superbid.net,Santander Oportunidades,2026-08-25,2026-08-25,10:47,,"Caxias do Sul - RS, Rio Grande do Sul",https://www.superbid.net/evento/785342,https://www.superbid.net/oferta/apto-158m2-caxias-do-sul-rs-edificio-agata-centro-2-vagas-financiamento-ate-420-meses-4967551,https://ms.sbwebservices.net/photos/01679808-f649-45a5-b764-ea147edb27c4.jpg,,,https://www.superbid.net/evento/785342,2026-08-25T04:08:54-03:00,api_superbid_ok,,,,,,,
Casa 111m² com Terreno 230m² | Gravataí-RS | Morada do Vale I | Excelente Oportunidade - Próxima à Avenida Alexandrino de Alencar e à Dorival Cândido - Financiamento em até 420 Meses!,"Casa 111m² com Terreno 230m² | Gravataí-RS | Morada do Vale I | Excelente Oportunidade - Próxima à Avenida Alexandrino de Alencar e à Dorival Cândido - Financiamento em até 420 Meses! Endereço Completo R Antenor Lemos, 359, Morada Do Vale I, Gravataí, RS, CEP: 94110130 Características do Imóvel: Descrição: Casa, Padrão, Ocupado. Área(s): 230 m2 de área terreno, 111,05 m2 de área construída, 111,05 m2 de área privativa. Matrícula(s): 22.488. Cartório: CRI DE GRAVATAI. Inscrição da Prefeitura: 01.05.198.0267.001.001. Tipo do Imóvel: Casa Status da Ocupação: Ocupado Aceita Visitação: Visitação in","R$ 314.500,00",316,superbid.net,Santander Oportunidades,2026-08-25,2026-08-25,10:48,,"Gravataí - RS, Rio Grande do Sul",https://www.superbid.net/evento/785342,https://www.superbid.net/oferta/casa-111m2-com-terreno-230m2-gravatai-rs-morada-do-vale-i-excelente-oportunidade-proxima-a-avenida-alexandrino-de-alencar-e-a-dorival-candido-financiamento-em-ate-420-meses-4969686,https://ms.sbwebservices.net/photos/c97b39d7-465a-4707-97e2-e9a7f89f7351.jpg,,,https://www.superbid.net/evento/785342,2026-08-25T04:08:54-03:00,api_superbid_ok,,,,,,,
Casa 174m² com Terreno 473m² | Osório-RS | Centro | Excelente Oportunidade - Próxima à Avenida Jorge Dariva e à Marechal Floriano Peixoto - Financiamento em até 420 Meses!,"Casa 174m² com Terreno 473m² | Osório-RS | Centro | Excelente Oportunidade - Próxima à Avenida Jorge Dariva e à Marechal Floriano Peixoto - Financiamento em até 420 Meses! Endereço Completo Rua Barão Do Triunfo, 1295, Centro, Osório, RS, CEP: 94660120 Características do Imóvel: Descrição: Casa, Padrão, Ocupado. Área(s): 473,28 m2 de área terreno, 174,84 m2 de área construída. Matrícula(s): 92.737. Cartório: 1o CRI DE OSÓRIO. Inscrição da Prefeitura: 02.0120.0034.0001.001. Tipo do Imóvel: Casa Status da Ocupação: Ocupado Aceita Visitação: Visitação indisponível Dossiê: 02.25965 Área Terreno: 47","R$ 391.500,00",317,superbid.net,Santander Oportunidades,2026-08-25,2026-08-25,10:48,,"Osório - RS, Rio Grande do Sul",https://www.superbid.net/evento/785342,https://www.superbid.net/oferta/casa-174m2-com-terreno-473m2-osorio-rs-centro-excelente-oportunidade-proxima-a-avenida-jorge-dariva-e-a-marechal-floriano-peixoto-financiamento-em-ate-420-meses-4969648,https://ms.sbwebservices.net/photos/46b98745-9c22-4101-a06a-17885c82bc2a.jpg,,,https://www.superbid.net/evento/785342,2026-08-25T04:08:54-03:00,api_superbid_ok,,,,,,,
"Apto 140m² - 3 Qts, 3 Banheiros, Dep. Empregada e 1 Vaga | Palmeira das Missões-RS | Condominio Edificio Dequi | Centro - Financiamento até 420 Meses!","Apto 140m² - 3 Qts, 3 Banheiros, Dep. Empregada e 1 Vaga | Palmeira das Missões-RS | Condominio Edificio Dequi | Centro - Financiamento até 420 Meses! Endereço Completo Rua Sete De Setembro, 375, Apto 201, Condominio Edificio Dequi, Centro, Palmeira Das Missões, RS, CEP: 98300000 Características do Imóvel: Descrição: Apartamento, Padrão, Ocupado, 1 vaga(s) de garagem. Área(s): 140 m2 de área construída, 140 m2 de área privativa, 20,21 m2 de área comum. Matrícula(s): 27497. Cartório: CRI PALMEIRA DAS MISSÕES. Inscrição da Prefeitura: 04.020.0017.0001.001. Tipo do Imóvel: Apartamento Status da O","R$ 370.800,00",318,superbid.net,Santander Oportunidades,2026-08-25,2026-08-25,10:49,,"Palmeira das Missões - RS, Rio Grande do Sul",https://www.superbid.net/evento/785342,https://www.superbid.net/oferta/apto-140m2-3-qts-3-banheiros-dep-empregada-e-1-vaga-palmeira-das-missoes-rs-condominio-edificio-dequi-centro-financiamento-ate-420-meses-4969678,https://ms.sbwebservices.net/photos/e20db8c8-8ff4-4d2d-a253-5e781e1a24a0.jpg,,,https://www.superbid.net/evento/785342,2026-08-25T04:08:54-03:00,api_superbid_ok,,,,,,,
Casa 114m² com Terreno 484m² | Passo Fundo-RS | Vila Luiza - Financiamento até 420 Meses!,"Casa 114m² com Terreno 484m² | Passo Fundo-RS | Vila Luiza - Financiamento até 420 Meses! Endereço Completo Rua Doutor Benedito Acauan, 2202, Vila Luiza, Passo Fundo, RS, CEP: 99072010 Características do Imóvel: Descrição: Casa, Padrão, Ocupado. Área(s): 484 m2 de área terreno, 114,34 m2 de área construída. Matrícula(s): 110.472. Cartório: 1o CRI DE PASSO FUNDO. Inscrição da Prefeitura: 010.0035.027.000. Tipo do Imóvel: Casa Status da Ocupação: Ocupado Aceita Visitação: Visitação indisponível Dossiê: 02.27124 Área Terreno: 484.0 m2 Matrícula: 110.472 Cartório de Registro: 1o CRI DE PASSO FUNDO","R$ 360.900,00",319,superbid.net,Santander Oportunidades,2026-08-25,2026-08-25,10:49,,"Passo Fundo - RS, Rio Grande do Sul",https://www.superbid.net/evento/785342,https://www.superbid.net/oferta/casa-114m2-com-terreno-484m2-passo-fundo-rs-vila-luiza-financiamento-ate-420-meses-4967548,https://ms.sbwebservices.net/photos/157ff0ff-03ac-4cf3-886a-1367d4592803.jpg,,,https://www.superbid.net/evento/785342,2026-08-25T04:08:54-03:00,api_superbid_ok,,,,,,,
Lote 966m² | Passo Fundo-RS | Nenê Graeff - Cond. Res. Villa Palladio - Pagamento Somente à Vista!,"Lote 966m² | Passo Fundo-RS | Nenê Graeff - Cond. Res. Villa Palladio - Pagamento Somente à Vista! Endereço Completo Rodovia Rs-324 Km 105, 9420, Condomínio Residencial Villa Palladio Lote 60, Nenê Graeff, Passo Fundo, RS, CEP: 99032680 Características do Imóvel: Descrição: Lote, Em Condomínio, Ocupado. Área(s): 966 m2 de área terreno. Matrícula(s): 113.146. Cartório: 1° CRI DE PASSO FUNDO. Inscrição da Prefeitura: 083.0005.060.001. Tipo do Imóvel: Lote Status da Ocupação: Ocupado Aceita Visitação: Visitação indisponível Dossiê: 02.27048 Área Terreno: 966.0 m2 Matrícula: 113.146 Cartório de Re","R$ 320.859,00",320,superbid.net,Santander Oportunidades,2026-08-25,2026-08-25,10:50,,"Passo Fundo - RS, Rio Grande do Sul",https://www.superbid.net/evento/785342,https://www.superbid.net/oferta/lote-966m2-passo-fundo-rs-nene-graeff-cond-res-villa-palladio-pagamento-somente-a-vista-4967541,https://ms.sbwebservices.net/photos/3bee92ef-3a51-4d66-9003-987a22a8d8b1.jpg,,,https://www.superbid.net/evento/785342,2026-08-25T04:08:54-03:00,api_superbid_ok,,,,,,,
Apto 64m² | Porto Alegre-RS | Cidade Jardim | Nonoai - Financiamento até 420 Meses!,"Apto 64m² | Porto Alegre-RS | Cidade Jardim | Nonoai - Financiamento até 420 Meses! Endereço Completo Avenida Fabio Araujo Santos, 1145, Apto 615, Bloco 9, Conjunto Residencial Cidade Jardim, Nonai, Porto Alegre, RS, CEP: 91720390 Características do Imóvel: Descrição: Apartamento, Padrão, Ocupado. Área(s): 64,15 m2 de área construída, 64,15 m2 de área privativa, 30 m2 de área comum. Matrícula(s): 55.554. Cartório: 3° CRI DE PORTO ALEGRE. Inscrição da Prefeitura: 7041055. Tipo do Imóvel: Apartamento Status da Ocupação: Ocupado Aceita Visitação: Visitação indisponível Dossiê: 02.26010 Área Priva","R$ 144.144,00",321,superbid.net,Santander Oportunidades,2026-08-25,2026-08-25,10:50,,"Porto Alegre - RS, Rio Grande do Sul",https://www.superbid.net/evento/785342,https://www.superbid.net/oferta/apto-64m2-porto-alegre-rs-cidade-jardim-nonoai-financiamento-ate-420-meses-4969685,https://ms.sbwebservices.net/photos/a0ce6332-09fb-40b8-9d98-bb0ea542e0ba.jpg,,,https://www.superbid.net/evento/785342,2026-08-25T04:08:54-03:00,api_superbid_ok,,,,,,,
Apto 39m² | Porto Alegre-RS | Residencial Monte Verde | Campo Novo - Próx. ao Calçadão de Ipanema Financiamento até 420 Meses!,"Apto 39m² | Porto Alegre-RS | Residencial Monte Verde | Campo Novo - Próx. ao Calçadão de Ipanema Financiamento até 420 Meses! Endereço Completo Rua Tome Antonio De Souza, 240, Apto 422, Bloco F, Residencial Monte Verde, Campo Novo, Porto Alegre, RS, CEP: 91750170 Características do Imóvel: Descrição: Apartamento, Padrão, Ocupado. Área(s): 39,03 m2 de área construída, 39,03 m2 de área privativa, 9,86 m2 de área comum. Matrícula(s): 146.488. Cartório: 3° CRI DE PORTO ALEGRE. Inscrição da Prefeitura: 11706821. Tipo do Imóvel: Apartamento Status da Ocupação: Ocupado Aceita Visitação: Visitação in","R$ 87.360,00",322,superbid.net,Santander Oportunidades,2026-08-25,2026-08-25,10:51,,"Porto Alegre - RS, Rio Grande do Sul",https://www.superbid.net/evento/785342,https://www.superbid.net/oferta/apto-39m2-porto-alegre-rs-residencial-monte-verde-campo-novo-prox-ao-calcadao-de-ipanema-financiamento-ate-420-meses-4967530,https://ms.sbwebservices.net/photos/97a22424-5942-4a06-85d9-34b4613d187e.jpg,,,https://www.superbid.net/evento/785342,2026-08-25T04:08:54-03:00,api_superbid_ok,,,,,,,
"Casa 217m² com Terreno 539m² | Rio Grande-RS | Cidade Nova - 2 Dorms, 2 Banheiros, 1 Vaga - Financiamento até 420 Meses!","Casa 217m² com Terreno 539m² | Rio Grande-RS | Cidade Nova - 2 Dorms, 2 Banheiros, 1 Vaga - Financiamento até 420 Meses! Endereço Completo Avenida Major Carlos Pinto, 220, Cidade Nova, Rio Grande, RS, CEP: 96211020 Características do Imóvel: Descrição: Casa, Padrão, Ocupado, 1 vaga(s) de garagem. Área(s): 539,9 m2 de área terreno, 217,83 m2 de área construída. Matrícula(s): 53.168. Cartório: CRI DO RIO GRANDE. Inscrição da Prefeitura: 02.01.0204.N002.0001. Tipo do Imóvel: Casa Status da Ocupação: Ocupado Aceita Visitação: Visitação indisponível Dossiê: 02.24738 Área Terreno: 539.9 m2 Composiçã","R$ 669.306,60",323,superbid.net,Santander Oportunidades,2026-08-25,2026-08-25,10:51,,"Rio Grande - RS, Rio Grande do Sul",https://www.superbid.net/evento/785342,https://www.superbid.net/oferta/casa-217m2-com-terreno-539m2-rio-grande-rs-cidade-nova-2-dorms-2-banheiros-1-vaga-financiamento-ate-420-meses-4969654,https://ms.sbwebservices.net/photos/8b7a055b-0407-4941-8a98-2b09c86e4a5d.jpg,,,https://www.superbid.net/evento/785342,2026-08-25T04:08:54-03:00,api_superbid_ok,,,,,,,
"Apto 52m² | Rio Grande-RS | Condomínio Marcílio Dias | Vila Dias - Ótima Localização | Próx. à Av. Pres. Vargas | 2,5km do Centro - Financiamento até 420 Meses!","Apto 52m² | Rio Grande-RS | Condomínio Marcílio Dias | Vila Dias - Ótima Localização | Próx. à Av. Pres. Vargas | 2,5km do Centro - Financiamento até 420 Meses! Endereço Completo Avenida Presidente Vargas, 445, Apartamento 405 - Bloco 4 - Condomínio Marcílio Dias, Vila Dias, Rio Grande, RS, CEP: 96202336 Características do Imóvel: Descrição: Apartamento, Padrão, Ocupado. Área(s): 52,07 m2 de área construída, 52,07 m2 de área privativa, 6,35 m2 de área comum. Matrícula(s): 20.711. Cartório: 1o CRI DE RIO GRANDE. Inscrição da Prefeitura: 228010. Tipo do Imóvel: Apartamento Status da Ocupação: Oc","R$ 137.280,00",324,superbid.net,Santander Oportunidades,2026-08-25,2026-08-25,10:52,,"Rio Grande - RS, Rio Grande do Sul",https://www.superbid.net/evento/785342,https://www.superbid.net/oferta/apto-52m2-rio-grande-rs-condominio-marcilio-dias-vila-dias-otima-localizacao-prox-a-av-pres-vargas-2-5km-do-centro-financiamento-ate-420-meses-4967526,https://ms.sbwebservices.net/photos/a0b88186-3f81-474e-a586-43b3fded0b34.jpg,,,https://www.superbid.net/evento/785342,2026-08-25T04:08:55-03:00,api_superbid_ok,,,,,,,
Casa 160m² com Terreno 450m² | Santa Maria-RS | Pinheiro Machado - Próx. ao Shopping Uberaba e a Uniube Uberaba - Financiamento até 420 Meses!,"Casa 160m² com Terreno 450m² | Santa Maria-RS | Pinheiro Machado - Próx. ao Shopping Uberaba e a Uniube Uberaba - Financiamento até 420 Meses! Endereço Completo Rua Rio Grande Do Norte, 1186, Casa 103, Pinheiro Machado, Santa Maria, RS, CEP: 97030530 Características do Imóvel: Descrição: Casa, Padrão, Ocupado, 1 vaga(s) de garagem. Área(s): 450 m2 de área terreno, 160,7 m2 de área construída. Matrícula(s): 187.270. Cartório: 1° CRI DE SANTA MARIA. Inscrição da Prefeitura: 530221470186837. Tipo do Imóvel: Casa Status da Ocupação: Ocupado Aceita Visitação: Visitação indisponível Dossiê: 02.25318","R$ 286.450,00",325,superbid.net,Santander Oportunidades,2026-08-25,2026-08-25,10:52,,"Santa Maria - RS, Rio Grande do Sul",https://www.superbid.net/evento/785342,https://www.superbid.net/oferta/casa-160m2-com-terreno-450m2-santa-maria-rs-pinheiro-machado-prox-ao-shopping-uberaba-e-a-uniube-uberaba-financiamento-ate-420-meses-4967575,https://ms.sbwebservices.net/photos/6d8d233d-3f3c-4b46-b682-15e5eb1ba9b2.jpg,,,https://www.superbid.net/evento/785342,2026-08-25T04:08:55-03:00,api_superbid_ok,,,,,,,
"Casa 160m² com Terreno 300m² | Sant'Ana do Livramento-RS | Vila Jardim do Verde - 3 Dorms, 2 Banheiros e 1 Vaga - Financiamento até 420 Meses!","Casa 160m² com Terreno 300m² | Sant'Ana do Livramento-RS | Vila Jardim do Verde - 3 Dorms, 2 Banheiros e 1 Vaga - Financiamento até 420 Meses! Endereço Completo Rua Aleixo Aires, 288, Vila Jardim Do Verde, Sant'Ana Do Livramento, RS, CEP: 97576290 Características do Imóvel: Descrição: Casa, Padrão, Ocupado, 1 vaga(s) de garagem. Área(s): 300 m2 de área terreno, 160 m2 de área construída, 160 m2 de área privativa. Matrícula(s): 10.490. Cartório: 1o CRI DE SANTANA DO LIVRAMENTO. Inscrição da Prefeitura: 13989. Tipo do Imóvel: Casa Status da Ocupação: Ocupado Aceita Visitação: Visitação indisponí","R$ 201.824,85",326,superbid.net,Santander Oportunidades,2026-08-25,2026-08-25,10:53,,"Santana do Livramento - RS, Rio Grande do Sul",https://www.superbid.net/evento/785342,https://www.superbid.net/oferta/casa-160m2-com-terreno-300m2-sant-ana-do-livramento-rs-vila-jardim-do-verde-3-dorms-2-banheiros-e-1-vaga-financiamento-ate-420-meses-4969617,https://ms.sbwebservices.net/photos/dd66ba55-6b33-4750-bce6-809b01833f27.jpg,,,https://www.superbid.net/evento/785342,2026-08-25T04:08:55-03:00,api_superbid_ok,,,,,,,
Casa 74m² com Terreno 200m² | São Leopoldo-RS | Vila Real Feitoria - Próx. a Av. Integração - Financiamento até 420 Meses!,"Casa 74m² com Terreno 200m² | São Leopoldo-RS | Vila Real Feitoria - Próx. a Av. Integração - Financiamento até 420 Meses! Endereço Completo Rua Carlos Bier, 1828, Vila Real Feitoria, São Leopoldo, RS, CEP: 93052160 Características do Imóvel: Descrição: Casa, Padrão, Ocupado, 1 vaga(s) de garagem. Área(s): 200 m2 de área terreno, 74,62 m2 de área construída. Matrícula(s): 98.194. Cartório: CRI SAO LEOPOLDO. Inscrição da Prefeitura: 91520. Tipo do Imóvel: Casa Status da Ocupação: Ocupado Aceita Visitação: Visitação indisponível Dossiê: 02.26338 Área Terreno: 200.0 m2 Composição Interna/Vagas: D","R$ 166.600,00",327,superbid.net,Santander Oportunidades,2026-08-25,2026-08-25,10:53,,"São Leopoldo - RS, Rio Grande do Sul",https://www.superbid.net/evento/785342,https://www.superbid.net/oferta/casa-74m2-com-terreno-200m2-sao-leopoldo-rs-vila-real-feitoria-prox-a-av-integracao-financiamento-ate-420-meses-4969630,https://ms.sbwebservices.net/photos/87244931-d450-48fe-a81c-d045dae0c66a.jpg,,,https://www.superbid.net/evento/785342,2026-08-25T04:08:55-03:00,api_superbid_ok,,,,,,,
"Casa 282m² com Terreno 309m² | São Leopoldo-RS | Campestre - Excelente Localização Residencial, Aceita Visitação - Financiamento até 420 Meses!","Casa 282m² com Terreno 309m² | São Leopoldo-RS | Campestre - Excelente Localização Residencial, Aceita Visitação - Financiamento até 420 Meses! Endereço Completo Rua Doutor Victor Otto Schmidt, 711, Campestre, São Leopoldo, RS, CEP: 93046320 Características do Imóvel: Descrição: Casa, Padrão, Ocupado. Área(s): 309,65 m2 de área terreno, 282,41 m2 de área construída. Matrícula(s): 51.066. Cartório: CRI SAO LEOPOLDO. Inscrição da Prefeitura: 54924. Tipo do Imóvel: Casa Status da Ocupação: Ocupado Aceita Visitação: Visitação indisponível Dossiê: 02.26322 Área Terreno: 309.65 m2 Matrícula: 51.066 ","R$ 867.000,00",328,superbid.net,Santander Oportunidades,2026-08-25,2026-08-25,10:54,,"São Leopoldo - RS, Rio Grande do Sul",https://www.superbid.net/evento/785342,https://www.superbid.net/oferta/casa-282m2-com-terreno-309m2-sao-leopoldo-rs-campestre-excelente-localizacao-residencial-aceita-visitacao-financiamento-ate-420-meses-4967534,https://ms.sbwebservices.net/photos/4853c604-5719-4291-8a1f-0280623ffaee.jpg,,,https://www.superbid.net/evento/785342,2026-08-25T04:08:55-03:00,api_superbid_ok,,,,,,,
Casa 146m² com Terreno 223m² | São Leopoldo-RS | Campestre - Financiamento até 420 Meses!,"Casa 146m² com Terreno 223m² | São Leopoldo-RS | Campestre - Financiamento até 420 Meses! Endereço Completo Avenida Tharcíllo Nunes, 1957, Campestre, São Leopoldo, RS, CEP: 93044130 Características do Imóvel: Descrição: Casa, Padrão, Ocupado. Área(s): 223,6 m2 de área terreno, 146,18 m2 de área construída, 146,18 m2 de área privativa. Matrícula(s): 79.980. Cartório: 1° CRI DE SÃO LEOPOLDO. Inscrição da Prefeitura: 79481. Tipo do Imóvel: Casa Status da Ocupação: Ocupado Aceita Visitação: Visitação indisponível Dossiê: 02.27227 Área Privativa: 146.18 m2 Área Terreno: 223.6 m2 Matrícula: 79.980 C","R$ 362.700,00",329,superbid.net,Santander Oportunidades,2026-08-25,2026-08-25,10:54,,"São Leopoldo - RS, Rio Grande do Sul",https://www.superbid.net/evento/785342,https://www.superbid.net/oferta/casa-146m2-com-terreno-223m2-sao-leopoldo-rs-campestre-financiamento-ate-420-meses-4967545,https://ms.sbwebservices.net/photos/2deebbbc-b133-4424-9e44-617c3da7ca14.jpg,,,https://www.superbid.net/evento/785342,2026-08-25T04:08:55-03:00,api_superbid_ok,,,,,,,
Casa 61m² com Terreno 150m² | São Leopoldo-RS | Campestre - Financiamento até 420 Meses!,"Casa 61m² com Terreno 150m² | São Leopoldo-RS | Campestre - Financiamento até 420 Meses! Endereço Completo Rua Theophilo Zanutto, 146, Casa 02, Conjunto De Residências, Campestre, São Leopoldo, RS, CEP: 93046353 Características do Imóvel: Descrição: Casa, Em condomínio, Ocupado, 1 vaga(s) de garagem. Área(s): 150 m2 de área terreno, 61,78 m2 de área construída, 61,78 m2 de área privativa. Matrícula(s): 94.943. Cartório: 1° CRI DE SÃO LEOPOLDO. Inscrição da Prefeitura: 88314. Tipo do Imóvel: Casa Status da Ocupação: Ocupado Aceita Visitação: Visitação indisponível Dossiê: 02.25526 Área Privativ","R$ 178.500,00",330,superbid.net,Santander Oportunidades,2026-08-25,2026-08-25,10:55,,"São Leopoldo - RS, Rio Grande do Sul",https://www.superbid.net/evento/785342,https://www.superbid.net/oferta/casa-61m2-com-terreno-150m2-sao-leopoldo-rs-campestre-financiamento-ate-420-meses-4969689,https://ms.sbwebservices.net/photos/c8cb8895-f639-4008-9e86-6b4a990fabf1.jpg,,,https://www.superbid.net/evento/785342,2026-08-25T04:08:55-03:00,api_superbid_ok,,,,,,,
Casa 173m² com Terreno 405m² | Taquara-RS | Morro do Leôncio - Amplo Terreno e Área Construída - Financiamento até 420 Meses!,"Casa 173m² com Terreno 405m² | Taquara-RS | Morro do Leôncio - Amplo Terreno e Área Construída - Financiamento até 420 Meses! Endereço Completo Rua Manoel José De Medeiros Bedeco, 1708, Morro Do Leôncio, Taquara, RS, CEP: 95600230 Características do Imóvel: Descrição: Casa, Padrão, Ocupado. Área(s): 405 m2 de área terreno, 173,83 m2 de área construída. Matrícula(s): 23.099. Cartório: 1o CRI DE TAQUARA. Inscrição da Prefeitura: 1.07.00004.0409.027.000. Tipo do Imóvel: Casa Status da Ocupação: Ocupado Aceita Visitação: Visitação indisponível Dossiê: 02.25135 Área Terreno: 405.0 m2 Matrícula: 23.","R$ 424.586,90",331,superbid.net,Santander Oportunidades,2026-08-25,2026-08-25,10:55,,"Taquara - RS, Rio Grande do Sul",https://www.superbid.net/evento/785342,https://www.superbid.net/oferta/casa-173m2-com-terreno-405m2-taquara-rs-morro-do-leoncio-amplo-terreno-e-area-construida-financiamento-ate-420-meses-4967570,https://ms.sbwebservices.net/photos/9f17deeb-7a3f-43e5-a2e7-1da532d36040.jpg,,,https://www.superbid.net/evento/785342,2026-08-25T04:08:55-03:00,api_superbid_ok,,,,,,,
Apto 130m² | Xangri-Lá-RS | Cond. Rossi Atlântida | Atlântida - 2 Vagas - Financiamento até 420 Meses!,"Apto 130m² | Xangri-Lá-RS | Cond. Rossi Atlântida | Atlântida - 2 Vagas - Financiamento até 420 Meses! Endereço Completo Avenida Paraguassu, 1001, Apto 207, Bloco I-2 - Condomínio Rossi Atlantida, Atlântida, Xangri-Lá, RS, CEP: 95588000 Características do Imóvel: Descrição: Apartamento, Padrão, Ocupado, 2 vaga(s) de garagem. Área(s): 130,09 m2 de área construída, 130,09 m2 de área privativa, 41,051 m2 de área comum. Matrícula(s): 97.880,98.176,97.849. Cartório: 1o CRI DE CAPÃO DA CANOA. Inscrição da Prefeitura: 28212-360.0009.0001.0023.001. Tipo do Imóvel: Apartamento Status da Ocupação: Ocupa","R$ 703.950,00",333,superbid.net,Santander Oportunidades,2026-08-25,2026-08-25,10:56,,"Xangri-Lá - RS, Rio Grande do Sul",https://www.superbid.net/evento/785342,https://www.superbid.net/oferta/apto-130m2-xangri-la-rs-cond-rossi-atlantida-atlantida-2-vagas-financiamento-ate-420-meses-4969646,https://ms.sbwebservices.net/photos/dffb9aea-21fb-465b-a88e-39e04a179e51.jpg,,,https://www.superbid.net/evento/785342,2026-08-25T04:08:55-03:00,api_superbid_ok,,,,,,,
Apto 95m² | Balneário Camboriú-SC | Edifício Bela Vista | Nações - 1 Vaga - Financiamento até 420 Meses!,"Apto 95m² | Balneário Camboriú-SC | Edifício Bela Vista | Nações - 1 Vaga - Financiamento até 420 Meses! Endereço Completo Rua Vaticano, 57, Apartamento 101- Edifício Bela Vista, Nações, Balneário Camboriú, SC, CEP: 88338074 Características do Imóvel: Descrição: Apartamento, Padrão, Ocupado, 1 vaga(s) de garagem. Área(s): 95,97 m2 de área construída, 95,97 m2 de área privativa, 36,16 m2 de área comum. Matrícula(s): 128.010,128.021. Cartório: 1o CRI DE BALNEÁRIO CAMBORIÚ. Inscrição da Prefeitura: 04.01.121.0587.001. Tipo do Imóvel: Apartamento Status da Ocupação: Ocupado Aceita Visitação: Visit","R$ 655.200,00",334,superbid.net,Santander Oportunidades,2026-08-25,2026-08-25,10:56,,"Balneário Camboriú - SC, Santa Catarina",https://www.superbid.net/evento/785342,https://www.superbid.net/oferta/apto-95m2-balneario-camboriu-sc-edificio-bela-vista-nacoes-1-vaga-financiamento-ate-420-meses-4967544,https://ms.sbwebservices.net/photos/d60d6d5f-c227-4935-9bc2-1d8cb59dc5dc.jpg,,,https://www.superbid.net/evento/785342,2026-08-25T04:08:55-03:00,api_superbid_ok,,,,,,,
Terreno 390m² || DESOCUPADO || Florianópolis-SC | Cond. Caravelas Residence II | Pântano do Sul - Lote em Condomínio Fechado - Pagamento Somente à Vista!,"Terreno 390m² || DESOCUPADO || Florianópolis-SC | Cond. Caravelas Residence II | Pântano do Sul - Lote em Condomínio Fechado - Pagamento Somente à Vista! Endereço Completo Rodovia Francisco Thomas Dos Santos, S/N, Area A-11, Cond. Caravellas Residence Ii, Pantano Do Sul, Florianópolis, SC, CEP: 88064722 Características do Imóvel: Descrição: Lote, Em Condomínio, Desocupado. Área(s): 390 m2 de área terreno. Matrícula(s): 84.244. Cartório: 2o CRI DE FLORIANOPOLIS. Inscrição da Prefeitura: 79.59.077.0511.001.846. Tipo do Imóvel: Lote Status da Ocupação: Desocupado Aceita Visitação: Sim - Mediante ","R$ 216.800,00",335,superbid.net,Santander Oportunidades,2026-08-25,2026-08-25,10:57,,"Florianópolis - SC, Santa Catarina",https://www.superbid.net/evento/785342,https://www.superbid.net/oferta/terreno-390m2-desocupado-florianopolis-sc-cond-caravelas-residence-ii-pantano-do-sul-lote-em-condominio-fechado-pagamento-somente-a-vista-4967567,https://ms.sbwebservices.net/photos/f9e30518-6723-4e8a-9bc9-4e988707ffb2.jpg,,,https://www.superbid.net/evento/785342,2026-08-25T04:08:55-03:00,api_superbid_ok,,,,,,,
"Apto 114m² | Lages-SC | Cond. Res. Alpha | Centro - 3 Dorms, 3 Banheiros, 1 Vaga - Financiamento até 420 Meses!","Apto 114m² | Lages-SC | Cond. Res. Alpha | Centro - 3 Dorms, 3 Banheiros, 1 Vaga - Financiamento até 420 Meses! Endereço Completo Rua Do Rosário, 128, Apto 01 Box 01 Condominio Residencial Alpha, Centro, Lages, SC, CEP: 88502240 Características do Imóvel: Descrição: Apartamento, Padrão, Ocupado, 1 vaga(s) de garagem. Área(s): 114,69 m2 de área construída, 114,69 m2 de área privativa, 48,36 m2 de área comum. Matrícula(s): 30.250,30.263. Cartório: 1 CRI DE LAGES. Inscrição da Prefeitura: 7976. Tipo do Imóvel: Apartamento Status da Ocupação: Ocupado Aceita Visitação: Visitação indisponível Dossiê","R$ 320.151,65",336,superbid.net,Santander Oportunidades,2026-08-25,2026-08-25,10:57,,"Lages - SC, Santa Catarina",https://www.superbid.net/evento/785342,https://www.superbid.net/oferta/apto-114m2-lages-sc-cond-res-alpha-centro-3-dorms-3-banheiros-1-vaga-financiamento-ate-420-meses-4969615,https://ms.sbwebservices.net/photos/9afec32a-51b9-43d5-8f38-d22dda336137.jpg,,,https://www.superbid.net/evento/785342,2026-08-25T04:08:55-03:00,api_superbid_ok,,,,,,,
Casa 79m² com Terreno 200m² | Jaguapitã-PR | Vila Silva - 3 Dormitórios - Financiamento até 420 Meses!,"Casa 79m² com Terreno 200m² | Jaguapitã-PR | Vila Silva - 3 Dormitórios - Financiamento até 420 Meses! Endereço Completo Rua Pará, 321, Vila Silva, Jaguapitã, PR, CEP: 86610000 Características do Imóvel: Descrição: Casa, Padrão, Ocupado. Área(s): 200 m2 de área terreno, 79,53 m2 de área construída. Matrícula(s): 4.208. Cartório: 1° CRI DE JAGUAPITÃ. Inscrição da Prefeitura: 01-01-005-0060-001 / Cadastro 3099. Tipo do Imóvel: Casa Status da Ocupação: Ocupado Aceita Visitação: Visitação indisponível Dossiê: 02.26502 Área Terreno: 200.0 m2 Composição Interna/Vagas: Dormitórios: 3, Banheiros: 1, S","R$ 144.900,00",337,superbid.net,Santander Oportunidades,2026-08-25,2026-08-25,10:58,,"Jaguapitã - PR, Paraná",https://www.superbid.net/evento/785342,https://www.superbid.net/oferta/casa-79m2-com-terreno-200m2-jaguapita-pr-vila-silva-3-dormitorios-financiamento-ate-420-meses-4969618,https://ms.sbwebservices.net/photos/aab22e8c-cf87-41d5-8dfa-20e837fbc83b.jpg,,,https://www.superbid.net/evento/785342,2026-08-25T04:08:55-03:00,api_superbid_ok,,,,,,,
Casa 29m² com Terreno 200m² | Rio Grande-RS | Parque Marinha | - Financiamento até 420 Meses!,"Casa 29m² com Terreno 200m² | Rio Grande-RS | Parque Marinha | - Financiamento até 420 Meses! Endereço Completo R Rio Doce, 15, C-2, Parque Marinha, Rio Grande, RS, CEP: 96215740 Características do Imóvel: Descrição: Casa, Padrão, Ocupado. Área(s): 200 m2 de área terreno, 29,82 m2 de área construída. Matrícula(s): 76.260. Cartório: 1° DE RGI DE RIO GRANDE. Inscrição da Prefeitura: 06.01.0813.N002.0001. Tipo do Imóvel: Casa Status da Ocupação: Ocupado Aceita Visitação: Visitação indisponível Dossiê: 02.21981 Área Terreno: 200.0 m2 Matrícula: 76.260 Cartório de Registro: 1° DE RGI DE RIO GRANDE ","R$ 85.000,00",338,superbid.net,Santander Oportunidades,2026-08-25,2026-08-25,10:58,,"Rio Grande - RS, Rio Grande do Sul",https://www.superbid.net/evento/785342,https://www.superbid.net/oferta/casa-29m2-com-terreno-200m2-rio-grande-rs-parque-marinha-financiamento-ate-420-meses-4969908,https://ms.sbwebservices.net/photos/03123eee-d1b4-4991-8b1f-f4a1afa8d08c.jpg,,,https://www.superbid.net/evento/785342,2026-08-25T04:08:55-03:00,api_superbid_ok,,,,,,,
"Terreno 390m² || DESOCUPADO || Governador Celso Ramos-SC | Loteamento Nova Governador - Próximo a Câmara de Vereadores, CD do Mercado Livre, Três Corações e Koch - Somente à Vista!","Terreno 390m² || DESOCUPADO || Governador Celso Ramos-SC | Loteamento Nova Governador - Próximo a Câmara de Vereadores, CD do Mercado Livre, Três Corações e Koch - Somente à Vista! Endereço Completo Rua Olindina Ramos Da Silveira, 302, Loteamento Nova Governador Celso Ramos - Sul, Areias De Baixo, Governador Celso Ramos, SC, CEP: 88194850 Características do Imóvel: Descrição: Lote, Padrão, Desocupado. Área(s): 390 m2 de área terreno. Matrícula(s): 44.219. Cartório: 1 CRI DE BIGUAÇU. Inscrição da Prefeitura: 01.08.129.0202.001. Tipo do Imóvel: Lote Status da Ocupação: Desocupado Aceita Visitaçã","R$ 171.000,00",339,superbid.net,Santander Oportunidades,2026-08-25,2026-08-25,10:59,,"Governador Celso Ramos - SC, Santa Catarina",https://www.superbid.net/evento/785342,https://www.superbid.net/oferta/terreno-390m2-desocupado-governador-celso-ramos-sc-loteamento-nova-governador-proximo-a-camara-de-vereadores-cd-do-mercado-livre-tres-coracoes-e-koch-somente-a-vista-4969909,https://ms.sbwebservices.net/photos/fa05aa2a-fb98-4c94-9f82-fd2fcf47713a.jpg,,,https://www.superbid.net/evento/785342,2026-08-25T04:08:55-03:00,api_superbid_ok,,,,,,,
"Casa 150m² com Terreno 210m² | Águas Lindas de Goiás-GO | Parque Da Barragem - 2 Dorms, 1 Vaga - Financiamento até 420 Meses!","Casa 150m² com Terreno 210m² | Águas Lindas de Goiás-GO | Parque Da Barragem - 2 Dorms, 1 Vaga - Financiamento até 420 Meses! Endereço Completo Rua Trinta E Cinco, 5, Casa 05 Cond Res Setor 12 Lote 08 Da Quadra 76 Conjunto B Setor 12, Parque Da Barragem, Águas Lindas De Goiás, GO, CEP: 72910394 Características do Imóvel: Descrição: Casa, Padrão, Ocupado, 1 vaga(s) de garagem. Área(s): 210 m2 de área terreno, 150,35 m2 de área privativa, 59,65 m2 de área comum, 150,35 m2 de área útil. Matrícula(s): 66.972,None. Cartório: 1 CRI AGUAS LINDAS DE GOIAS. Inscrição da Prefeitura: 248258. Tipo do Imóv","R$ 65.520,00",401,superbid.net,Santander Oportunidades,2026-08-25,2026-08-25,10:59,,"Águas Lindas de Goiás - GO, Goiás",https://www.superbid.net/evento/785342,https://www.superbid.net/oferta/casa-150m2-com-terreno-210m2-aguas-lindas-de-goias-go-parque-da-barragem-2-dorms-1-vaga-financiamento-ate-420-meses-4969609,https://ms.sbwebservices.net/photos/e608ae1b-9ee1-4d0f-97ff-090d767bccc3.jpg,,,https://www.superbid.net/evento/785342,2026-08-25T04:08:55-03:00,api_superbid_ok,,,,,,,
Casa 107m² | Águas Lindas de Goiás-GO | Cond. Res. Jardim Paris III | Jardim América II - Sobrado Duplex com 2 Dorms e 2 Banheiros - Financiamento até 420 Meses!,"Casa 107m² | Águas Lindas de Goiás-GO | Cond. Res. Jardim Paris III | Jardim América II - Sobrado Duplex com 2 Dorms e 2 Banheiros - Financiamento até 420 Meses! Endereço Completo Rua 14, S/N, Duplex 01, Condomínio Residencial Jardim Paris Iii, Jardim America Ii, Águas Lindas De Goiás, GO, CEP: 72922231 Características do Imóvel: Descrição: Casa, Em condomínio, Ocupado. Área(s): 107,2 m2 de área construída, 107,2 m2 de área privativa, 34,35 m2 de área comum. Matrícula(s): 102.561. Cartório: CRI ÁGUAS LINDAS DE GOIAS. Inscrição da Prefeitura: 1.33.00056.00007.1. Tipo do Imóvel: Casa Status da O","R$ 154.700,00",402,superbid.net,Santander Oportunidades,2026-08-25,2026-08-25,11:00,,"Águas Lindas de Goiás - GO, Goiás",https://www.superbid.net/evento/785342,https://www.superbid.net/oferta/casa-107m2-aguas-lindas-de-goias-go-cond-res-jardim-paris-iii-jardim-america-ii-sobrado-duplex-com-2-dorms-e-2-banheiros-financiamento-ate-420-meses-4967524,https://ms.sbwebservices.net/photos/37b065ab-2798-49be-8923-eff37a682c85.jpg,,,https://www.superbid.net/evento/785342,2026-08-25T04:08:56-03:00,api_superbid_ok,,,,,,,
"Casa 154m² com Terreno 245m² | Caldas Novas-GO | Do Turista IIA Etapa - 3 Dorms, 3 Banheiros e 1 Vaga - Ideal para Moradia ou Investimento - Financiamento até 420 Meses!","Casa 154m² com Terreno 245m² | Caldas Novas-GO | Do Turista IIA Etapa - 3 Dorms, 3 Banheiros e 1 Vaga - Ideal para Moradia ou Investimento - Financiamento até 420 Meses! Endereço Completo Rua 11, 249, Do Turista Iia Etapa, Caldas Novas, GO, CEP: 75696118 Características do Imóvel: Descrição: Casa, Padrão, Ocupado, 1 vaga(s) de garagem. Área(s): 245,45 m2 de área terreno, 154,43 m2 de área construída. Matrícula(s): 128.418. Cartório: 1 CRI DE CALDAS NOVAS. Inscrição da Prefeitura: 902863. Tipo do Imóvel: Casa Status da Ocupação: Ocupado Aceita Visitação: Visitação indisponível Dossiê: 02.24030 ","R$ 384.200,00",403,superbid.net,Santander Oportunidades,2026-08-25,2026-08-25,11:00,,"Caldas Novas - GO, Goiás",https://www.superbid.net/evento/785342,https://www.superbid.net/oferta/casa-154m2-com-terreno-245m2-caldas-novas-go-do-turista-iia-etapa-3-dorms-3-banheiros-e-1-vaga-ideal-para-moradia-ou-investimento-financiamento-ate-420-meses-4969651,https://ms.sbwebservices.net/photos/dfad3131-3bdb-4b8d-b14a-d99abd4d2df3.jpg,,,https://www.superbid.net/evento/785342,2026-08-25T04:08:56-03:00,api_superbid_ok,,,,,,,
"Apto 323m² | Goiânia-GO | Edificio Arvoredo | Setor Bueno - 4 Dorms, 3 Banheiros, Piscina, 3 Vagas - Financiamento até 420 Meses!","Apto 323m² | Goiânia-GO | Edificio Arvoredo | Setor Bueno - 4 Dorms, 3 Banheiros, Piscina, 3 Vagas - Financiamento até 420 Meses! Endereço Completo Avenida T 5, 1093, Apt. 802/ Box 23, 26 E 27 Edificio Arvoredo, Setor Bueno, Goiânia, GO, CEP: 74230042 Características do Imóvel: Descrição: Apartamento, Padrão, Ocupado, 3 vaga(s) de garagem. Área(s): 323,75 m2 de área construída, 323,75 m2 de área privativa, 174,98 m2 de área comum. Matrícula(s): 67.480,67.481,67.477,67.454. Cartório: 1o CRI DE GOIANIA. Inscrição da Prefeitura: 304.026.0105.0396/ 304.026.0105.0426/ 304.026.0105.0434/30.402.601.0","R$ 722.500,00",404,superbid.net,Santander Oportunidades,2026-08-25,2026-08-25,11:01,,"Goiânia - GO, Goiás",https://www.superbid.net/evento/785342,https://www.superbid.net/oferta/apto-323m2-goiania-go-edificio-arvoredo-setor-bueno-4-dorms-3-banheiros-piscina-3-vagas-financiamento-ate-420-meses-4969677,https://ms.sbwebservices.net/photos/e3e575c2-2012-4a80-a598-b9412a8dd91c.jpg,,,https://www.superbid.net/evento/785342,2026-08-25T04:08:56-03:00,api_superbid_ok,,,,,,,
Casa 354m² com Terreno 270m² | Ipameri/GO | Vila Peixoto | Excelente Preço - Próx. ao Centro de Ipameri e Praça da Liberdade - Financiamento até 420 Meses!,"Casa 354m² com Terreno 270m² | Ipameri/GO | Vila Peixoto | Excelente Preço - Próx. ao Centro de Ipameri e Praça da Liberdade - Financiamento até 420 Meses! Endereço Completo Rua 31 De Outubro, S/N, Vila Peixoto, Ipameri, GO, CEP: 75780000 Características do Imóvel: Descrição: Casa, Padrão, Ocupado, 1 vaga(s) de garagem. Área(s): 270 m2 de área terreno, 354,8 m2 de área construída, 354,8 m2 de área privativa. Matrícula(s): 14781. Cartório: 1 CRI IPAMERI. Inscrição da Prefeitura: 1.00003.00061.00123.2-0016463. Tipo do Imóvel: Casa Status da Ocupação: Ocupado Aceita Visitação: Visitação indisponí","R$ 370.800,90",405,superbid.net,Santander Oportunidades,2026-08-25,2026-08-25,11:01,,"Ipameri - GO, Goiás",https://www.superbid.net/evento/785342,https://www.superbid.net/oferta/casa-354m2-com-terreno-270m2-ipameri-go-vila-peixoto-excelente-preco-prox-ao-centro-de-ipameri-e-praca-da-liberdade-financiamento-ate-420-meses-4967507,https://ms.sbwebservices.net/photos/63af712d-bf98-477a-8fd1-839d54bc2609.jpg,,,https://www.superbid.net/evento/785342,2026-08-25T04:08:56-03:00,api_superbid_ok,,,,,,,
"Casa com Piscina 245,85m² - Terreno 261,14m² || DESOCUPADA || Jataí-GO | Vila Fátima - Financiamento até 420 Meses!","Casa com Piscina 245,85m² - Terreno 261,14m² || DESOCUPADA || Jataí-GO | Vila Fátima - Financiamento até 420 Meses! Endereço Completo Rua Leopoldo De Bulhões, 2597, Casa 02, Vila Fatima, Jataí, GO, CEP: 75803005 Características do Imóvel: Descrição: Casa, Padrão, Desocupado, 2 vaga(s) de garagem. Área(s): 261,14 m2 de área terreno, 245,85 m2 de área construída. Matrícula(s): 68.852. Cartório: 1° CRI DE JATAI. Inscrição da Prefeitura: 16256B/ 1032.031.103F.006B.000. Tipo do Imóvel: Casa Status da Ocupação: Desocupado Aceita Visitação: Sim - Mediante disponibilidade de agendamento prévio através","R$ 1.161.185,00",406,superbid.net,Santander Oportunidades,2026-08-25,2026-08-25,11:02,,"Jataí - GO, Goiás",https://www.superbid.net/evento/785342,https://www.superbid.net/oferta/casa-com-piscina-245-85m2-terreno-261-14m2-desocupada-jatai-go-vila-fatima-financiamento-ate-420-meses-4969662,https://ms.sbwebservices.net/photos/5313fe8b-5dbc-4d81-a4d9-66c6752285e2.jpg,,,https://www.superbid.net/evento/785342,2026-08-25T04:08:56-03:00,api_superbid_ok,,,,,,,
"Casa 165m² com Terreno 257m² | Porangatu-GO | Res. Cidade Jardim - Com Piscina, 3 Dorms e 2 Vagas - Financiamento até 420 Meses!","Casa 165m² com Terreno 257m² | Porangatu-GO | Res. Cidade Jardim - Com Piscina, 3 Dorms e 2 Vagas - Financiamento até 420 Meses! Endereço Completo Rua 20, 0, Etapa F, Loteamento Residencial Cidade Jardim, Porangatu, GO, CEP: 76550000 Características do Imóvel: Descrição: Casa, Padrão, Ocupado, 2 vaga(s) de garagem. Área(s): 257,48 m2 de área terreno, 165 m2 de área construída. Matrícula(s): 24.662. Cartório: 1o CRI PORANGATU. Inscrição da Prefeitura: 001.105.0024.0014.0000. Tipo do Imóvel: Casa Status da Ocupação: Ocupado Aceita Visitação: Visitação indisponível Dossiê: 02.26132 Área Terreno: ","R$ 296.650,00",407,superbid.net,Santander Oportunidades,2026-08-25,2026-08-25,11:02,,"Porangatu - GO, Goiás",https://www.superbid.net/evento/785342,https://www.superbid.net/oferta/casa-165m2-com-terreno-257m2-porangatu-go-res-cidade-jardim-com-piscina-3-dorms-e-2-vagas-financiamento-ate-420-meses-4969628,https://ms.sbwebservices.net/photos/d34d0c13-7765-4b36-af22-11a4a4ce3b11.jpg,,,https://www.superbid.net/evento/785342,2026-08-25T04:08:56-03:00,api_superbid_ok,,,,,,,
Casa 208m² com Terreno 162m² | Rio Verde-GO | Setor Pauzanes | Oportunidade - Próx. ao Estádio Mozart Veloso do Carmo e Av. Presidente Vargas - Financiamento até 420 Meses!,"Casa 208m² com Terreno 162m² | Rio Verde-GO | Setor Pauzanes | Oportunidade - Próx. ao Estádio Mozart Veloso do Carmo e Av. Presidente Vargas - Financiamento até 420 Meses! Endereço Completo Rua Chiquinho Caetano, S/N, Sobrado, Parte B, Setor Pauzanes, Rio Verde, GO, CEP: 75904058 Características do Imóvel: Descrição: Casa, Padrão, Ocupado, 2 vaga(s) de garagem. Área(s): 162 m2 de área terreno, 208,66 m2 de área construída. Matrícula(s): 52.171. Cartório: 1o CRI DE RIO VERDE. Inscrição da Prefeitura: 1.13.055.0252.1.001.19. Tipo do Imóvel: Casa Status da Ocupação: Ocupado Aceita Visitação: Vis","R$ 460.700,00",408,superbid.net,Santander Oportunidades,2026-08-25,2026-08-25,11:03,,"Rio Verde - GO, Goiás",https://www.superbid.net/evento/785342,https://www.superbid.net/oferta/casa-208m2-com-terreno-162m2-rio-verde-go-setor-pauzanes-oportunidade-prox-ao-estadio-mozart-veloso-do-carmo-e-av-presidente-vargas-financiamento-ate-420-meses-4969692,https://ms.sbwebservices.net/photos/a436d597-fae4-4384-a218-e77b9a423e42.jpg,,,https://www.superbid.net/evento/785342,2026-08-25T04:08:56-03:00,api_superbid_ok,,,,,,,
"Casa 66m² com Terreno 126m² | Trindade-GO | Jardim Ipanema - Cond. Res. Am I - 2 Dorms, 3 Banheiros, 1 Vaga - Financiamento até 420 Meses!","Casa 66m² com Terreno 126m² | Trindade-GO | Jardim Ipanema - Cond. Res. Am I - 2 Dorms, 3 Banheiros, 1 Vaga - Financiamento até 420 Meses! Endereço Completo Rua Cruzeiro Do Sul, 175, Casa 03,Condomínio Residencial Am I, Jardim Ipanema, Trindade, GO, CEP: 75380187 Características do Imóvel: Descrição: Casa, Em condomínio, Ocupado, 1 vaga(s) de garagem. Área(s): 126 m2 de área terreno, 66,81 m2 de área construída. Matrícula(s): 82.016. Cartório: 1° CRI DE TRINDADE. Inscrição da Prefeitura: 01.084.00005.00004.003. Tipo do Imóvel: Casa Status da Ocupação: Ocupado Aceita Visitação: Visitação indisp","R$ 155.700,00",410,superbid.net,Santander Oportunidades,2026-08-25,2026-08-25,11:03,,"Trindade - GO, Goiás",https://www.superbid.net/evento/785342,https://www.superbid.net/oferta/casa-66m2-com-terreno-126m2-trindade-go-jardim-ipanema-cond-res-am-i-2-dorms-3-banheiros-1-vaga-financiamento-ate-420-meses-4969652,https://ms.sbwebservices.net/photos/edfd1c6c-0524-42c9-86cb-26560f2d8bd2.jpg,,,https://www.superbid.net/evento/785342,2026-08-25T04:08:56-03:00,api_superbid_ok,,,,,,,
"Casa 161m² com Terreno 360m² | Arenápolis-MT | Bela Vista - 3 Dorms, 3 Banheiros, 1 Vaga - Financiamento até 420 Meses!","Casa 161m² com Terreno 360m² | Arenápolis-MT | Bela Vista - 3 Dorms, 3 Banheiros, 1 Vaga - Financiamento até 420 Meses! Endereço Completo Rua Augusto De Moraes Cajango, 1208, Bela Vista, Arenápolis, MT, CEP: 78420000 Características do Imóvel: Descrição: Casa, Padrão, Ocupado, 1 vaga(s) de garagem. Área(s): 360 m2 de área terreno, 161 m2 de área construída, 161 m2 de área privativa. Matrícula(s): 12.533. Cartório: 1° CRI ARENAPOLIS. Inscrição da Prefeitura: 01.008.0010.0006.001. Tipo do Imóvel: Casa Status da Ocupação: Ocupado Aceita Visitação: Visitação indisponível Dossiê: 02.21714 Área Priv","R$ 209.521,55",411,superbid.net,Santander Oportunidades,2026-08-25,2026-08-25,11:04,,"Arenápolis - MT, Mato Grosso",https://www.superbid.net/evento/785342,https://www.superbid.net/oferta/casa-161m2-com-terreno-360m2-arenapolis-mt-bela-vista-3-dorms-3-banheiros-1-vaga-financiamento-ate-420-meses-4967509,https://ms.sbwebservices.net/photos/bae15d71-d2a7-4a92-b199-bb2626f15b10.jpg,,,https://www.superbid.net/evento/785342,2026-08-25T04:08:56-03:00,api_superbid_ok,,,,,,,
"Casa 239m² com Terreno 419m² | Cuiabá-MT | Jardim Itália - 4 Dorms, 3 Banheiros, Piscina - Financiamento até 420 Meses!","Casa 239m² com Terreno 419m² | Cuiabá-MT | Jardim Itália - 4 Dorms, 3 Banheiros, Piscina - Financiamento até 420 Meses! Endereço Completo Rua Palermo, 25, Jardim Itália, Cuiabá, MT, CEP: 78060700 Características do Imóvel: Descrição: Casa, Padrão, Ocupado. Área(s): 419,16 m2 de área terreno, 239,05 m2 de área construída. Matrícula(s): 46.175. Cartório: 6 CRI CUIABÁ. Inscrição da Prefeitura: 01.6.32.019.0733.001. Tipo do Imóvel: Casa Status da Ocupação: Ocupado Aceita Visitação: Visitação indisponível Dossiê: 02.25157 Área Terreno: 419.16 m2 Composição Interna/Vagas: Dormitórios: 4, Escritórios","R$ 661.600,00",412,superbid.net,Santander Oportunidades,2026-08-25,2026-08-25,11:04,,"Cuiabá - MT, Mato Grosso",https://www.superbid.net/evento/785342,https://www.superbid.net/oferta/casa-239m2-com-terreno-419m2-cuiaba-mt-jardim-italia-4-dorms-3-banheiros-piscina-financiamento-ate-420-meses-4967582,https://ms.sbwebservices.net/photos/61686f05-781d-46ef-bbde-de9e4c16a10c.jpg,,,https://www.superbid.net/evento/785342,2026-08-25T04:08:56-03:00,api_superbid_ok,,,,,,,
"Casa 50m² com Terreno 698m² | Lucas Do Rio Verde-MT | Jaime Seiti Fujii - 2 Dorms, 1 Vaga - Financiamento até 420 Meses!","Casa 50m² com Terreno 698m² | Lucas Do Rio Verde-MT | Jaime Seiti Fujii - 2 Dorms, 1 Vaga - Financiamento até 420 Meses! Endereço Completo Luiz Alberto Schantz, 4082-S, Jaime Seiti Fujii, Lucas Do Rio Verde, MT, CEP: 78464349 Características do Imóvel: Descrição: Casa, Padrão, Ocupado, 1 vaga(s) de garagem. Área(s): 698,37 m2 de área terreno, 50,55 m2 de área construída. Matrícula(s): 32.224. Cartório: 1o CRI DE LUCAS DO RIO VERDE. Inscrição da Prefeitura: 01.42.145.0018.001. Tipo do Imóvel: Casa Status da Ocupação: Ocupado Aceita Visitação: Visitação indisponível Dossiê: 02.26436 Área Terreno","R$ 295.200,00",413,superbid.net,Santander Oportunidades,2026-08-25,2026-08-25,11:05,,"Lucas do Rio Verde - MT, Mato Grosso",https://www.superbid.net/evento/785342,https://www.superbid.net/oferta/casa-50m2-com-terreno-698m2-lucas-do-rio-verde-mt-jaime-seiti-fujii-2-dorms-1-vaga-financiamento-ate-420-meses-4967538,https://ms.sbwebservices.net/photos/05bd11cb-30a0-49e8-a1c5-c33a25d123ee.jpg,,,https://www.superbid.net/evento/785342,2026-08-25T04:08:56-03:00,api_superbid_ok,,,,,,,
Casa 133m² | Pontes e Lacerda-MT | Jardim Alvorada | Excelente Oportunidade - Próxima à Avenida Marechal Rondon e à BR-174 / Centro de Eventos - Financiamento em até 420 Meses!,"Casa 133m² | Pontes e Lacerda-MT | Jardim Alvorada | Excelente Oportunidade - Próxima à Avenida Marechal Rondon e à BR-174 / Centro de Eventos - Financiamento em até 420 Meses! Endereço Completo Rua Manoel F. Pereira, 1790, Jardim Alvorada, Pontes E Lacerda, MT, CEP: 78250000 Características do Imóvel: Descrição: Casa, Padrão, Ocupado. Área(s): 211,16 m2 de área terreno, 133,3 m2 de área construída. Matrícula(s): 28.913. Cartório: 1 CRI PONTES E LACERDA. Inscrição da Prefeitura: 03.002.05A.05A.1. Tipo do Imóvel: Casa Status da Ocupação: Ocupado Aceita Visitação: Visitação indisponível Dossiê: ","R$ 162.350,00",414,superbid.net,Santander Oportunidades,2026-08-25,2026-08-25,11:05,,"Pontes e Lacerda - MT, Mato Grosso",https://www.superbid.net/evento/785342,https://www.superbid.net/oferta/casa-133m2-pontes-e-lacerda-mt-jardim-alvorada-excelente-oportunidade-proxima-a-avenida-marechal-rondon-e-a-br-174-centro-de-eventos-financiamento-em-ate-420-meses-4969634,https://ms.sbwebservices.net/photos/4c02ddd3-3a25-45f4-bbda-defd5363f5b0.jpg,,,https://www.superbid.net/evento/785342,2026-08-25T04:08:56-03:00,api_superbid_ok,,,,,,,
Casa 161m² com Terreno 228m² | Primavera do Leste-MT | Jd Poncho Verde II | Excelente Oportunidade - Próx. à Av. Dom Aquino e à Av. das Torres - Financiamento até 420 Meses!,"Casa 161m² com Terreno 228m² | Primavera do Leste-MT | Jd Poncho Verde II | Excelente Oportunidade - Próx. à Av. Dom Aquino e à Av. das Torres - Financiamento até 420 Meses! Endereço Completo Rua Alcidez Lazaretti, 418, Jardim Poncho Verde Ii, Primavera Do Leste, MT, CEP: 78850000 Características do Imóvel: Descrição: Casa, Padrão, Ocupado. Área(s): 228 m2 de área terreno, 161,89 m2 de área construída. Matrícula(s): 25.326. Cartório: 1 CRI PRIMAVERA DO LESTE. Inscrição da Prefeitura: 010470810004000. Tipo do Imóvel: Casa Status da Ocupação: Ocupado Aceita Visitação: Visitação indisponível Doss","R$ 252.800,00",415,superbid.net,Santander Oportunidades,2026-08-25,2026-08-25,11:06,,"Primavera do Leste - MT, Mato Grosso",https://www.superbid.net/evento/785342,https://www.superbid.net/oferta/casa-161m2-com-terreno-228m2-primavera-do-leste-mt-jd-poncho-verde-ii-excelente-oportunidade-prox-a-av-dom-aquino-e-a-av-das-torres-financiamento-ate-420-meses-4969661,https://ms.sbwebservices.net/photos/79480377-0676-480e-9bdf-e5ce8d7bb4e2.jpg,,,https://www.superbid.net/evento/785342,2026-08-25T04:08:56-03:00,api_superbid_ok,,,,,,,
Apto 246m² | Rondonópolis/MT | Edifício Pirâmide | Centro | Financiamento até 420 Meses!,"Apto 246m² | Rondonópolis/MT | Edifício Pirâmide | Centro | Financiamento até 420 Meses! Endereço Completo Avenida Marechal Dutra, 840, Edifício Pirâmide - Apartamento 401, Centro, Rondonópolis, MT, CEP: 78700110 Características do Imóvel: Descrição: Apartamento, Padrão, Ocupado, 1 vaga(s) de garagem. Área(s): 246,62 m2 de área construída, 246,62 m2 de área privativa, 36,11 m2 de área comum. Matrícula(s): 24.416. Cartório: 1o CRI RONDONÓPOLIS. Inscrição da Prefeitura: 705365. Tipo do Imóvel: Apartamento Status da Ocupação: Ocupado Aceita Visitação: Visitação indisponível Dossiê: 02.22538 Área ","R$ 328.440,00",416,superbid.net,Santander Oportunidades,2026-08-25,2026-08-25,11:06,,"Rondonópolis - MT, Mato Grosso",https://www.superbid.net/evento/785342,https://www.superbid.net/oferta/apto-246m2-rondonopolis-mt-edificio-piramide-centro-financiamento-ate-420-meses-4969607,https://ms.sbwebservices.net/photos/48cf2969-7dd7-4b55-9c5f-28b1e92c730c.jpg,,,https://www.superbid.net/evento/785342,2026-08-25T04:08:56-03:00,api_superbid_ok,,,,,,,
Casa 206m² com Terreno 451m² | Rondonópolis-MT | Res. Granville I | Excelente Oportunidade - Próxima à Avenida Lions Internacional e ao Rondon Plaza Shopping - Financiamento até 420 Meses!,"Casa 206m² com Terreno 451m² | Rondonópolis-MT | Res. Granville I | Excelente Oportunidade - Próxima à Avenida Lions Internacional e ao Rondon Plaza Shopping - Financiamento até 420 Meses! Endereço Completo Rua Dr. Fausto Del Claro, 235, Setor Residencial Granville I, Rondonópolis, MT, CEP: 78731214 Características do Imóvel: Descrição: Casa, Padrão, Ocupado. Área(s): 451,6 m2 de área terreno, 206,3 m2 de área construída. Matrícula(s): 71.996. Cartório: 1° CRI DE RONDONÓPOLIS. Inscrição da Prefeitura: 920568. Tipo do Imóvel: Casa Status da Ocupação: Ocupado Aceita Visitação: Visitação indispon","R$ 512.550,00",417,superbid.net,Santander Oportunidades,2026-08-25,2026-08-25,11:07,,"Rondonópolis - MT, Mato Grosso",https://www.superbid.net/evento/785342,https://www.superbid.net/oferta/casa-206m2-com-terreno-451m2-rondonopolis-mt-res-granville-i-excelente-oportunidade-proxima-a-avenida-lions-internacional-e-ao-rondon-plaza-shopping-financiamento-ate-420-meses-4969657,https://ms.sbwebservices.net/photos/df633a91-fc91-4978-99db-bee9f8be20f5.jpg,,,https://www.superbid.net/evento/785342,2026-08-25T04:08:56-03:00,api_superbid_ok,,,,,,,
"Casa 102m² com Terreno 200m² | Rondonópolis-MT | Jardim Atlântico - 2 Dorms, 2 Banheiros, 2 Vagas - Financiamento até 420 Meses!","Casa 102m² com Terreno 200m² | Rondonópolis-MT | Jardim Atlântico - 2 Dorms, 2 Banheiros, 2 Vagas - Financiamento até 420 Meses! Endereço Completo Rua Haroldo De Campos, 92, Jardim Atlântico, Rondonópolis, MT, CEP: 78735731 Características do Imóvel: Descrição: Casa, Padrão, Ocupado, 2 vaga(s) de garagem. Área(s): 200 m2 de área terreno, 102,59 m2 de área construída. Matrícula(s): 28.997. Cartório: 1o CRI DE RONDONÓPOLIS. Inscrição da Prefeitura: 475653. Tipo do Imóvel: Casa Status da Ocupação: Ocupado Aceita Visitação: Visitação indisponível Dossiê: 02.26670 Área Terreno: 200.0 m2 Composição ","R$ 260.100,00",418,superbid.net,Santander Oportunidades,2026-08-25,2026-08-25,11:07,,"Rondonópolis - MT, Mato Grosso",https://www.superbid.net/evento/785342,https://www.superbid.net/oferta/casa-102m2-com-terreno-200m2-rondonopolis-mt-jardim-atlantico-2-dorms-2-banheiros-2-vagas-financiamento-ate-420-meses-4969660,https://ms.sbwebservices.net/photos/80e04b5c-1bcd-44ff-8546-6e051bdc7fd8.jpg,,,https://www.superbid.net/evento/785342,2026-08-25T04:08:56-03:00,api_superbid_ok,,,,,,,
Casa 349m² com Terreno 740m² | Campo Grande-MS | Vila Alba - Ampla com Grande Terreno - Financiamento até 420 Meses!,"Casa 349m² com Terreno 740m² | Campo Grande-MS | Vila Alba - Ampla com Grande Terreno - Financiamento até 420 Meses! Endereço Completo Rua Oviedo, 75, Vila Alba, Campo Grande, MS, CEP: 79100060 Características do Imóvel: Descrição: Casa, Padrão, Ocupado. Área(s): 740 m2 de área terreno, 349,06 m2 de área construída. Matrícula(s): 62092. Cartório: 3o CRI DE CAMPO GRANDE. Inscrição da Prefeitura: 4490070244. Tipo do Imóvel: Casa Status da Ocupação: Ocupado Aceita Visitação: Visitação indisponível Dossiê: 02.22060 Área Terreno: 740.0 m2 Composição Interna/Vagas: Dormitórios de Empregada: 1, Banhe","R$ 771.200,00",419,superbid.net,Santander Oportunidades,2026-08-25,2026-08-25,11:08,,"Campo Grande - MS, Mato Grosso do Sul",https://www.superbid.net/evento/785342,https://www.superbid.net/oferta/casa-349m2-com-terreno-740m2-campo-grande-ms-vila-alba-ampla-com-grande-terreno-financiamento-ate-420-meses-4969596,https://ms.sbwebservices.net/photos/957265f6-b5a5-436a-aa2d-e31c98314d9b.jpg,,,https://www.superbid.net/evento/785342,2026-08-25T04:08:56-03:00,api_superbid_ok,,,,,,,
"Casa 191m² com Terreno 480m² | Campo Grande-MS | Jardim Imá - 3 Dorms, 2 Banheiros, 1 Vaga - Financiamento até 420 Meses!","Casa 191m² com Terreno 480m² | Campo Grande-MS | Jardim Imá - 3 Dorms, 2 Banheiros, 1 Vaga - Financiamento até 420 Meses! Endereço Completo Rua Maceió, 102, Jardim Imá, Campo Grande, MS, CEP: 79102450 Características do Imóvel: Descrição: Casa, Padrão, Ocupado, 1 vaga(s) de garagem. Área(s): 480 m2 de área terreno, 191,6 m2 de área construída. Matrícula(s): 3.436. Cartório: 3 CRI DE CAMPO GRANDE. Inscrição da Prefeitura: 4140170262. Tipo do Imóvel: Casa Status da Ocupação: Ocupado Aceita Visitação: Visitação indisponível Dossiê: 02.23200 Área Terreno: 480.0 m2 Composição Interna/Vagas: Dormitó","R$ 393.600,00",420,superbid.net,Santander Oportunidades,2026-08-25,2026-08-25,11:08,,"Campo Grande - MS, Mato Grosso do Sul",https://www.superbid.net/evento/785342,https://www.superbid.net/oferta/casa-191m2-com-terreno-480m2-campo-grande-ms-jardim-ima-3-dorms-2-banheiros-1-vaga-financiamento-ate-420-meses-4967511,https://ms.sbwebservices.net/photos/b01a5aa3-d96f-4d06-8605-569eaa46dbb9.jpg,,,https://www.superbid.net/evento/785342,2026-08-25T04:08:56-03:00,api_superbid_ok,,,,,,,
Casa 102m² | Campo Grande-MS | Nova Campo Grande | Oportunidade - Próx. ao Aeroporto Internacional e Av. Amaro Castro Lima - Financiamento até 420 Meses!,"Casa 102m² | Campo Grande-MS | Nova Campo Grande | Oportunidade - Próx. ao Aeroporto Internacional e Av. Amaro Castro Lima - Financiamento até 420 Meses! Endereço Completo Avenida 5, 393, Casa 01, Conjunto Multirresidencial 2 Irmãos, Bairro Nova Campo Grande, Campo Grande, MS, CEP: 79100000 Características do Imóvel: Descrição: Casa, Em condomínio, Ocupado, 1 vaga(s) de garagem. Área(s): 102,93 m2 de área construída, 102,93 m2 de área privativa. Matrícula(s): 142.586. Cartório: 2o CRI DE CAMPO GRANDE. Inscrição da Prefeitura: 11570010290. Tipo do Imóvel: Casa Status da Ocupação: Ocupado Aceita","R$ 163.200,00",421,superbid.net,Santander Oportunidades,2026-08-25,2026-08-25,11:09,,"Campo Grande - MS, Mato Grosso do Sul",https://www.superbid.net/evento/785342,https://www.superbid.net/oferta/casa-102m2-campo-grande-ms-nova-campo-grande-oportunidade-prox-ao-aeroporto-internacional-e-av-amaro-castro-lima-financiamento-ate-420-meses-4969637,https://ms.sbwebservices.net/photos/92c64b15-2bc6-4489-bfa1-b63c49f4ddb6.jpg,,,https://www.superbid.net/evento/785342,2026-08-25T04:08:56-03:00,api_superbid_ok,,,,,,,
Casa 446m² com Terreno 900m² | Campo Grande-MS | Vila Bandeirantes - Financiamento até 420 Meses!,"Casa 446m² com Terreno 900m² | Campo Grande-MS | Vila Bandeirantes - Financiamento até 420 Meses! Endereço Completo Avenida Joaquim Dornelas, 1103, Lt 12 Qd 19, Vila Bandeirantes, Campo Grande, MS, CEP: 79006420 Características do Imóvel: Descrição: Casa, Padrão, Ocupado. Área(s): 900 m2 de área terreno, 446,44 m2 de área construída. Matrícula(s): 33.981. Cartório: 2o CRI CAMPO GRANDE. Inscrição da Prefeitura: 04790070149. Tipo do Imóvel: Casa Status da Ocupação: Ocupado Aceita Visitação: Visitação indisponível Dossiê: 02.25436 Área Terreno: 900.0 m2 Matrícula: 33.981 Cartório de Registro: 2o ","R$ 1.176.975,45",422,superbid.net,Santander Oportunidades,2026-08-25,2026-08-25,11:09,,"Campo Grande - MS, Mato Grosso do Sul",https://www.superbid.net/evento/785342,https://www.superbid.net/oferta/casa-446m2-com-terreno-900m2-campo-grande-ms-vila-bandeirantes-financiamento-ate-420-meses-4967572,https://ms.sbwebservices.net/photos/58f5287a-5c64-4ff5-963f-c8df2a0fd3bc.jpg,,,https://www.superbid.net/evento/785342,2026-08-25T04:08:56-03:00,api_superbid_ok,,,,,,,
"Apto 129m² | Campo Grande-MS | Edifício Campo Grande | Centro - 2 Dorms, 1 Banheiro - Financiamento até 420 Meses!","Apto 129m² | Campo Grande-MS | Edifício Campo Grande | Centro - 2 Dorms, 1 Banheiro - Financiamento até 420 Meses! Endereço Completo Rua 13 De Junho, 677, Apto N°123 - Edifício Campo Grande, Centro, Campo Grande, MS, CEP: 79002430 Características do Imóvel: Descrição: Apartamento, Padrão, Ocupado. Área(s): 129,94 m2 de área construída, 129,94 m2 de área privativa, 24,47 m2 de área comum. Matrícula(s): 39.118. Cartório: 1o CRI CAMPO GRANDE. Inscrição da Prefeitura: 5450030998. Tipo do Imóvel: Apartamento Status da Ocupação: Ocupado Aceita Visitação: Visitação indisponível Dossiê: 02.27009 Área ","R$ 310.400,00",423,superbid.net,Santander Oportunidades,2026-08-25,2026-08-25,11:10,,"Campo Grande - MS, Mato Grosso do Sul",https://www.superbid.net/evento/785342,https://www.superbid.net/oferta/apto-129m2-campo-grande-ms-edificio-campo-grande-centro-2-dorms-1-banheiro-financiamento-ate-420-meses-4969664,https://ms.sbwebservices.net/photos/7090e362-a05e-433f-8d24-8e23bf2f75dc.jpg,,,https://www.superbid.net/evento/785342,2026-08-25T04:08:56-03:00,api_superbid_ok,,,,,,,
"Casa 179m² com Terreno 360m² | Campo Grande-MS | Vila Vilas Boas - 3 Dorms, 2 Banheiros - Financiamento até 420 Meses!","Casa 179m² com Terreno 360m² | Campo Grande-MS | Vila Vilas Boas - 3 Dorms, 2 Banheiros - Financiamento até 420 Meses! Endereço Completo Rua Epitácio Pessoa, 160, Vila Vilas Boas, Campo Grande, MS, CEP: 79051090 Características do Imóvel: Descrição: Casa, Padrão, Ocupado, 1 vaga(s) de garagem. Área(s): 360 m2 de área terreno, 179,95 m2 de área construída. Matrícula(s): 7.270. Cartório: 1o CRI DE CAMPO GRANDE. Inscrição da Prefeitura: 05980070010. Tipo do Imóvel: Casa Status da Ocupação: Ocupado Aceita Visitação: Visitação indisponível Dossiê: 02.25502 Área Terreno: 360.0 m2 Composição Interna/","R$ 475.200,00",424,superbid.net,Santander Oportunidades,2026-08-25,2026-08-25,11:10,,"Campo Grande - MS, Mato Grosso do Sul",https://www.superbid.net/evento/785342,https://www.superbid.net/oferta/casa-179m2-com-terreno-360m2-campo-grande-ms-vila-vilas-boas-3-dorms-2-banheiros-financiamento-ate-420-meses-4967584,https://ms.sbwebservices.net/photos/671259c8-ada7-4808-82a5-bceebfd77ed8.jpg,,,https://www.superbid.net/evento/785342,2026-08-25T04:08:56-03:00,api_superbid_ok,,,,,,,
"Casa 149m² com Terreno 432m² | Campo Grande-MS | Vila Marli - 3 Dorms, 2 Banheiros, 1 Vaga - Financiamento até 420 Meses!","Casa 149m² com Terreno 432m² | Campo Grande-MS | Vila Marli - 3 Dorms, 2 Banheiros, 1 Vaga - Financiamento até 420 Meses! Endereço Completo Rua Generoso Leite, 823, Vila Marli, Campo Grande, MS, CEP: 79117010 Características do Imóvel: Descrição: Casa, Padrão, Ocupado, 1 vaga(s) de garagem. Área(s): 432 m2 de área terreno, 149,45 m2 de área construída. Matrícula(s): 29.989. Cartório: 3 CRI CAMPO GRANDE. Inscrição da Prefeitura: 02320020061. Tipo do Imóvel: Casa Status da Ocupação: Ocupado Aceita Visitação: Visitação indisponível Dossiê: 02.25305 Área Terreno: 432.0 m2 Composição Interna/Vagas:","R$ 324.700,00",425,superbid.net,Santander Oportunidades,2026-08-25,2026-08-25,11:11,,"Campo Grande - MS, Mato Grosso do Sul",https://www.superbid.net/evento/785342,https://www.superbid.net/oferta/casa-149m2-com-terreno-432m2-campo-grande-ms-vila-marli-3-dorms-2-banheiros-1-vaga-financiamento-ate-420-meses-4967577,https://ms.sbwebservices.net/photos/4903e10a-008e-440d-b66a-17a0f732f59c.jpg,,,https://www.superbid.net/evento/785342,2026-08-25T04:08:56-03:00,api_superbid_ok,,,,,,,
Apto 69m² c/ 1 vaga | Campo Grande-MS | Residencial Anhanduy 7 | Aero Rancho V - 3 Dorms - Financiamento até 420 Meses!,"Apto 69m² c/ 1 vaga | Campo Grande-MS | Residencial Anhanduy 7 | Aero Rancho V - 3 Dorms - Financiamento até 420 Meses! Endereço Completo Rua Valdevino Bastos De Jesus, 43, Apartamento 103, Bloco O, Residencial Anhanduy 7, 1o Pavimento, Núcleo Habitacional Aero Rancho V, Campo Grande, MS, CEP: 79085103 Características do Imóvel: Descrição: Apartamento, Padrão, Ocupado, 1 vaga(s) de garagem. Área(s): 69,32 m2 de área construída, 69,32 m2 de área privativa, 5,14 m2 de área comum. Matrícula(s): 70.027. Cartório: 2o CRI DE CAMPO GRANDE. Inscrição da Prefeitura: 07560230138. Tipo do Imóvel: Apartam","R$ 107.952,00",426,superbid.net,Santander Oportunidades,2026-08-25,2026-08-25,11:11,,"Campo Grande - MS, Mato Grosso do Sul",https://www.superbid.net/evento/785342,https://www.superbid.net/oferta/apto-69m2-c-1-vaga-campo-grande-ms-residencial-anhanduy-7-aero-rancho-v-3-dorms-financiamento-ate-420-meses-4969691,https://ms.sbwebservices.net/photos/3e0b4f90-8fa3-4b83-89be-66f18a1d2e10.jpg,,,https://www.superbid.net/evento/785342,2026-08-25T04:08:56-03:00,api_superbid_ok,,,,,,,
"Casa 108m² | Campo Grande-MS | Jardim Jockey Club - Cond. Res. Oliva III - 3 Dorms, 2 Banheiros - Financiamento até 420 Meses!","Casa 108m² | Campo Grande-MS | Jardim Jockey Club - Cond. Res. Oliva III - 3 Dorms, 2 Banheiros - Financiamento até 420 Meses! Endereço Completo Rua Japão, 684, Casa 01, Condominio Residencial Oliva Iii, Jardim Jockey Club, Campo Grande, MS, CEP: 79080450 Características do Imóvel: Descrição: Casa, Em condomínio, Ocupado. Área(s): 108,45 m2 de área construída, 108,45 m2 de área privativa, 0,64 m2 de área comum. Matrícula(s): 155.243. Cartório: 2° CRI DE CAMPO GRANDE. Inscrição da Prefeitura: 5920040340. Tipo do Imóvel: Casa Status da Ocupação: Ocupado Aceita Visitação: Visitação indisponível D","R$ 410.550,00",427,superbid.net,Santander Oportunidades,2026-08-25,2026-08-25,11:12,,"Campo Grande - MS, Mato Grosso do Sul",https://www.superbid.net/evento/785342,https://www.superbid.net/oferta/casa-108m2-campo-grande-ms-jardim-jockey-club-cond-res-oliva-iii-3-dorms-2-banheiros-financiamento-ate-420-meses-4969667,https://ms.sbwebservices.net/photos/6413b1f7-9c00-480f-b8a5-6629744c01a2.jpg,,,https://www.superbid.net/evento/785342,2026-08-25T04:08:56-03:00,api_superbid_ok,,,,,,,
Casa 81m² com Terreno 180m² | Chapadão do Sul-MS | Res. Planalto | Oportunidade - Próx. à Av. Goiás e Hospital Municipal - Financiamento até 420 Meses!,"Casa 81m² com Terreno 180m² | Chapadão do Sul-MS | Res. Planalto | Oportunidade - Próx. à Av. Goiás e Hospital Municipal - Financiamento até 420 Meses! Endereço Completo Rua P3, 198, Casa 2 Do Condomínio Souza, Residencial Planalto, Chapadão Do Sul, MS, CEP: 79560000 Características do Imóvel: Descrição: Casa, Em condomínio, Ocupado. Área(s): 180,27 m2 de área terreno, 81,4 m2 de área construída. Matrícula(s): 21.129. Cartório: 1 CRI CHAPADÃO DO SUL. Inscrição da Prefeitura: 06.1.002.0226.001 / cadastro: 000020700. Tipo do Imóvel: Casa Status da Ocupação: Ocupado Aceita Visitação: Visitação in","R$ 136.800,00",428,superbid.net,Santander Oportunidades,2026-08-25,2026-08-25,11:12,,"Chapadão do Sul - MS, Mato Grosso do Sul",https://www.superbid.net/evento/785342,https://www.superbid.net/oferta/casa-81m2-com-terreno-180m2-chapadao-do-sul-ms-res-planalto-oportunidade-prox-a-av-goias-e-hospital-municipal-financiamento-ate-420-meses-4969603,https://ms.sbwebservices.net/photos/b51f0042-8179-42f7-82fc-5ce4ae1566a6.jpg,,,https://www.superbid.net/evento/785342,2026-08-25T04:08:56-03:00,api_superbid_ok,,,,,,,
Casa 177m² com Terreno 300m² || DESOCUPADA || Chapadão do Sul-MS | Jardim Caramuru - Amplo Terreno com 300m² - Financiamento até 420 Meses!,"Casa 177m² com Terreno 300m² || DESOCUPADA || Chapadão do Sul-MS | Jardim Caramuru - Amplo Terreno com 300m² - Financiamento até 420 Meses! Endereço Completo Rua Aquidauana, 1582, Loteamento Parque União - 3a Parte, Jardim Caramuru, Chapadão Do Sul, MS, CEP: 79806070 Características do Imóvel: Descrição: Casa, Padrão, Desocupado. Área(s): 300 m2 de área terreno, 177,39 m2 de área construída. Matrícula(s): 8.812. Cartório: 1° CRI DE CHAPADÃO DO SUL. Inscrição da Prefeitura: 01.3.033.0090.001. Tipo do Imóvel: Casa Status da Ocupação: Desocupado Aceita Visitação: Sim - Mediante disponibilidade de","R$ 529.740,00",429,superbid.net,Santander Oportunidades,2026-08-25,2026-08-25,11:13,,"Chapadão do Sul - MS, Mato Grosso do Sul",https://www.superbid.net/evento/785342,https://www.superbid.net/oferta/casa-177m2-com-terreno-300m2-desocupada-chapadao-do-sul-ms-jardim-caramuru-amplo-terreno-com-300m2-financiamento-ate-420-meses-4969622,https://ms.sbwebservices.net/photos/eb1b93bf-0e44-409a-91f1-f5c0ad8b946c.jpg,,,https://www.superbid.net/evento/785342,2026-08-25T04:08:56-03:00,api_superbid_ok,,,,,,,
Casa 75m² com Terreno 240m² | São Gabriel do Oeste-MS | São Cristóvão | Ótimo Preço - Próx. à Av. Mato Grosso do Sul e à Praça do Bairro - Financiamento até 420 Meses!,"Casa 75m² com Terreno 240m² | São Gabriel do Oeste-MS | São Cristóvão | Ótimo Preço - Próx. à Av. Mato Grosso do Sul e à Praça do Bairro - Financiamento até 420 Meses! Endereço Completo Rua Dos Pardais, 1443, Loteamento Jardim Dos Passaros Iii, Sao Cristovao, São Gabriel Do Oeste, MS, CEP: 79490000 Características do Imóvel: Descrição: Casa, Padrão, Ocupado. Área(s): 240 m2 de área terreno, 75,6 m2 de área construída. Matrícula(s): 17.005. Cartório: CRI DE SAO GABRIEL DO OESTE. Inscrição da Prefeitura: 012236. Tipo do Imóvel: Casa Status da Ocupação: Ocupado Aceita Visitação: Visitação indispo","R$ 117.574,20",430,superbid.net,Santander Oportunidades,2026-08-25,2026-08-25,11:13,,"São Gabriel do Oeste - MS, Mato Grosso do Sul",https://www.superbid.net/evento/785342,https://www.superbid.net/oferta/casa-75m2-com-terreno-240m2-sao-gabriel-do-oeste-ms-sao-cristovao-otimo-preco-prox-a-av-mato-grosso-do-sul-e-a-praca-do-bairro-financiamento-ate-420-meses-4969672,https://ms.sbwebservices.net/photos/6dceee4d-d10b-491f-9436-8ee22ebaaede.jpg,,,https://www.superbid.net/evento/785342,2026-08-25T04:08:56-03:00,api_superbid_ok,,,,,,,
"Casa 188m² com Terreno 281m² | Três Lagoas-MS | Jardim Das Acácias - 2 Dorms, 4 Banheiros - Financiamento até 420 Meses!","Casa 188m² com Terreno 281m² | Três Lagoas-MS | Jardim Das Acácias - 2 Dorms, 4 Banheiros - Financiamento até 420 Meses! Endereço Completo Rua Etelvino Custódio De Queiroz, S/N, Loteamento Jardim Atenas, Jardim Das Acácias, Três Lagoas, MS, CEP: 79645655 Características do Imóvel: Descrição: Casa, Padrão, Ocupado. Área(s): 281,25 m2 de área terreno, 188,88 m2 de área construída. Matrícula(s): 41.907. Cartório: 1 CRI TRÊS LAGOAS. Inscrição da Prefeitura: 315007002600026 / CAD 000047475. Tipo do Imóvel: Casa Status da Ocupação: Ocupado Aceita Visitação: Visitação indisponível Dossiê: 02.26103 Ár","R$ 258.300,00",431,superbid.net,Santander Oportunidades,2026-08-25,2026-08-25,11:14,,"Três Lagoas - MS, Mato Grosso do Sul",https://www.superbid.net/evento/785342,https://www.superbid.net/oferta/casa-188m2-com-terreno-281m2-tres-lagoas-ms-jardim-das-acacias-2-dorms-4-banheiros-financiamento-ate-420-meses-4969670,https://ms.sbwebservices.net/photos/b17d8595-755b-4b5c-b137-155e61aa2fc4.jpg,,,https://www.superbid.net/evento/785342,2026-08-25T04:08:56-03:00,api_superbid_ok,,,,,,,
Casa 101m² | Santa Helena de Goiás-GO | Cond. Res. Sousa | Bairro São Paulo - Financiamento até 420 Meses!,"Casa 101m² | Santa Helena de Goiás-GO | Cond. Res. Sousa | Bairro São Paulo - Financiamento até 420 Meses! Endereço Completo Rua Luzia Arantes De Freitas, 82, Condomínio Residencial Sousa Lote 9a, Quadra 23,, São Paulo, Santa Helena De Goiás, GO, CEP: 75920000 Características do Imóvel: Descrição: Casa, Em condomínio, Ocupado, 1 vaga(s) de garagem. Área(s): 170 m2 de área terreno, 101,89 m2 de área construída, 101,89 m2 de área privativa. Matrícula(s): 23.154. Cartório: 1o CRI SANTA HELENA DE GOIÁS. Inscrição da Prefeitura: 130006100941. Tipo do Imóvel: Casa Status da Ocupação: Ocupado Aceita ","R$ 169.404,30",432,superbid.net,Santander Oportunidades,2026-08-25,2026-08-25,11:14,,"Santa Helena de Goiás - GO, Goiás",https://www.superbid.net/evento/785342,https://www.superbid.net/oferta/casa-101m2-santa-helena-de-goias-go-cond-res-sousa-bairro-sao-paulo-financiamento-ate-420-meses-4969590,https://ms.sbwebservices.net/photos/91e7c6a0-87eb-44ec-82d2-779ae8c7fa2c.jpg,,,https://www.superbid.net/evento/785342,2026-08-25T04:08:56-03:00,api_superbid_ok,,,,,,,
Casa em Condomínio - 2 dormitórios | Rio Largo-AL | Cond. Nova Esperança - Frente para a Av. Eng. Corintho Campelo Paz - Somente à Vista!,"Casa em Condomínio - 2 dormitórios | Rio Largo-AL | Cond. Nova Esperança - Frente para a Av. Eng. Corintho Campelo Paz - Somente à Vista! Endereço Completo Rod Br.104, 07, Casa 07, Prefeito Antonio L De Souza, Rio Largo, AL, CEP: 57075440 Características do Imóvel: Descrição: Casa, Em condomínio, Ocupado. Área(s): 518,52 m2 de área terreno, 48,6 m2 de área construída, 48,6 m2 de área privativa. Matrícula(s): 28.159. Cartório: 1o CRI DE RIO LARGO. Inscrição da Prefeitura: 43918. Tipo do Imóvel: Casa Status da Ocupação: Ocupado Aceita Visitação: Visitação indisponível Dossiê: 02.20255 Área Priva","R$ 36.720,00",501,superbid.net,Santander Oportunidades,2026-08-25,2026-08-25,11:15,,"Rio Largo - AL, Alagoas",https://www.superbid.net/evento/785342,https://www.superbid.net/oferta/casa-em-condominio-2-dormitorios-rio-largo-al-cond-nova-esperanca-frente-para-a-av-eng-corintho-campelo-paz-somente-a-vista-4967504,https://ms.sbwebservices.net/photos/110cdf82-5853-4fc2-888c-6412513cad0d.jpg,,,https://www.superbid.net/evento/785342,2026-08-25T04:08:56-03:00,api_superbid_ok,,,,,,,
Casa em Condomínio 38m² com Terreno 43m² | Camaçari-BA | Cond Residencial Pereira - Phoc II - Excelente Oportunidade com 2 Quartos e Varanda - Somente à Vista!,"Casa em Condomínio 38m² com Terreno 43m² | Camaçari-BA | Cond Residencial Pereira - Phoc II - Excelente Oportunidade com 2 Quartos e Varanda - Somente à Vista! Endereço Completo Rua Bom Jardim, S/N, Casa 3 Do Condominio Residencial Pereira, Renascer- Phoc Ii, Camaçari, BA, CEP: 42804621 Características do Imóvel: Descrição: Casa, Em condomínio, Ocupado. Área(s): 43,57 m2 de área terreno, 38,25 m2 de área construída. Matrícula(s): 20.656. Cartório: 2 CRI CAMAÇARI. Inscrição da Prefeitura: 0002006091. Tipo do Imóvel: Casa Status da Ocupação: Ocupado Aceita Visitação: Visitação indisponível Dossi","R$ 25.600,00",502,superbid.net,Santander Oportunidades,2026-08-25,2026-08-25,11:15,,"Camaçari - BA, Bahia",https://www.superbid.net/evento/785342,https://www.superbid.net/oferta/casa-em-condominio-38m2-com-terreno-43m2-camacari-ba-cond-residencial-pereira-phoc-ii-excelente-oportunidade-com-2-quartos-e-varanda-somente-a-vista-4967535,https://ms.sbwebservices.net/photos/8f2dcbf7-1766-4ad7-9237-8a6c06483da8.jpg,,,https://www.superbid.net/evento/785342,2026-08-25T04:08:56-03:00,api_superbid_ok,,,,,,,
Casa 301m² com Terreno 1324m² | Camaçari-BA | Centro | Oportunidade Única - Próx. ao Boulevard Shopping Camaçari e Atacadão - Financiamento até 420 Meses!,"Casa 301m² com Terreno 1324m² | Camaçari-BA | Centro | Oportunidade Única - Próx. ao Boulevard Shopping Camaçari e Atacadão - Financiamento até 420 Meses! Endereço Completo Estrada Aquarius, S/N, Sítio No 07, Rua A (Interna), Centro, Camaçari, BA, CEP: 42843000 Características do Imóvel: Descrição: Casa, Padrão, Ocupado. Área(s): 1324 m2 de área terreno, 301 m2 de área construída. Matrícula(s): 4190. Cartório: 1CRI CAMAÇARI. Inscrição da Prefeitura: 055104. Tipo do Imóvel: Casa Status da Ocupação: Ocupado Aceita Visitação: Visitação indisponível Dossiê: 02.26526 Área Terreno: 1324.0 m2 Composi","R$ 703.800,00",503,superbid.net,Santander Oportunidades,2026-08-25,2026-08-25,11:16,,"Camaçari - BA, Bahia",https://www.superbid.net/evento/785342,https://www.superbid.net/oferta/casa-301m2-com-terreno-1324m2-camacari-ba-centro-oportunidade-unica-prox-ao-boulevard-shopping-camacari-e-atacadao-financiamento-ate-420-meses-4969644,https://ms.sbwebservices.net/photos/beeb3abf-999a-41ae-97e1-f67a3391de7d.jpg,,,https://www.superbid.net/evento/785342,2026-08-25T04:08:56-03:00,api_superbid_ok,,,,,,,
"Casa 243m² com Terreno 300m² | Camaçari-BA | Centro - Cond. Reserva Mundo Verde - 4 Dorms, 4 Banheiros, Piscina - Financiamento até 420 Meses!","Casa 243m² com Terreno 300m² | Camaçari-BA | Centro - Cond. Reserva Mundo Verde - 4 Dorms, 4 Banheiros, Piscina - Financiamento até 420 Meses! Endereço Completo Alameda Das Pitangueiras, S/N, Condominio Reserva Mundo Verde Lote 02a, Centro, Camaçari, BA, CEP: 42800970 Características do Imóvel: Descrição: Casa, Padrão, Ocupado. Área(s): 300 m2 de área terreno, 243,99 m2 de área construída. Matrícula(s): 50.822. Cartório: 1° CRI DE CAMAÇARI. Inscrição da Prefeitura: 67921. Tipo do Imóvel: Casa Status da Ocupação: Ocupado Aceita Visitação: Visitação indisponível Dossiê: 02.26441 Área Terreno: 30","R$ 632.700,00",504,superbid.net,Santander Oportunidades,2026-08-25,2026-08-25,11:16,,"Camaçari - BA, Bahia",https://www.superbid.net/evento/785342,https://www.superbid.net/oferta/casa-243m2-com-terreno-300m2-camacari-ba-centro-cond-reserva-mundo-verde-4-dorms-4-banheiros-piscina-financiamento-ate-420-meses-4969642,https://ms.sbwebservices.net/photos/525badac-f985-422f-80da-69d19160e3c4.jpg,,,https://www.superbid.net/evento/785342,2026-08-25T04:08:56-03:00,api_superbid_ok,,,,,,,
Apto 43m² | Feira de Santana-BA | Cond Princesa Do Sertão Ala Leste | Muchila - Apartamento de 2 Quartos - Somente à Vista!,"Apto 43m² | Feira de Santana-BA | Cond Princesa Do Sertão Ala Leste | Muchila - Apartamento de 2 Quartos - Somente à Vista! Endereço Completo Rua Doutor Macário Cerqueira, 3001, Apto 101, Bloco 1 Cond Princesa Do Sertão Ala Leste, Muchila, Feira De Santana, BA, CEP: 44005000 Características do Imóvel: Descrição: Apartamento, Padrão, Ocupado. Área(s): 43,89 m2 de área construída, 43,89 m2 de área privativa, 3,73 m2 de área comum. Matrícula(s): 27.391. Cartório: 2 CRI FEIRA DE SANTANA. Inscrição da Prefeitura: 205.711-5. Tipo do Imóvel: Apartamento Status da Ocupação: Ocupado Aceita Visitação: V","R$ 55.680,00",505,superbid.net,Santander Oportunidades,2026-08-25,2026-08-25,11:17,,"Feira de Santana - BA, Bahia",https://www.superbid.net/evento/785342,https://www.superbid.net/oferta/apto-43m2-feira-de-santana-ba-cond-princesa-do-sertao-ala-leste-muchila-apartamento-de-2-quartos-somente-a-vista-4969633,https://ms.sbwebservices.net/photos/b551d242-86ad-4147-b1d1-7cded861659f.jpg,,,https://www.superbid.net/evento/785342,2026-08-25T04:08:56-03:00,api_superbid_ok,,,,,,,
Casa 68m² com Terreno 120m² | Feira de Santana-BA | Jardim Cruzeiro | Oportunidade - Próx. à Av. Transnordestina e ao Hospital da Mulher - Financiamento até 420 Meses!,"Casa 68m² com Terreno 120m² | Feira de Santana-BA | Jardim Cruzeiro | Oportunidade - Próx. à Av. Transnordestina e ao Hospital da Mulher - Financiamento até 420 Meses! Endereço Completo Rua Petrolina, 71, Jardim Cruzeiro, Feira De Santana, BA, CEP: 44024084 Características do Imóvel: Descrição: Casa, Padrão, Ocupado. Área(s): 120 m2 de área terreno, 68,5 m2 de área construída. Matrícula(s): 103.579. Cartório: 1 CRI FEIRA DE SANTANA. Inscrição da Prefeitura: 01.06.004.1196.001. Tipo do Imóvel: Casa Status da Ocupação: Ocupado Aceita Visitação: Visitação indisponível Dossiê: 02.24642 Área Terren","R$ 117.600,00",506,superbid.net,Santander Oportunidades,2026-08-25,2026-08-25,11:17,,"Feira de Santana - BA, Bahia",https://www.superbid.net/evento/785342,https://www.superbid.net/oferta/casa-68m2-com-terreno-120m2-feira-de-santana-ba-jardim-cruzeiro-oportunidade-prox-a-av-transnordestina-e-ao-hospital-da-mulher-financiamento-ate-420-meses-4967563,https://ms.sbwebservices.net/photos/b0b0f758-5ce1-40bb-ab4d-9395dbb38e73.jpg,,,https://www.superbid.net/evento/785342,2026-08-25T04:08:56-03:00,api_superbid_ok,,,,,,,
Apto 45m² | Salvador-BA | Vale dos Lagos | Canabrava | Oportunidade Incrível - Próx. à Av. Luís Viana Filho (Paralela) e à UNIFACS Campus Paralela - Somente à Vista!,"Apto 45m² | Salvador-BA | Vale dos Lagos | Canabrava | Oportunidade Incrível - Próx. à Av. Luís Viana Filho (Paralela) e à UNIFACS Campus Paralela - Somente à Vista! Endereço Completo Rua Professor Milton Santos, 281, Vale Dos Lagos Apto 03 - Bloco 09, Canabrava, Salvador, BA, CEP: 41250441 Características do Imóvel: Descrição: Apartamento, Padrão, Ocupado. Área(s): 50,51 de área terreno, 45,42 de área construída, 45,42 de área privativa, 5,09 de área comum. Matrícula(s): 27.648. Cartório: 2o CRI SALVADOR. Inscrição da Prefeitura: 315930-2. Tipo do Imóvel: Apartamento Status da Ocupação: Ocupa","R$ 48.000,00",507,superbid.net,Santander Oportunidades,2026-08-25,2026-08-25,11:18,,"Salvador - BA, Bahia",https://www.superbid.net/evento/785342,https://www.superbid.net/oferta/apto-45m2-salvador-ba-vale-dos-lagos-canabrava-oportunidade-incrivel-prox-a-av-luis-viana-filho-paralela-e-a-unifacs-campus-paralela-somente-a-vista-4967510,https://ms.sbwebservices.net/photos/15be2186-0477-440d-b8ab-2173cc1c2310.jpg,,,https://www.superbid.net/evento/785342,2026-08-25T04:08:56-03:00,api_superbid_ok,,,,,,,
"Apto 65m² | Salvador-BA | Edifício Cajaíba | Brotas - 2 Dormitórios, 2 Banheiros e 1 Vaga - Financiamento até 420 Meses!","Apto 65m² | Salvador-BA | Edifício Cajaíba | Brotas - 2 Dormitórios, 2 Banheiros e 1 Vaga - Financiamento até 420 Meses! Endereço Completo Rua Miguel Gustavo, 576, Apto 903, Vaga De Garagem N039, Edificio Cajaiba, Brotas, Salvador, BA, CEP: 40285010 Características do Imóvel: Descrição: Apartamento, Padrão, Ocupado, 1 vaga(s) de garagem. Área(s): 65,46 m2 de área privativa, 21,35 m2 de área comum. Matrícula(s): 56.387. Cartório: 3 CRI SALVADOR. Inscrição da Prefeitura: 412497-9. Tipo do Imóvel: Apartamento Status da Ocupação: Ocupado Aceita Visitação: Visitação indisponível Dossiê: 02.16498 Ár","R$ 191.350,00",508,superbid.net,Santander Oportunidades,2026-08-25,2026-08-25,11:18,,"Salvador - BA, Bahia",https://www.superbid.net/evento/785342,https://www.superbid.net/oferta/apto-65m2-salvador-ba-edificio-cajaiba-brotas-2-dormitorios-2-banheiros-e-1-vaga-financiamento-ate-420-meses-4967529,https://ms.sbwebservices.net/photos/db0a4cda-c06a-468f-a8f9-d1bc3194d7d4.jpg,,,https://www.superbid.net/evento/785342,2026-08-25T04:08:56-03:00,api_superbid_ok,,,,,,,
"Apto 58m² | Salvador-BA | Edifício Visconde de Pirajá | Rio Vermelho - Próximo à Praia do Buracão, Praia de Amaralina e Largo da Mariquita - Financiamento até 420 Meses!","Apto 58m² | Salvador-BA | Edifício Visconde de Pirajá | Rio Vermelho - Próximo à Praia do Buracão, Praia de Amaralina e Largo da Mariquita - Financiamento até 420 Meses! Endereço Completo Rua Rogerio De Faria, 166, Apto. 702, Edificio Visconde De Piraja, Integrante Do Cond. Res. Barao Do Rio Vermelho, Rio Vermelho, Salvador, BA, CEP: 41940300 Características do Imóvel: Descrição: Apartamento, Padrão, Ocupado. Área(s): 58,13 m2 de área construída, 58,13 m2 de área privativa, 7,86 m2 de área comum. Matrícula(s): 13.024. Cartório: 6o CRI DE SALVADOR. Inscrição da Prefeitura: 180589-4. Tipo do Imó","R$ 163.840,00",509,superbid.net,Santander Oportunidades,2026-08-25,2026-08-25,11:19,,"Salvador - BA, Bahia",https://www.superbid.net/evento/785342,https://www.superbid.net/oferta/apto-58m2-salvador-ba-edificio-visconde-de-piraja-rio-vermelho-proximo-a-praia-do-buracao-praia-de-amaralina-e-largo-da-mariquita-financiamento-ate-420-meses-4967554,https://ms.sbwebservices.net/photos/5fa98e47-6e72-4e26-852a-43a8eec157b8.jpg,,,https://www.superbid.net/evento/785342,2026-08-25T04:08:56-03:00,api_superbid_ok,,,,,,,
Casa 86m² com Terreno 225m² | DESOCUPADA | Fortaleza-CE | Guajeru | Oportunidade - Próx. à Av. Washington Soares e à Ypióca Parque - Financiamento até 420 Meses!,"Casa 86m² com Terreno 225m² | DESOCUPADA | Fortaleza-CE | Guajeru | Oportunidade - Próx. à Av. Washington Soares e à Ypióca Parque - Financiamento até 420 Meses! Endereço Completo Travessa Antônio Magalhães, 436, Guajeru, Fortaleza, CE, CEP: 60843057 Características do Imóvel: Descrição: Casa, Padrão, Desocupado. Área(s): 225,5 m2 de área terreno, 86,3 m2 de área construída, 86,3 m2 de área privativa. Matrícula(s): 46.542. Cartório: 1 CRI DE FORTALEZA. Inscrição da Prefeitura: 356450-9 (ISENTO). Tipo do Imóvel: Casa Status da Ocupação: Desocupado Aceita Visitação: Sim - Mediante disponibilidad","R$ 157.500,00",511,superbid.net,Santander Oportunidades,2026-08-25,2026-08-25,11:19,,"Fortaleza - CE, Ceará",https://www.superbid.net/evento/785342,https://www.superbid.net/oferta/casa-86m2-com-terreno-225m2-desocupada-fortaleza-ce-guajeru-oportunidade-prox-a-av-washington-soares-e-a-ypioca-parque-financiamento-ate-420-meses-4967525,https://ms.sbwebservices.net/photos/edfcf1a2-d1ad-44e3-a643-923aa4799d96.jpg,,,https://www.superbid.net/evento/785342,2026-08-25T04:08:56-03:00,api_superbid_ok,,,,,,,
"Casa 90m² com Terreno 148m² | Juazeiro do Norte-CE | Aeroporto - 3 Dorms, Piscina, Varanda, Lavabo - Próximo ao Aeroporto de Juazeiro do Norte - Financiamento até 420 Meses!","Casa 90m² com Terreno 148m² | Juazeiro do Norte-CE | Aeroporto - 3 Dorms, Piscina, Varanda, Lavabo - Próximo ao Aeroporto de Juazeiro do Norte - Financiamento até 420 Meses! Endereço Completo Rua Joel Lobo De Brito, 232, Aeroporto, Juazeiro Do Norte, CE, CEP: 63021237 Características do Imóvel: Descrição: Casa, Padrão, Ocupado. Área(s): 148,75 m2 de área terreno, 90,06 m2 de área construída. Matrícula(s): 14.601. Cartório: 5o CRI JUAZEIRO DO NORTE. Inscrição da Prefeitura: 0001035224. Tipo do Imóvel: Casa Status da Ocupação: Ocupado Aceita Visitação: Visitação indisponível Dossiê: 02.25360 Áre","R$ 178.500,00",512,superbid.net,Santander Oportunidades,2026-08-25,2026-08-25,11:20,,"Juazeiro do Norte - CE, Ceará",https://www.superbid.net/evento/785342,https://www.superbid.net/oferta/casa-90m2-com-terreno-148m2-juazeiro-do-norte-ce-aeroporto-3-dorms-piscina-varanda-lavabo-proximo-ao-aeroporto-de-juazeiro-do-norte-financiamento-ate-420-meses-4967561,https://ms.sbwebservices.net/photos/b4b51b6a-9a3e-4547-bfb3-968f6b0b6644.jpg,,,https://www.superbid.net/evento/785342,2026-08-25T04:08:56-03:00,api_superbid_ok,,,,,,,
Casa 120m² com Terreno 187m² | Juazeiro do Norte-CE | Campo Alegre | Oportunidade - Próx. à Av. Padre Cícero e Cariri Shopping - Financiamento até 420 Meses!,"Casa 120m² com Terreno 187m² | Juazeiro do Norte-CE | Campo Alegre | Oportunidade - Próx. à Av. Padre Cícero e Cariri Shopping - Financiamento até 420 Meses! Endereço Completo Rua Hidelgido Lopes De Andrade, 184, Loteamento Green Park, Campo Alegre, Juazeiro Do Norte, CE, CEP: 63049386 Características do Imóvel: Descrição: Casa, Padrão, Ocupado. Área(s): 187,5 m2 de área terreno, 120,43 m2 de área construída. Matrícula(s): 25.585. Cartório: 5o CRI JUAZEIRO DO NORTE. Inscrição da Prefeitura: 0001034977. Tipo do Imóvel: Casa Status da Ocupação: Ocupado Aceita Visitação: Visitação indisponível Do","R$ 122.400,00",513,superbid.net,Santander Oportunidades,2026-08-25,2026-08-25,11:20,,"Juazeiro do Norte - CE, Ceará",https://www.superbid.net/evento/785342,https://www.superbid.net/oferta/casa-120m2-com-terreno-187m2-juazeiro-do-norte-ce-campo-alegre-oportunidade-prox-a-av-padre-cicero-e-cariri-shopping-financiamento-ate-420-meses-4969663,https://ms.sbwebservices.net/photos/4cab5474-dfe4-4b8f-996c-f9170a33dad5.jpg,,,https://www.superbid.net/evento/785342,2026-08-25T04:08:56-03:00,api_superbid_ok,,,,,,,
"Casa 256m² com Terreno 250m² | Mauriti-CE | Loteamento Cajueiro - 2 Dorms, 2 Banheiros, 1 Vaga - Financiamento até 420 Meses!","Casa 256m² com Terreno 250m² | Mauriti-CE | Loteamento Cajueiro - 2 Dorms, 2 Banheiros, 1 Vaga - Financiamento até 420 Meses! Endereço Completo Rua Projetada 01, S/N, Loteamento Cajueiro, Mauriti, CE, CEP: 63210000 Características do Imóvel: Descrição: Casa, Padrão, Ocupado, 1 vaga(s) de garagem. Área(s): 250 m2 de área terreno, 256,75 m2 de área construída. Matrícula(s): 5.434. Cartório: 2 CRI DE MAURITI. Inscrição da Prefeitura: 45501. Tipo do Imóvel: Casa Status da Ocupação: Ocupado Aceita Visitação: Visitação indisponível Dossiê: 02.24641 Área Terreno: 250.0 m2 Composição Interna/Vagas: Do","R$ 222.481,80",514,superbid.net,Santander Oportunidades,2026-08-25,2026-08-25,11:21,,"Mauriti - CE, Ceará",https://www.superbid.net/evento/785342,https://www.superbid.net/oferta/casa-256m2-com-terreno-250m2-mauriti-ce-loteamento-cajueiro-2-dorms-2-banheiros-1-vaga-financiamento-ate-420-meses-4969656,https://ms.sbwebservices.net/photos/26e2c5f0-9347-4081-8e1f-c6903ab1f423.jpg,,,https://www.superbid.net/evento/785342,2026-08-25T04:08:56-03:00,api_superbid_ok,,,,,,,
Casa 75m² com Terreno 135m² | Missão Velha-CE | Conquista Aeroporto | Oportunidade com Vaga - Próx. à Av. Coronel José Dantas e ao Centro - Financiamento até 420 Meses!,"Casa 75m² com Terreno 135m² | Missão Velha-CE | Conquista Aeroporto | Oportunidade com Vaga - Próx. à Av. Coronel José Dantas e ao Centro - Financiamento até 420 Meses! Endereço Completo Rua Gessi Maciel Lopes, 314, Loteamento Conquista Aeroporto, Missão Velha, CE, CEP: 63200970 Características do Imóvel: Descrição: Casa, Padrão, Ocupado, 1 vaga(s) de garagem. Área(s): 135,39 m2 de área terreno, 75,13 m2 de área construída. Matrícula(s): 3.916. Cartório: 2o CRI MISSÃO VELHA. Inscrição da Prefeitura: 01.01.0218.0129.0000 / 125120. Tipo do Imóvel: Casa Status da Ocupação: Ocupado Aceita Visitaçã","R$ 105.257,15",515,superbid.net,Santander Oportunidades,2026-08-25,2026-08-25,11:21,,"Missão Velha - CE, Ceará",https://www.superbid.net/evento/785342,https://www.superbid.net/oferta/casa-75m2-com-terreno-135m2-missao-velha-ce-conquista-aeroporto-oportunidade-com-vaga-prox-a-av-coronel-jose-dantas-e-ao-centro-financiamento-ate-420-meses-4967502,https://ms.sbwebservices.net/photos/77556546-4178-4945-843b-98da51965199.jpg,,,https://www.superbid.net/evento/785342,2026-08-25T04:08:56-03:00,api_superbid_ok,,,,,,,
Casa 42m² com Terreno 250m² | Caxias-MA | Teso Duro - 2 Dormitórios e Amplo Terreno - Financiamento a partir de R$ 90mil,"Casa 42m² com Terreno 250m² | Caxias-MA | Teso Duro - 2 Dormitórios e Amplo Terreno - Financiamento a partir de R$ 90mil Endereço Completo Avenida 15 De Novembro, 05, Loteamento Residencial Eugenio Coutinho, Teso Duro, Caxias, MA, CEP: 65604520 Características do Imóvel: Descrição: Casa, Padrão, Ocupado. Área(s): 250 m2 de área terreno, 42,22 m2 de área construída. Matrícula(s): 17.082. Cartório: 1 CRI DE CAXIAS. Inscrição da Prefeitura: 000031676. Tipo do Imóvel: Casa Status da Ocupação: Ocupado Aceita Visitação: Visitação indisponível Dossiê: 02.24981 Área Terreno: 250.0 m2 Composição Intern","R$ 62.701,60",516,superbid.net,Santander Oportunidades,2026-08-25,2026-08-25,11:22,,"Caxias - MA, Maranhão",https://www.superbid.net/evento/785342,https://www.superbid.net/oferta/casa-42m2-com-terreno-250m2-caxias-ma-teso-duro-2-dormitorios-e-amplo-terreno-financiamento-a-partir-de-r-90mil-4967574,https://ms.sbwebservices.net/photos/552265fd-086b-4483-bc0a-9be3f406cd7c.jpg,,,https://www.superbid.net/evento/785342,2026-08-25T04:08:56-03:00,api_superbid_ok,,,,,,,
Casa com Amplo Terreno 2010m² | Cidelândia-MA | Centro | Oportunidade Única - Próx. à Praça Neto Teixeira e Avenida JK - Financiamento até 420 Meses!,"Casa com Amplo Terreno 2010m² | Cidelândia-MA | Centro | Oportunidade Única - Próx. à Praça Neto Teixeira e Avenida JK - Financiamento até 420 Meses! Endereço Completo Avenida Senador Henrique De La Roque, 817, Centro, Cidelândia, MA, CEP: 65921000 Características do Imóvel: Descrição: Casa, Padrão, Ocupado. Área(s): 2010,25 m2 de área terreno. Matrícula(s): 01.922. Cartório: 1o CRI DE CIDELÂNDIA. Inscrição da Prefeitura: 000030. Tipo do Imóvel: Casa Status da Ocupação: Ocupado Aceita Visitação: Visitação indisponível Dossiê: 02.26968 Área Terreno: 2010.25 m2 Composição Interna/Vagas: Dormitór","R$ 376.200,00",517,superbid.net,Santander Oportunidades,2026-08-25,2026-08-25,11:22,,"Cidelândia - MA, Maranhão",https://www.superbid.net/evento/785342,https://www.superbid.net/oferta/casa-com-amplo-terreno-2010m2-cidelandia-ma-centro-oportunidade-unica-prox-a-praca-neto-teixeira-e-avenida-jk-financiamento-ate-420-meses-4967550,https://ms.sbwebservices.net/photos/9427c07b-148f-4a25-b3c1-cce81eadf1c8.jpg,,,https://www.superbid.net/evento/785342,2026-08-25T04:08:56-03:00,api_superbid_ok,,,,,,,
Casa 144m² com Terreno 201m² | Imperatriz-MA | Juçara | 3 Qts - Próx. ao Hospital Regional de Imperatriz e Av. Dorgival Pinheiro de Sousa - Financiamento até 420 Meses!,"Casa 144m² com Terreno 201m² | Imperatriz-MA | Juçara | 3 Qts - Próx. ao Hospital Regional de Imperatriz e Av. Dorgival Pinheiro de Sousa - Financiamento até 420 Meses! Endereço Completo Rua Nh, 215, Unidade 01, Zona 01, Juçara, Imperatriz, MA, CEP: 65900580 Características do Imóvel: Descrição: Casa, Padrão, Ocupado, 1 vaga(s) de garagem. Área(s): 201,37 m2 de área terreno, 144,56 m2 de área construída. Matrícula(s): 29.872. Cartório: 6o CRI IMPERATRIZ. Inscrição da Prefeitura: 10.01.164.0086.000. Tipo do Imóvel: Casa Status da Ocupação: Ocupado Aceita Visitação: Visitação indisponível Dossiê","R$ 249.600,00",518,superbid.net,Santander Oportunidades,2026-08-25,2026-08-25,11:23,,"Imperatriz - MA, Maranhão",https://www.superbid.net/evento/785342,https://www.superbid.net/oferta/casa-144m2-com-terreno-201m2-imperatriz-ma-jucara-3-qts-prox-ao-hospital-regional-de-imperatriz-e-av-dorgival-pinheiro-de-sousa-financiamento-ate-420-meses-4967562,https://ms.sbwebservices.net/photos/644717b2-33c8-4155-9809-b382556bd7e2.jpg,,,https://www.superbid.net/evento/785342,2026-08-25T04:08:56-03:00,api_superbid_ok,,,,,,,
"Casa 288m² com Terreno 231m² | Patos-PB | Jatobá - 4 Dorms, 4 Banheiros, 1 Vaga - Financiamento até 420 Meses!","Casa 288m² com Terreno 231m² | Patos-PB | Jatobá - 4 Dorms, 4 Banheiros, 1 Vaga - Financiamento até 420 Meses! Endereço Completo Rua Padre Francisco Paulo Licarião, 965, Lot Jardim Cel. Miguel Satyro I, Jatobá, Patos, PB, CEP: 58707300 Características do Imóvel: Descrição: Casa, Padrão, Ocupado, 1 vaga(s) de garagem. Área(s): 231 m2 de área terreno, 288,65 m2 de área construída. Matrícula(s): 66.212. Cartório: 1° CRI DE PATOS. Inscrição da Prefeitura: 31.003.108.0026.000.0. Tipo do Imóvel: Casa Status da Ocupação: Ocupado Aceita Visitação: Visitação indisponível Dossiê: 02.22923 Área Terreno: ","R$ 377.149,50",519,superbid.net,Santander Oportunidades,2026-08-25,2026-08-25,11:23,,"Patos - PB, Paraíba",https://www.superbid.net/evento/785342,https://www.superbid.net/oferta/casa-288m2-com-terreno-231m2-patos-pb-jatoba-4-dorms-4-banheiros-1-vaga-financiamento-ate-420-meses-4967503,https://ms.sbwebservices.net/photos/535244d5-a9a1-4651-a9ac-3bd2485b55b9.jpg,,,https://www.superbid.net/evento/785342,2026-08-25T04:08:56-03:00,api_superbid_ok,,,,,,,
Casa 121m² com Terreno 198m² | Caruaru-PE | Kennedy - Financiamento até 420 Meses!,"Casa 121m² com Terreno 198m² | Caruaru-PE | Kennedy - Financiamento até 420 Meses! Endereço Completo Rua Manoel Nunes Filho, 364, Kennedy, Caruaru, PE, CEP: 55024320 Características do Imóvel: Descrição: Casa, Padrão, Ocupado. Área(s): 198 m2 de área terreno, 121,12 m2 de área construída. Matrícula(s): 4.191. Cartório: 1o CRI CARUARU. Inscrição da Prefeitura: 1.60.066.04.0152.0000.0001 SEQ: 97967. Tipo do Imóvel: Casa Status da Ocupação: Ocupado Aceita Visitação: Visitação indisponível Dossiê: 02.26595 Área Terreno: 198.0 m2 Composição Interna/Vagas: Dormitórios: 3, Banheiros: 2, Salas: 2, Coz","R$ 164.900,00",521,superbid.net,Santander Oportunidades,2026-08-25,2026-08-25,11:24,,"Caruaru - PE, Pernambuco",https://www.superbid.net/evento/785342,https://www.superbid.net/oferta/casa-121m2-com-terreno-198m2-caruaru-pe-kennedy-financiamento-ate-420-meses-4967547,https://ms.sbwebservices.net/photos/b7665994-8d9a-4f99-b531-bff615375a89.jpg,,,https://www.superbid.net/evento/785342,2026-08-25T04:08:56-03:00,api_superbid_ok,,,,,,,
Casa 71m² em Condomínio | Gravatá-PE | Boa Vista | Oportunidade com Vaga - Próx. à BR-232 e ao Parque da Cidade - Financiamento até 420 Meses!,"Casa 71m² em Condomínio | Gravatá-PE | Boa Vista | Oportunidade com Vaga - Próx. à BR-232 e ao Parque da Cidade - Financiamento até 420 Meses! Endereço Completo Rua Jose Luis Da Silva, 137, Flat 6 Duplex Do Condomínio Privê Nossa Senhora Da Conceição, Boa Vista, Gravatá, PE, CEP: 55642135 Características do Imóvel: Descrição: Casa, Em condomínio, Ocupado, 1 vaga(s) de garagem. Área(s): 71,05 m2 de área construída, 71,05 m2 de área privativa. Matrícula(s): 30.348. Cartório: 1° CRI GRAVATÁ. Inscrição da Prefeitura: 01.02.074.01.0268.006. Tipo do Imóvel: Casa Status da Ocupação: Ocupado Aceita Vi","R$ 78.120,00",523,superbid.net,Santander Oportunidades,2026-08-25,2026-08-25,11:24,,"Gravatá - PE, Pernambuco",https://www.superbid.net/evento/785342,https://www.superbid.net/oferta/casa-71m2-em-condominio-gravata-pe-boa-vista-oportunidade-com-vaga-prox-a-br-232-e-ao-parque-da-cidade-financiamento-ate-420-meses-4967499,https://ms.sbwebservices.net/photos/7251d68a-95f6-465f-a154-16c0638f15fc.jpg,,,https://www.superbid.net/evento/785342,2026-08-25T04:08:56-03:00,api_superbid_ok,,,,,,,
Apto 52m² | Ilha de Itamaracá-PE | Lance dos Cações | 2 Qts Frente Mar - Próx. à Praia do Sossego - Financiamento a partir de R$ 90mil,"Apto 52m² | Ilha de Itamaracá-PE | Lance dos Cações | 2 Qts Frente Mar - Próx. à Praia do Sossego - Financiamento a partir de R$ 90mil Endereço Completo Avenida Beira Mar, S/N, Apto 07, Lot. Praia Do Sossego Ii, Parte Do Lote 1, Lance Dos Cações, Ilha De Itamaraca, PE, CEP: 53900000 Características do Imóvel: Descrição: Apartamento, Padrão, Ocupado. Área(s): 52,42 m2 de área construída, 52,42 m2 de área privativa. Matrícula(s): 11.830. Cartório: 1 CRI DE ILHA DE ITAMARACÁ. Inscrição da Prefeitura: 1.4005.467.02.0175.007. Tipo do Imóvel: Apartamento Status da Ocupação: Ocupado Aceita Visitação:","R$ 75.600,00",524,superbid.net,Santander Oportunidades,2026-08-25,2026-08-25,11:25,,"Ilha de Itamaracá - PE, Pernambuco",https://www.superbid.net/evento/785342,https://www.superbid.net/oferta/apto-52m2-ilha-de-itamaraca-pe-lance-dos-cacoes-2-qts-frente-mar-prox-a-praia-do-sossego-financiamento-a-partir-de-r-90mil-4967517,https://ms.sbwebservices.net/photos/c6e4e065-5a33-4fc2-9788-284d4fdfce2c.jpg,,,https://www.superbid.net/evento/785342,2026-08-25T04:08:56-03:00,api_superbid_ok,,,,,,,
Apto 39m² | Ipojuca-PE | Edificio Mar e Sol | Merepe - 1 Dormitório e 1 Vaga - Financiamento até 420 Meses!,"Apto 39m² | Ipojuca-PE | Edificio Mar e Sol | Merepe - 1 Dormitório e 1 Vaga - Financiamento até 420 Meses! Endereço Completo Rua Babaçu, S/N, Apartamento 203 Do Edificio Mar E Sol, Merepe, Ipojuca, PE, CEP: 55593054 Características do Imóvel: Descrição: Apartamento, Padrão, Ocupado, 1 vaga(s) de garagem. Área(s): 39,45 m2 de área construída, 39,45 m2 de área privativa, 20,4 m2 de área comum. Matrícula(s): 11.419. Cartório: 1 CRI IPOJUCA. Inscrição da Prefeitura: 4.0001.022.02.0254.0019.6 / SEQ 10158987. Tipo do Imóvel: Apartamento Status da Ocupação: Ocupado Aceita Visitação: Visitação indisp","R$ 169.800,00",525,superbid.net,Santander Oportunidades,2026-08-25,2026-08-25,11:25,,"Ipojuca - PE, Pernambuco",https://www.superbid.net/evento/785342,https://www.superbid.net/oferta/apto-39m2-ipojuca-pe-edificio-mar-e-sol-merepe-1-dormitorio-e-1-vaga-financiamento-ate-420-meses-4969688,https://ms.sbwebservices.net/photos/67c92e21-e487-4915-a5f4-113915f1186d.jpg,,,https://www.superbid.net/evento/785342,2026-08-25T04:08:56-03:00,api_superbid_ok,,,,,,,
"Casa 257m² com Terreno 225m² | Lagoa do Carro-PE | Bosque de Santana - 3 Dorms, Piscina e 2 Vagas - Financiamento até 420 Meses!","Casa 257m² com Terreno 225m² | Lagoa do Carro-PE | Bosque de Santana - 3 Dorms, Piscina e 2 Vagas - Financiamento até 420 Meses! Endereço Completo Rua Sete, S/N, Bosque De Santana, Lagoa Do Carro, PE, CEP: 55820000 Características do Imóvel: Descrição: Casa, Padrão, Ocupado, 2 vaga(s) de garagem. Área(s): 225 m2 de área total, 225 m2 de área terreno, 257,28 m2 de área construída. Matrícula(s): 17.550. Cartório: 1 CRI DE CARPINA. Inscrição da Prefeitura: 01040170150001-CASA. Tipo do Imóvel: Casa Status da Ocupação: Ocupado Aceita Visitação: Visitação indisponível Dossiê: 02.10367 Área Total: 22","R$ 195.160,00",526,superbid.net,Santander Oportunidades,2026-08-25,2026-08-25,11:26,,"Lagoa do Carro - PE, Pernambuco",https://www.superbid.net/evento/785342,https://www.superbid.net/oferta/casa-257m2-com-terreno-225m2-lagoa-do-carro-pe-bosque-de-santana-3-dorms-piscina-e-2-vagas-financiamento-ate-420-meses-4967512,https://ms.sbwebservices.net/photos/4c2841dc-f442-4f9e-8065-39f0c6b65eb0.jpg,,,https://www.superbid.net/evento/785342,2026-08-25T04:08:56-03:00,api_superbid_ok,,,,,,,
"Casa 41m² com Terreno 53m² | Olinda-PE | Jardim Atlântico - Res. Castro Alves - 2 Dorms, 1 Vaga - Financiamento até 420 Meses!","Casa 41m² com Terreno 53m² | Olinda-PE | Jardim Atlântico - Res. Castro Alves - 2 Dorms, 1 Vaga - Financiamento até 420 Meses! Endereço Completo R. Castro Alves, 120, Cs Res 103 - Residencial Castro Alves, Jardim Atlantico, Olinda, PE, CEP: 53060395 Características do Imóvel: Descrição: Casa, Em condomínio, Ocupado, 1 vaga(s) de garagem. Área(s): 53,54 m2 de área terreno, 41,13 m2 de área construída, 41,13 m2 de área privativa, 12,41 m2 de área comum. Matrícula(s): 49.560. Cartório: 1° CRI DE OLINDA. Inscrição da Prefeitura: 1.1015.236.04.0030.0007.1 Sequencial: 1.146056.3. Tipo do Imóvel: Cas","R$ 71.400,00",527,superbid.net,Santander Oportunidades,2026-08-25,2026-08-25,11:26,,"Olinda - PE, Pernambuco",https://www.superbid.net/evento/785342,https://www.superbid.net/oferta/casa-41m2-com-terreno-53m2-olinda-pe-jardim-atlantico-res-castro-alves-2-dorms-1-vaga-financiamento-ate-420-meses-4969597,https://ms.sbwebservices.net/photos/53f0a712-0c5a-4153-8b2b-960593d88838.jpg,,,https://www.superbid.net/evento/785342,2026-08-25T04:08:56-03:00,api_superbid_ok,,,,,,,
Casa 91m² com Terreno 120m² | Ouricuri/PE | Canacuí - Próximo ao centro e a Rod. Cap. Pedro Teixeira - Financiamento até 420 Meses!,"Casa 91m² com Terreno 120m² | Ouricuri/PE | Canacuí - Próximo ao centro e a Rod. Cap. Pedro Teixeira - Financiamento até 420 Meses! Endereço Completo Rua João Castor Falcão, 111, Canacuí, Ouricuri, PE, CEP: 56200000 Características do Imóvel: Descrição: Casa, Padrão, Ocupado. Área(s): 120 m2 de área terreno, 91,38 m2 de área construída. Matrícula(s): 7.187. Cartório: 1o CRI DE OURICURI. Inscrição da Prefeitura: 10.070.1520.0110.00. Tipo do Imóvel: Casa Status da Ocupação: Ocupado Aceita Visitação: Visitação indisponível Dossiê: 02.25853 Área Terreno: 120.0 m2 Composição Interna/Vagas: Dormitór","R$ 76.500,00",528,superbid.net,Santander Oportunidades,2026-08-25,2026-08-25,11:27,,"Ouricuri - PE, Pernambuco",https://www.superbid.net/evento/785342,https://www.superbid.net/oferta/casa-91m2-com-terreno-120m2-ouricuri-pe-canacui-proximo-ao-centro-e-a-rod-cap-pedro-teixeira-financiamento-ate-420-meses-4967581,https://ms.sbwebservices.net/photos/57ff5255-0ec6-4446-be35-8da0992f7b58.jpg,,,https://www.superbid.net/evento/785342,2026-08-25T04:08:56-03:00,api_superbid_ok,,,,,,,
Apto 52m² | Paulista-PE | Residencial Rio Azul | Janga - 2 Dorms e Varanda - Financiamento a partir de R$ 90mil,"Apto 52m² | Paulista-PE | Residencial Rio Azul | Janga - 2 Dorms e Varanda - Financiamento a partir de R$ 90mil Endereço Completo Rua Humberto Pimentel Da Costa, 710, Bl B, Apto 104 - Residencial Rio Azul, Loteamento Felisma Pereira, Janga, Paulista, PE, CEP: 53437820 Características do Imóvel: Descrição: Apartamento, Padrão, Ocupado. Área(s): 52,12 m2 de área construída, 52,12 m2 de área privativa, 7,09 m2 de área comum. Matrícula(s): 33.243. Cartório: 1 CRI DE PAULISTA. Inscrição da Prefeitura: 4.4175.273.03.0348.0024. Tipo do Imóvel: Apartamento Status da Ocupação: Ocupado Aceita Visitação:","R$ 67.652,35",530,superbid.net,Santander Oportunidades,2026-08-25,2026-08-25,11:27,,"Paulista - PE, Pernambuco",https://www.superbid.net/evento/785342,https://www.superbid.net/oferta/apto-52m2-paulista-pe-residencial-rio-azul-janga-2-dorms-e-varanda-financiamento-a-partir-de-r-90mil-4967521,https://ms.sbwebservices.net/photos/f220abc1-1ef7-4d56-8c9c-db175eedf48b.jpg,,,https://www.superbid.net/evento/785342,2026-08-25T04:08:56-03:00,api_superbid_ok,,,,,,,
"Casa 49m² || DESOCUPADA || Paulista-PE | Nossa Senhora da Conceição - Em Condomínio, 2 Dorms e 1 Vaga - Financiamento até 420 Meses!","Casa 49m² || DESOCUPADA || Paulista-PE | Nossa Senhora da Conceição - Em Condomínio, 2 Dorms e 1 Vaga - Financiamento até 420 Meses! Endereço Completo Rua Funilândia, 2043, Casa 03, Nossa Senhora Da Conceição, Paulista, PE, CEP: 53429680 Características do Imóvel: Descrição: Casa, Em condomínio, Desocupado, 1 vaga(s) de garagem. Área(s): 49,27 m2 de área construída, 49,27 m2 de área privativa. Matrícula(s): 7.613. Cartório: 2o CRI DE PAULISTA. Inscrição da Prefeitura: 4.4155.024.02.0014.0003.5. Tipo do Imóvel: Casa Status da Ocupação: Desocupado Aceita Visitação: Sim - Mediante disponibilidade","R$ 111.350,00",531,superbid.net,Santander Oportunidades,2026-08-25,2026-08-25,11:28,,"Paulista - PE, Pernambuco",https://www.superbid.net/evento/785342,https://www.superbid.net/oferta/casa-49m2-desocupada-paulista-pe-nossa-senhora-da-conceicao-em-condominio-2-dorms-e-1-vaga-financiamento-ate-420-meses-4969675,https://ms.sbwebservices.net/photos/06fcaaa5-0707-498e-a746-68153d3f95a3.jpg,,,https://www.superbid.net/evento/785342,2026-08-25T04:08:56-03:00,api_superbid_ok,,,,,,,
"Casa em Condomínio - 2 dormitórios | Paulista-PE | Jaguarana - A 4,4km do Shopping North Way e 6,5km da Praia - Terreno 200m² - Financiamento até 420 Meses!","Casa em Condomínio - 2 dormitórios | Paulista-PE | Jaguarana - A 4,4km do Shopping North Way e 6,5km da Praia - Terreno 200m² - Financiamento até 420 Meses! Endereço Completo Estrada De Jaguarana, 403, Casa 01, Conjunto Residencial Vale Vilar Iii, Jaguarana, Paulista, PE, CEP: 53421845 Características do Imóvel: Descrição: Casa, Em condomínio, Ocupado, 1 vaga(s) de garagem. Área(s): 200 m2 de área terreno, 45,22 m2 de área construída. Matrícula(s): 1.320. Cartório: 2o CRI DE PAULISTA. Inscrição da Prefeitura: 1.4205.092.04.0260.0001. Tipo do Imóvel: Casa Status da Ocupação: Ocupado Aceita Visi","R$ 85.000,00",532,superbid.net,Santander Oportunidades,2026-08-25,2026-08-25,11:28,,"Paulista - PE, Pernambuco",https://www.superbid.net/evento/785342,https://www.superbid.net/oferta/casa-em-condominio-2-dormitorios-paulista-pe-jaguarana-a-4-4km-do-shopping-north-way-e-6-5km-da-praia-terreno-200m2-financiamento-ate-420-meses-4969681,https://ms.sbwebservices.net/photos/0dd3617f-b03d-4c42-9fbe-1260a33a4454.jpg,,,https://www.superbid.net/evento/785342,2026-08-25T04:08:56-03:00,api_superbid_ok,,,,,,,
Casa 160m² com Terreno 142m² || DESOCUPADA || Vitória de Santo Antão-PE | Matriz | 3 Qts - Próx. à Av. Silva Jardim e ao Hospital João Murilo de Oliveira - Financiamento até 420 Meses!,"Casa 160m² com Terreno 142m² || DESOCUPADA || Vitória de Santo Antão-PE | Matriz | 3 Qts - Próx. à Av. Silva Jardim e ao Hospital João Murilo de Oliveira - Financiamento até 420 Meses! Endereço Completo Rua Horácio De Barros, 222, Casa, Matriz, Vitória De Santo Antão, PE, CEP: 55612330 Características do Imóvel: Descrição: Casa, Padrão, Desocupado, 1 vaga(s) de garagem. Área(s): 142,1 m2 de área terreno, 160 m2 de área construída. Matrícula(s): 19532. Cartório: 1o CRI DE VITÓRIA DE SANTO ANTÃO. Inscrição da Prefeitura: 1.0001.069.03.0062.0001.5. Tipo do Imóvel: Casa Status da Ocupação: Desocup","R$ 361.250,00",535,superbid.net,Santander Oportunidades,2026-08-25,2026-08-25,11:29,,"Vitória de Santo Antão - PE, Pernambuco",https://www.superbid.net/evento/785342,https://www.superbid.net/oferta/casa-160m2-com-terreno-142m2-desocupada-vitoria-de-santo-antao-pe-matriz-3-qts-prox-a-av-silva-jardim-e-ao-hospital-joao-murilo-de-oliveira-financiamento-ate-420-meses-4967559,https://ms.sbwebservices.net/photos/d13ddb61-4b9c-4813-9bd8-a2a52f2bde50.jpg,,,https://www.superbid.net/evento/785342,2026-08-25T04:08:56-03:00,api_superbid_ok,,,,,,,
"Casa 101m² com Terreno 187m² | Jaicós-PI | Joana Bessa Freitas - 3 Dorms, 2 Banheiros e 1 Vaga - Financiamento até 420 Meses!","Casa 101m² com Terreno 187m² | Jaicós-PI | Joana Bessa Freitas - 3 Dorms, 2 Banheiros e 1 Vaga - Financiamento até 420 Meses! Endereço Completo Travessa Antonio Matias, 362, Joana Bessa Freitas, Jaicós, PI, CEP: 64575000 Características do Imóvel: Descrição: Casa, Padrão, Ocupado, 1 vaga(s) de garagem. Área(s): 187,5 m2 de área terreno, 101,68 m2 de área construída. Matrícula(s): 11.448. Cartório: CRI DE JAICOS. Inscrição da Prefeitura: 01.01.022.0201.01. Tipo do Imóvel: Casa Status da Ocupação: Ocupado Aceita Visitação: Visitação indisponível Dossiê: 02.23094 Área Terreno: 187.5 m2 Composição","R$ 99.058,50",536,superbid.net,Santander Oportunidades,2026-08-25,2026-08-25,11:29,,"Jaicós - PI, Piauí",https://www.superbid.net/evento/785342,https://www.superbid.net/oferta/casa-101m2-com-terreno-187m2-jaicos-pi-joana-bessa-freitas-3-dorms-2-banheiros-e-1-vaga-financiamento-ate-420-meses-4969601,https://ms.sbwebservices.net/photos/a45d8001-f27c-4ce7-9cbf-6d2bcc3cd258.jpg,,,https://www.superbid.net/evento/785342,2026-08-25T04:08:56-03:00,api_superbid_ok,,,,,,,
"Jazigo, situado na quadra 19, sendo ele o lote 3, medindo 2,5m por 1,5m - Leilão de Imóveis em São José dos Pinhais - PR",Leilão de Imóveis em São José dos Pinhais - PR,,3,kronleiloes.com.br,"Jazigo, situado na quadra 19, sendo ele o lote 3, medindo 2,5m por 1,5m",2026-09-03,2026-09-03,,,,https://www.kronleiloes.com.br/oferta/4851698?utm_source=faststore&utm_campaign=worker&utm_term=offer&utm_medium=sitemap,https://www.kronleiloes.com.br/oferta/4851698?utm_source=faststore&utm_campaign=worker&utm_term=offer&utm_medium=sitemap,https://ms.sbwebservices.net/photos/2a6d9e87-b933-443e-9f45-a9782c398f1f.jpg,,,https://www.kronleiloes.com.br/oferta/4851698?utm_source=faststore&utm_campaign=worker&utm_term=offer&utm_medium=sitemap,2026-08-25T04:13:49-03:00,http_200,,,,,,,
"Jazigo, situado na quadra 19, sendo ele o lote 1, medindo 2,5m por 1,5m - Leilão de Imóveis em São José dos Pinhais - PR",Leilão de Imóveis em São José dos Pinhais - PR,,1,kronleiloes.com.br,"Jazigo, situado na quadra 19, sendo ele o lote 1, medindo 2,5m por 1,5m",2026-09-03,2026-09-03,,,,https://www.kronleiloes.com.br/oferta/4851700?utm_source=faststore&utm_campaign=worker&utm_term=offer&utm_medium=sitemap,https://www.kronleiloes.com.br/oferta/4851700?utm_source=faststore&utm_campaign=worker&utm_term=offer&utm_medium=sitemap,https://ms.sbwebservices.net/photos/6b0b2515-d6ed-440a-b7f5-a6bd2cf2f18e.jpg,,,https://www.kronleiloes.com.br/oferta/4851700?utm_source=faststore&utm_campaign=worker&utm_term=offer&utm_medium=sitemap,2026-08-25T04:13:49-03:00,http_200,,,,,,,
"Jazigo, situado na quadra 19, sendo ele o lote 2, medindo 2,5m por 1,5m - Leilão de Imóveis em São José dos Pinhais - PR",Leilão de Imóveis em São José dos Pinhais - PR,,2,kronleiloes.com.br,"Jazigo, situado na quadra 19, sendo ele o lote 2, medindo 2,5m por 1,5m",2026-09-03,2026-09-03,,,,https://www.kronleiloes.com.br/oferta/4851702?utm_source=faststore&utm_campaign=worker&utm_term=offer&utm_medium=sitemap,https://www.kronleiloes.com.br/oferta/4851702?utm_source=faststore&utm_campaign=worker&utm_term=offer&utm_medium=sitemap,https://ms.sbwebservices.net/photos/f997020c-2be4-4fea-85ea-2e801b973fe4.jpg,,,https://www.kronleiloes.com.br/oferta/4851702?utm_source=faststore&utm_campaign=worker&utm_term=offer&utm_medium=sitemap,2026-08-25T04:13:48-03:00,http_200,,,,,,,
"Cota de Consórcio NÃO CONTEMPLADA FINAL nº 19 do Grupo nº I0273, administrada pela Porto Seguro, para aquisição de IMÓVEL, Construção e/ou Reforma e quitação de financiamento. Crédito no valor de R$ 480.447,71","Cota de Consórcio NÃO CONTEMPLADA FINAL nº 19 do Grupo nº I0273, administrada pela Porto Seguro, para aquisição de IMÓVEL, Construção e/ou Reforma e quitação de financiamento. Crédito no valor de R$ 480.447,71 Cota de Consórcio NÃO CONTEMPLADA FINAL nº 19 do Grupo nº I0273, administrada pela Porto Seguro, para aquisição de IMÓVEL, Construção e/ou Reforma e quitação de financiamento. Crédito no valor de R$ 480.447,71 Valor total pago até o momento: R$ 104.629,61 Valor a ser pago: R$ 464.625,70 Valor atual da parcela mensal: R$ 2.288,75 Número de parcelas a pagar: 150 Número de parcelas já pagas","R$ 52.000,00",1,superbid.net,Sold - Cotas de Consórcio,2026-08-27,2026-08-27,14:00,,São Paulo,https://www.superbid.net/evento/790398,https://www.superbid.net/oferta/cota-de-consorcio-nao-contemplada-final-no-19-do-grupo-no-i0273-administrada-pela-porto-seguro-para-aquisicao-de-imovel-construcao-e-ou-reforma-e-quitacao-de-financiamento-credito-no-valor-de-r-480-447-71-4857664,https://ms.sbwebservices.net/photos/c88c729f-0dcc-4bb4-ae07-78559b916e2d.jpg,,,https://www.superbid.net/evento/790398,2026-08-25T04:17:46-03:00,api_superbid_ok,,,,,,,
"Cota de Consórcio NÃO CONTEMPLADA FINAL nº 47 do Grupo nº I0224, administrada pela Porto Seguro, para aquisição de IMÓVEL, Construção e/ou Reforma e quitação de financiamento. Crédito no valor de R$ 478.683,45","Cota de Consórcio NÃO CONTEMPLADA FINAL nº 47 do Grupo nº I0224, administrada pela Porto Seguro, para aquisição de IMÓVEL, Construção e/ou Reforma e quitação de financiamento. Crédito no valor de R$ 478.683,45 Cota de Consórcio NÃO CONTEMPLADA FINAL nº 47 do Grupo nº I0224, administrada pela Porto Seguro, para aquisição de IMÓVEL, Construção e/ou Reforma e quitação de financiamento. Crédito no valor de R$ 478.683,45 Valor total pago até o momento: R$ 118.259,70 Valor a ser pago: R$ 440.701,09 Valor atual da parcela mensal: R$ 2.357,71 Número de parcelas a pagar: 135 Número de parcelas já pagas","R$ 60.000,00",2,superbid.net,Sold - Cotas de Consórcio,2026-08-27,2026-08-27,14:01,,São Paulo,https://www.superbid.net/evento/790398,https://www.superbid.net/oferta/cota-de-consorcio-nao-contemplada-final-no-47-do-grupo-no-i0224-administrada-pela-porto-seguro-para-aquisicao-de-imovel-construcao-e-ou-reforma-e-quitacao-de-financiamento-credito-no-valor-de-r-478-683-45-4857704,https://ms.sbwebservices.net/photos/e74a9d23-38d5-499a-904d-0d9d464f5ba8.jpg,,,https://www.superbid.net/evento/790398,2026-08-25T04:17:46-03:00,api_superbid_ok,,,,,,,
"Cota de Consórcio NÃO CONTEMPLADA FINAL nº 30 do Grupo nº CA020, administrada pela Porto Seguro, para aquisição de IMÓVEL, Construção e/ou Reforma e quitação de financiamento. Crédito no valor de R$ 442.684,53","Cota de Consórcio NÃO CONTEMPLADA FINAL nº 30 do Grupo nº CA020, administrada pela Porto Seguro, para aquisição de IMÓVEL, Construção e/ou Reforma e quitação de financiamento. Crédito no valor de R$ 442.684,53 Cota de Consórcio NÃO CONTEMPLADA FINAL nº 30 do Grupo nº CA020, administrada pela Porto Seguro, para aquisição de IMÓVEL, Construção e/ou Reforma e quitação de financiamento. Crédito no valor de R$ 442.684,53 Valor total pago até o momento: R$ 120.739,33 Valor a ser pago: R$ 389.654,46 Valor atual da parcela mensal: R$ 2.061,95 Número de parcelas a pagar: 121 Número de parcelas já pagas","R$ 69.000,00",3,superbid.net,Sold - Cotas de Consórcio,2026-08-27,2026-08-27,14:02,,São Paulo,https://www.superbid.net/evento/790398,https://www.superbid.net/oferta/cota-de-consorcio-nao-contemplada-final-no-30-do-grupo-no-ca020-administrada-pela-porto-seguro-para-aquisicao-de-imovel-construcao-e-ou-reforma-e-quitacao-de-financiamento-credito-no-valor-de-r-442-684-53-4860268,https://ms.sbwebservices.net/photos/e29d7e77-2190-4b7a-af9b-2f76fc89eb84.jpg,,,https://www.superbid.net/evento/790398,2026-08-25T04:17:46-03:00,api_superbid_ok,,,,,,,
"Cota de Consórcio NÃO CONTEMPLADA FINAL nº 32 do Grupo nº I0246, administrada pela Porto Seguro, para aquisição de IMÓVEL, Construção e/ou Reforma e quitação de financiamento. Crédito no valor de R$ 350.850,29","Cota de Consórcio NÃO CONTEMPLADA FINAL nº 32 do Grupo nº I0246, administrada pela Porto Seguro, para aquisição de IMÓVEL, Construção e/ou Reforma e quitação de financiamento. Crédito no valor de R$ 350.850,29 Cota de Consórcio NÃO CONTEMPLADA FINAL nº 32 do Grupo nº I0246, administrada pela Porto Seguro, para aquisição de IMÓVEL, Construção e/ou Reforma e quitação de financiamento. Crédito no valor de R$ 350.850,29 Valor total pago até o momento: R$ 72.366,45 Valor a ser pago: R$ 348.153,27 Valor atual da parcela mensal: R$ 1.709,70 Número de parcelas a pagar: 142 Número de parcelas já pagas:","R$ 34.000,00",4,superbid.net,Sold - Cotas de Consórcio,2026-08-27,2026-08-27,14:03,,São Paulo,https://www.superbid.net/evento/790398,https://www.superbid.net/oferta/cota-de-consorcio-nao-contemplada-final-no-32-do-grupo-no-i0246-administrada-pela-porto-seguro-para-aquisicao-de-imovel-construcao-e-ou-reforma-e-quitacao-de-financiamento-credito-no-valor-de-r-350-850-29-4857665,https://ms.sbwebservices.net/photos/7ceb866c-54de-42f3-87de-619397247bc3.jpg,,,https://www.superbid.net/evento/790398,2026-08-25T04:17:46-03:00,api_superbid_ok,,,,,,,
"Cota de Consórcio NÃO CONTEMPLADA FINAL nº 50 do Grupo nº I0245, administrada pela Porto Seguro, para aquisição de IMÓVEL, Construção e/ou Reforma e quitação de financiamento. Crédito no valor de R$ 349.591,34","Cota de Consórcio NÃO CONTEMPLADA FINAL nº 50 do Grupo nº I0245, administrada pela Porto Seguro, para aquisição de IMÓVEL, Construção e/ou Reforma e quitação de financiamento. Crédito no valor de R$ 349.591,34 Cota de Consórcio NÃO CONTEMPLADA FINAL nº 50 do Grupo nº I0245, administrada pela Porto Seguro, para aquisição de IMÓVEL, Construção e/ou Reforma e quitação de financiamento. Crédito no valor de R$ 349.591,34 Valor total pago até o momento: R$ 46.397,21 Valor a ser pago: R$ 378.501,99 Valor atual da parcela mensal: R$ 1.622,45 Número de parcelas a pagar: 142 Número de parcelas já pagas:","R$ 18.000,00",5,superbid.net,Sold - Cotas de Consórcio,2026-08-27,2026-08-27,14:04,,São Paulo,https://www.superbid.net/evento/790398,https://www.superbid.net/oferta/cota-de-consorcio-nao-contemplada-final-no-50-do-grupo-no-i0245-administrada-pela-porto-seguro-para-aquisicao-de-imovel-construcao-e-ou-reforma-e-quitacao-de-financiamento-credito-no-valor-de-r-349-591-34-4857663,https://ms.sbwebservices.net/photos/401943b5-3914-496b-bd09-e99d83525949.jpg,,,https://www.superbid.net/evento/790398,2026-08-25T04:17:46-03:00,api_superbid_ok,,,,,,,
"Cota de Consórcio NÃO CONTEMPLADA FINAL nº 73 do Grupo nº I0275, administrada pela Porto Seguro, para aquisição de IMÓVEL, Construção e/ou Reforma e quitação de financiamento. Crédito no valor de R$ 340.924,44","Cota de Consórcio NÃO CONTEMPLADA FINAL nº 73 do Grupo nº I0275, administrada pela Porto Seguro, para aquisição de IMÓVEL, Construção e/ou Reforma e quitação de financiamento. Crédito no valor de R$ 340.924,44 Cota de Consórcio NÃO CONTEMPLADA FINAL nº 73 do Grupo nº I0275, administrada pela Porto Seguro, para aquisição de IMÓVEL, Construção e/ou Reforma e quitação de financiamento. Crédito no valor de R$ 340.924,44 Valor total pago até o momento: R$ 78.171,37 Valor a ser pago: R$ 328.520,04 Valor atual da parcela mensal: R$ 1.604,64 Número de parcelas a pagar: 152 Número de parcelas já pagas:","R$ 39.000,00",6,superbid.net,Sold - Cotas de Consórcio,2026-08-27,2026-08-27,14:05,,São Paulo,https://www.superbid.net/evento/790398,https://www.superbid.net/oferta/cota-de-consorcio-nao-contemplada-final-no-73-do-grupo-no-i0275-administrada-pela-porto-seguro-para-aquisicao-de-imovel-construcao-e-ou-reforma-e-quitacao-de-financiamento-credito-no-valor-de-r-340-924-44-4857703,https://ms.sbwebservices.net/photos/e8328078-47a5-4f42-acc2-fdbe835426b3.jpg,,,https://www.superbid.net/evento/790398,2026-08-25T04:17:46-03:00,api_superbid_ok,,,,,,,
"Cota de Consórcio NÃO CONTEMPLADA FINAL nº 73 do Grupo nº I0266, administrada pela Porto Seguro, para aquisição de IMÓVEL, Construção e/ou Reforma e quitação de financiamento. Crédito no valor de R$ 340.625,00","Cota de Consórcio NÃO CONTEMPLADA FINAL nº 73 do Grupo nº I0266, administrada pela Porto Seguro, para aquisição de IMÓVEL, Construção e/ou Reforma e quitação de financiamento. Crédito no valor de R$ 340.625,00 Cota de Consórcio NÃO CONTEMPLADA FINAL nº 73 do Grupo nº I0266, administrada pela Porto Seguro, para aquisição de IMÓVEL, Construção e/ou Reforma e quitação de financiamento. Crédito no valor de R$ 340.625,00 Valor total pago até o momento: R$ 95.525,76 Valor a ser pago: R$ 310.613,69 Valor atual da parcela mensal: R$ 1.651,78 Número de parcelas a pagar: 147 Número de parcelas já pagas:","R$ 47.000,00",7,superbid.net,Sold - Cotas de Consórcio,2026-08-27,2026-08-27,14:06,,São Paulo,https://www.superbid.net/evento/790398,https://www.superbid.net/oferta/cota-de-consorcio-nao-contemplada-final-no-73-do-grupo-no-i0266-administrada-pela-porto-seguro-para-aquisicao-de-imovel-construcao-e-ou-reforma-e-quitacao-de-financiamento-credito-no-valor-de-r-340-625-00-4857717,https://ms.sbwebservices.net/photos/16a7afab-5d8b-4eaa-9684-d0144983251e.jpg,,,https://www.superbid.net/evento/790398,2026-08-25T04:17:46-03:00,api_superbid_ok,,,,,,,
"Cota de Consórcio NÃO CONTEMPLADA FINAL nº 81 do Grupo nº I0300, administrada pela Porto Seguro, para aquisição de IMÓVEL, Construção e/ou Reforma e quitação de financiamento. Crédito no valor de R$ 322.663,86","Cota de Consórcio NÃO CONTEMPLADA FINAL nº 81 do Grupo nº I0300, administrada pela Porto Seguro, para aquisição de IMÓVEL, Construção e/ou Reforma e quitação de financiamento. Crédito no valor de R$ 322.663,86 Cota de Consórcio NÃO CONTEMPLADA FINAL nº 81 do Grupo nº I0300, administrada pela Porto Seguro, para aquisição de IMÓVEL, Construção e/ou Reforma e quitação de financiamento. Crédito no valor de R$ 322.663,86 Parcela Valor total pago até o momento: R$ 51.887,13 Valor a ser pago: R$335.672,70 Valor atual da parcela mensal: R$ 1.571,53 Número de parcelas a pagar: 163 Número de parcelas já","R$ 18.000,00",8,superbid.net,Sold - Cotas de Consórcio,2026-08-27,2026-08-27,14:07,,São Paulo,https://www.superbid.net/evento/790398,https://www.superbid.net/oferta/cota-de-consorcio-nao-contemplada-final-no-81-do-grupo-no-i0300-administrada-pela-porto-seguro-para-aquisicao-de-imovel-construcao-e-ou-reforma-e-quitacao-de-financiamento-credito-no-valor-de-r-322-663-86-4860267,https://ms.sbwebservices.net/photos/d97d1a5a-cdf2-48dd-a412-b82b4da4dbee.jpg,,,https://www.superbid.net/evento/790398,2026-08-25T04:17:46-03:00,api_superbid_ok,,,,,,,
"Cota de Consórcio NÃO CONTEMPLADA FINAL nº 64 do Grupo nº I0300, administrada pela Porto Seguro, para aquisição de IMÓVEL, Construção e/ou Reforma e quitação de financiamento. Crédito no valor de R$ 322.663,86","Cota de Consórcio NÃO CONTEMPLADA FINAL nº 64 do Grupo nº I0300, administrada pela Porto Seguro, para aquisição de IMÓVEL, Construção e/ou Reforma e quitação de financiamento. Crédito no valor de R$ 322.663,86 Cota de Consórcio NÃO CONTEMPLADA FINAL nº 81 do Grupo nº I0300, administrada pela Porto Seguro, para aquisição de IMÓVEL, Construção e/ou Reforma e quitação de financiamento. Crédito no valor de R$ 322.663,86 Valor total pago até o momento: R$ 52.060,20 Valor a ser pago: R$ 335.671,45 Valor atual da parcela mensal: R$ 1.571,53 Número de parcelas a pagar: 163 Número de parcelas já pagas:","R$ 19.000,00",9,superbid.net,Sold - Cotas de Consórcio,2026-08-27,2026-08-27,14:08,,São Paulo,https://www.superbid.net/evento/790398,https://www.superbid.net/oferta/cota-de-consorcio-nao-contemplada-final-no-64-do-grupo-no-i0300-administrada-pela-porto-seguro-para-aquisicao-de-imovel-construcao-e-ou-reforma-e-quitacao-de-financiamento-credito-no-valor-de-r-322-663-86-4857702,https://ms.sbwebservices.net/photos/2c529c53-602c-42cd-a7ac-df3c68be97d7.jpg,,,https://www.superbid.net/evento/790398,2026-08-25T04:17:46-03:00,api_superbid_ok,,,,,,,
"Cota de Consórcio NÃO CONTEMPLADA FINAL nº 54 do Grupo nº I0300, administrada pela Porto Seguro, para aquisição de IMÓVEL, Construção e/ou Reforma e quitação de financiamento. Crédito no valor de R$ 322.663,86","Cota de Consórcio NÃO CONTEMPLADA FINAL nº 54 do Grupo nº I0300, administrada pela Porto Seguro, para aquisição de IMÓVEL, Construção e/ou Reforma e quitação de financiamento. Crédito no valor de R$ 322.663,86 Cota de Consórcio NÃO CONTEMPLADA FINAL nº 54 do Grupo nº I0300, administrada pela Porto Seguro, para aquisição de IMÓVEL, Construção e/ou Reforma e quitação de financiamento. Crédito no valor de R$ 322.663,86 Valor total pago até o momento: R$ 51.937,52 Valor a ser pago: R$ 335.672,32 Valor atual da parcela mensal: R$ 1.571,53 Número de parcelas a pagar: 163 Número de parcelas já pagas:","R$ 18.000,00",10,superbid.net,Sold - Cotas de Consórcio,2026-08-27,2026-08-27,14:09,,São Paulo,https://www.superbid.net/evento/790398,https://www.superbid.net/oferta/cota-de-consorcio-nao-contemplada-final-no-54-do-grupo-no-i0300-administrada-pela-porto-seguro-para-aquisicao-de-imovel-construcao-e-ou-reforma-e-quitacao-de-financiamento-credito-no-valor-de-r-322-663-86-4860266,https://ms.sbwebservices.net/photos/ca3509a5-c6b8-4556-a15f-4aeac5167fd6.jpg,,,https://www.superbid.net/evento/790398,2026-08-25T04:17:46-03:00,api_superbid_ok,,,,,,,
"Cota de Consórcio NÃO CONTEMPLADA FINAL nº 10 do Grupo nº I0245, administrada pela Porto Seguro, para aquisição de IMÓVEL, Construção e/ou Reforma e quitação de financiamento. Crédito no valor de R$ 181.269,51","Cota de Consórcio NÃO CONTEMPLADA FINAL nº 10 do Grupo nº I0245, administrada pela Porto Seguro, para aquisição de IMÓVEL, Construção e/ou Reforma e quitação de financiamento. Crédito no valor de R$ 181.269,51 Cota de Consórcio NÃO CONTEMPLADA FINAL nº 10 do Grupo nº I0245, administrada pela Porto Seguro, para aquisição de IMÓVEL, Construção e/ou Reforma e quitação de financiamento. Crédito no valor de R$ 181.269,51 Valor total pago até o momento: R$ 53.364,97 Valor a ser pago: R$ 163.673,14 Valor atual da parcela mensal: R$ 880,48 Número de parcelas a pagar: 141 Número de parcelas já pagas: 5","R$ 25.000,00",11,superbid.net,Sold - Cotas de Consórcio,2026-08-27,2026-08-27,14:10,,São Paulo,https://www.superbid.net/evento/790398,https://www.superbid.net/oferta/cota-de-consorcio-nao-contemplada-final-no-10-do-grupo-no-i0245-administrada-pela-porto-seguro-para-aquisicao-de-imovel-construcao-e-ou-reforma-e-quitacao-de-financiamento-credito-no-valor-de-r-181-269-51-4857701,https://ms.sbwebservices.net/photos/cb90d0b6-bcc2-42f1-810f-f6b359047b59.jpg,,,https://www.superbid.net/evento/790398,2026-08-25T04:17:46-03:00,api_superbid_ok,,,,,,,
"Cota de Consórcio NÃO CONTEMPLADA FINAL nº 10 do Grupo nº 6015, administrada pela MAGALU Administradora de Consórcios Ltda., para aquisição de IMÓVEL. Crédito no valor de R$ 582.359,69","Cota de Consórcio NÃO CONTEMPLADA FINAL nº 10 do Grupo nº 6015, administrada pela MAGALU Administradora de Consórcios Ltda., para aquisição de IMÓVEL. Crédito no valor de R$ 582.359,69 Cota de Consórcio NÃO CONTEMPLADA FINAL nº 10 do Grupo nº 6015, administrada pela MAGALU Administradora de Consórcios Ltda., para aquisição de IMÓVEL. Crédito no valor de R$ 582.359,69 Valor total pago até o momento: R$ 113.484,08 Valor a ser pago: R$ 569.603,91 Valor atual da parcela mensal: R$ 2.869,88 Número de parcelas a pagar: 97 Número de parcelas já pagas: 43 Informações Relevantes: 1 - FORMA DE PAGAMENTO","R$ 50.000,00",12,superbid.net,Sold - Cotas de Consórcio,2026-08-27,2026-08-27,14:11,,São Paulo,https://www.superbid.net/evento/790398,https://www.superbid.net/oferta/cota-de-consorcio-nao-contemplada-final-no-10-do-grupo-no-6015-administrada-pela-magalu-administradora-de-consorcios-ltda-para-aquisicao-de-imovel-credito-no-valor-de-r-582-359-69-4860265,https://ms.sbwebservices.net/photos/f36288b9-1019-4f5c-8a7a-5702af4c9dda.jpg,,,https://www.superbid.net/evento/790398,2026-08-25T04:17:46-03:00,api_superbid_ok,,,,,,,
"Cota de Consórcio NÃO CONTEMPLADA FINAL nº 71 do Grupo nº 6025, administrada pela MAGALU Administradora de Consórcios Ltda., para aquisição de IMÓVEL. Crédito no valor de R$ 287.050,94","Cota de Consórcio NÃO CONTEMPLADA FINAL nº 71 do Grupo nº 6025, administrada pela MAGALU Administradora de Consórcios Ltda., para aquisição de IMÓVEL. Crédito no valor de R$ 287.050,94 Cota de Consórcio NÃO CONTEMPLADA FINAL nº 71 do Grupo nº 6025, administrada pela MAGALU Administradora de Consórcios Ltda., para aquisição de IMÓVEL. Crédito no valor de R$ 287.050,94 Valor total pago até o momento: R$ 57.009,00 Valor a ser pago: R$ 280.538,06 Valor atual da parcela mensal: R$ 1.089,93 Número de parcelas a pagar: 123 Número de parcelas já pagas: 67 Informações Relevantes: 1 - FORMA DE PAGAMENTO","R$ 22.000,00",13,superbid.net,Sold - Cotas de Consórcio,2026-08-27,2026-08-27,14:12,,São Paulo,https://www.superbid.net/evento/790398,https://www.superbid.net/oferta/cota-de-consorcio-nao-contemplada-final-no-71-do-grupo-no-6025-administrada-pela-magalu-administradora-de-consorcios-ltda-para-aquisicao-de-imovel-credito-no-valor-de-r-287-050-94-4857700,https://ms.sbwebservices.net/photos/c935b906-c53f-49d4-9868-7d0620ab16c3.jpg,,,https://www.superbid.net/evento/790398,2026-08-25T04:17:46-03:00,api_superbid_ok,,,,,,,
"Cota de Consórcio NÃO CONTEMPLADA final nº 01 do Grupo nº 1327, administrada pela SICOOB administradora de consórcios LTDA, para aquisição de VEÍCULOS PESADOS. Crédito no valor de R$ 629.918,00","Cota de Consórcio NÃO CONTEMPLADA final nº 01 do Grupo nº 1327, administrada pela SICOOB administradora de consórcios LTDA, para aquisição de VEÍCULOS PESADOS. Crédito no valor de R$ 629.918,00 Cota de Consórcio NÃO CONTEMPLADA final nº 01 do Grupo nº 1327, administrada pela SICOOB administradora de consórcios LTDA, para aquisição de VEÍCULOS PESADOS. Crédito no valor de R$ 629.918,00 Valor total pago até o momento: R$ 183.852,04 Valor a ser pago: R$ 522.568,92 Valor atual da parcela mensal: R$ 5.174,15 Número de parcelas a pagar: 101 Número de parcelas já pagas: 33 Informações Relevantes: 1 -","R$ 110.000,00",14,superbid.net,Sold - Cotas de Consórcio,2026-08-27,2026-08-27,14:13,,São Paulo,https://www.superbid.net/evento/790398,https://www.superbid.net/oferta/cota-de-consorcio-nao-contemplada-final-no-01-do-grupo-no-1327-administrada-pela-sicoob-administradora-de-consorcios-ltda-para-aquisicao-de-veiculos-pesados-credito-no-valor-de-r-629-918-00-4857661,https://ms.sbwebservices.net/photos/89ffcc72-b3a0-4c68-a71d-d1c0135b89fe.jpg,,,https://www.superbid.net/evento/790398,2026-08-25T04:17:46-03:00,api_superbid_ok,,,,,,,
"Cota de Consórcio NÃO CONTEMPLADA final nº 45 do Grupo nº 2563, CONSÓRCIO IVECO administrada pela Ademicon , para aquisição de VEÍCULOS PESADOS. Crédito no valor de R$ 323.705,56","Cota de Consórcio NÃO CONTEMPLADA final nº 45 do Grupo nº 2563, CONSÓRCIO IVECO administrada pela Ademicon , para aquisição de VEÍCULOS PESADOS. Crédito no valor de R$ 323.705,56 Cota de Consórcio NÃO CONTEMPLADA final nº 45 do Grupo nº 2563, CONSÓRCIO IVECO administrada pela Ademicon , para aquisição de VEÍCULOS PESADOS. Crédito no valor de R$ 323.705,56 Valor total pago até o momento: R$ 60.846,04 Valor a ser pago: R$ 311.012,96 Valor atual da parcela mensal: R$ 3.494,39 Número de parcelas a pagar: 89 Número de parcelas já pagas: 18 Informações Relevantes: 1 - FORMA DE PAGAMENTO: À vista; 2 ","R$ 28.000,00",15,superbid.net,Sold - Cotas de Consórcio,2026-08-27,2026-08-27,14:14,,São Paulo,https://www.superbid.net/evento/790398,https://www.superbid.net/oferta/cota-de-consorcio-nao-contemplada-final-no-45-do-grupo-no-2563-consorcio-iveco-administrada-pela-ademicon-para-aquisicao-de-veiculos-pesados-credito-no-valor-de-r-323-705-56-4857662,https://ms.sbwebservices.net/photos/7668498e-2492-43aa-a721-59c59aa885c2.jpg,,,https://www.superbid.net/evento/790398,2026-08-25T04:17:46-03:00,api_superbid_ok,,,,,,,
"Cota de Consórcio NÃO CONTEMPLADA Final nº 88 do Grupo nº VP018, administrada pela Porto Seguro, para aquisição de AUTO e OUTROS EQUIPAMENTOS. Crédito no valor de R$ 273.974,64","Cota de Consórcio NÃO CONTEMPLADA Final nº 88 do Grupo nº VP018, administrada pela Porto Seguro, para aquisição de AUTO e OUTROS EQUIPAMENTOS. Crédito no valor de R$ 273.974,64 Cota de Consórcio NÃO CONTEMPLADA Final nº 88 do Grupo nº VP018, administrada pela Porto Seguro, para aquisição de AUTO e OUTROS EQUIPAMENTOS. Crédito no valor de R$ 273.974,64 Valor total pago até o momento: R$ 74.435,27 Valor a ser pago: R$ 239.744,90 Valor atual da parcela mensal: R$ 1.981,93 - percentual de recolhimento mensal é reduzido em 25% (vinte e cinco por cento) até a data da contemplação. Maiores informaçõe","R$ 44.000,00",16,superbid.net,Sold - Cotas de Consórcio,2026-08-27,2026-08-27,14:15,,São Paulo,https://www.superbid.net/evento/790398,https://www.superbid.net/oferta/cota-de-consorcio-nao-contemplada-final-no-88-do-grupo-no-vp018-administrada-pela-porto-seguro-para-aquisicao-de-auto-e-outros-equipamentos-credito-no-valor-de-r-273-974-64-4860245,https://ms.sbwebservices.net/photos/99d45b5f-da4f-438c-82c5-96601b6e9707.jpg,,,https://www.superbid.net/evento/790398,2026-08-25T04:17:46-03:00,api_superbid_ok,,,,,,,
"Cota de Consórcio NÃO CONTEMPLADA Final nº 35 do Grupo nº AF244, administrada pela Porto Seguro, para aquisição de AUTOS. Crédito no valor de R$ 197.719,31","Cota de Consórcio NÃO CONTEMPLADA Final nº 35 do Grupo nº AF244, administrada pela Porto Seguro, para aquisição de AUTOS. Crédito no valor de R$ 197.719,31 Cota de Consórcio NÃO CONTEMPLADA Final nº 35 do Grupo nº AF244, administrada pela Porto Seguro, para aquisição de AUTOS. Crédito no valor de R$ 197.719,31 Valor total pago até o momento: R$ 51.603,83 Valor a ser pago: R$ 178.755,53 Valor atual da parcela mensal: R$ 2.165,70 Número de parcelas a pagar: 63 Número de parcelas já pagas: 25 Informações Relevantes: 1 - FORMA DE PAGAMENTO: À vista; 2 - Parcela vigente do mês de Junho/2026 já quit","R$ 29.000,00",17,superbid.net,Sold - Cotas de Consórcio,2026-08-27,2026-08-27,14:16,,São Paulo,https://www.superbid.net/evento/790398,https://www.superbid.net/oferta/cota-de-consorcio-nao-contemplada-final-no-35-do-grupo-no-af244-administrada-pela-porto-seguro-para-aquisicao-de-autos-credito-no-valor-de-r-197-719-31-4857670,https://ms.sbwebservices.net/photos/c63c79d7-2abd-41e3-bb81-736f74c0e828.jpg,,,https://www.superbid.net/evento/790398,2026-08-25T04:17:46-03:00,api_superbid_ok,,,,,,,
"Cota de Consórcio NÃO CONTEMPLADA Final nº 04 do Grupo nº AF288, administrada pela Porto Seguro, para aquisição de AUTOS. Crédito no valor de R$ 57.843,50","Cota de Consórcio NÃO CONTEMPLADA Final nº 04 do Grupo nº AF288, administrada pela Porto Seguro, para aquisição de AUTOS. Crédito no valor de R$ 57.843,50 Cota de Consórcio NÃO CONTEMPLADA Final nº 04 do Grupo nº AF288, administrada pela Porto Seguro, para aquisição de AUTOS. Crédito no valor de R$ 57.843,50 Valor total pago até o momento: R$ 13.930,20 Valor a ser pago: R$ 55.518,36 Valor atual da parcela mensal: R$ 836,81 Número de parcelas a pagar: 51 Número de parcelas já pagas: 18 Informações Relevantes: 1 - FORMA DE PAGAMENTO: À vista; 2 - Parcela vigente do mês de Junho/2026 já quitada; ","R$ 7.500,00",18,superbid.net,Sold - Cotas de Consórcio,2026-08-27,2026-08-27,14:17,,São Paulo,https://www.superbid.net/evento/790398,https://www.superbid.net/oferta/cota-de-consorcio-nao-contemplada-final-no-04-do-grupo-no-af288-administrada-pela-porto-seguro-para-aquisicao-de-autos-credito-no-valor-de-r-57-843-50-4857672,https://ms.sbwebservices.net/photos/80fd2a0c-96af-46e7-88f6-22edd6f6dc0f.jpg,,,https://www.superbid.net/evento/790398,2026-08-25T04:17:46-03:00,api_superbid_ok,,,,,,,
"Cota de Consórcio NÃO CONTEMPLADA Final nº 39 do Grupo nº AF225 administrada pela Porto Seguro, para aquisição de AUTOS. Crédito no valor de R$ 54.648,50","Cota de Consórcio NÃO CONTEMPLADA Final nº 39 do Grupo nº AF225 administrada pela Porto Seguro, para aquisição de AUTOS. Crédito no valor de R$ 54.648,50 Cota de Consórcio NÃO CONTEMPLADA Final nº 39 do Grupo nº AF225 administrada pela Porto Seguro, para aquisição de AUTOS Valor total pago até o momento: R$ 15.617,81 Valor a ser pago: R$ 49.593,05 Valor atual da parcela mensal: R$ 634,25 Número de parcelas a pagar: 42 Número de parcelas já pagas: 27 Informações Relevantes: 1 - FORMA DE PAGAMENTO: À vista; 2 - Parcela vigente do mês de Junho/2026 já quitada; 3 - Via de regra, a administradora n","R$ 9.500,00",19,superbid.net,Sold - Cotas de Consórcio,2026-08-27,2026-08-27,14:18,,São Paulo,https://www.superbid.net/evento/790398,https://www.superbid.net/oferta/cota-de-consorcio-nao-contemplada-final-no-39-do-grupo-no-af225-administrada-pela-porto-seguro-para-aquisicao-de-autos-credito-no-valor-de-r-54-648-50-4860248,https://ms.sbwebservices.net/photos/ebd07391-f3a8-4fc4-aeed-89cbe47fcf91.jpg,,,https://www.superbid.net/evento/790398,2026-08-25T04:17:46-03:00,api_superbid_ok,,,,,,,
"Cota de Consórcio NÃO CONTEMPLADA Final nº 17 do Grupo nº AF310 administrada pela Porto Seguro, para aquisição de AUTOS. Crédito no valor de R$ 42.052,00","Cota de Consórcio NÃO CONTEMPLADA Final nº 17 do Grupo nº AF310 administrada pela Porto Seguro, para aquisição de AUTOS. Crédito no valor de R$ 42.052,00 Cota de Consórcio NÃO CONTEMPLADA Final nº 17 do Grupo nº AF310 administrada pela Porto Seguro, para aquisição de AUTOS. Crédito no valor de R$ 42.052,00 Valor total pago até o momento: R$ 11.118,90 Valor a ser pago: R$ 39.360,67 Valor atual da parcela mensal: R$ 518,41 Número de parcelas a pagar: 28 Número de parcelas já pagas: 22 Informações Relevantes: 1 - FORMA DE PAGAMENTO: À vista; 2 - Parcela vigente do mês de Junho/2026 já quitada; 3 ","R$ 7.000,00",20,superbid.net,Sold - Cotas de Consórcio,2026-08-27,2026-08-27,14:19,,São Paulo,https://www.superbid.net/evento/790398,https://www.superbid.net/oferta/cota-de-consorcio-nao-contemplada-final-no-17-do-grupo-no-af310-administrada-pela-porto-seguro-para-aquisicao-de-autos-credito-no-valor-de-r-42-052-00-4857667,https://ms.sbwebservices.net/photos/89a0fb6d-6c05-4088-83c8-321033519e0d.jpg,,,https://www.superbid.net/evento/790398,2026-08-25T04:17:46-03:00,api_superbid_ok,,,,,,,
"Cota de Consórcio NÃO CONTEMPLADA final nº 09 do Grupo nº 5029, administrada pela CONSÓRCIO BAMAQ, para aquisição de VEÍCULOS . Crédito no valor de R$ 65.563,62","Cota de Consórcio NÃO CONTEMPLADA final nº 09 do Grupo nº 5029, administrada pela CONSÓRCIO BAMAQ, para aquisição de VEÍCULOS . Crédito no valor de R$ 65.563,62 Cota de Consórcio NÃO CONTEMPLADA final nº 09 do Grupo nº 5029, administrada pela CONSÓRCIO BAMAQ, para aquisição de VEÍCULOS . Crédito no valor de R$ 65.563,62 Valor total pago até o momento: R$ 13.120,73 Valor a ser pago: R$ 62.659,82 Valor atual da parcela mensal: R$ 432,07 Número de parcelas a pagar: 57 Número de parcelas já pagas: 31 Informações Relevantes: 1 - FORMA DE PAGAMENTO: À vista; 2 - Parcela vigente do mês de Junho/2026 ","R$ 6.500,00",21,superbid.net,Sold - Cotas de Consórcio,2026-08-27,2026-08-27,14:20,,São Paulo,https://www.superbid.net/evento/790398,https://www.superbid.net/oferta/cota-de-consorcio-nao-contemplada-final-no-09-do-grupo-no-5029-administrada-pela-consorcio-bamaq-para-aquisicao-de-veiculos-credito-no-valor-de-r-65-563-62-4860262,https://ms.sbwebservices.net/photos/bb37ec8a-e716-470d-9e8f-843fe584bfa0.jpg,,,https://www.superbid.net/evento/790398,2026-08-25T04:17:46-03:00,api_superbid_ok,,,,,,,
"Cota de Consórcio CONTEMPLADA final nº 49 do Grupo nº 2107, Administrada pela Rodobens, para aquisição de IMÓVEL, CONSTRUÇÃO E/OU REFORMA. Crédito no valor de R$ 122.988,50","Cota de Consórcio CONTEMPLADA final nº 49 do Grupo nº 2107, Administrada pela Rodobens, para aquisição de IMÓVEL, CONSTRUÇÃO E/OU REFORMA. Crédito no valor de R$ 122.988,50 Cota de Consórcio CONTEMPLADA final nº 49 do Grupo nº 2107, Administrada pela Rodobens, para aquisição de IMÓVEL, CONSTRUÇÃO E/OU REFORMA. Crédito no valor de R$ 122.988,50 Valor total pago até o momento: R$ 12.846,13 Valor a ser pago: R$ 152.135,04 Valor atual da parcela mensal: R$ 947,58 Número de parcelas a pagar: 172 Número de parcelas já pagas: 15 Informações Relevantes: 1 - FORMA DE PAGAMENTO: À vista; 2 - Parcela vig","R$ 39.000,00",22,superbid.net,Sold - Cotas de Consórcio,2026-08-27,2026-08-27,14:21,,São Paulo,https://www.superbid.net/evento/790398,https://www.superbid.net/oferta/cota-de-consorcio-contemplada-final-no-49-do-grupo-no-2107-administrada-pela-rodobens-para-aquisicao-de-imovel-construcao-e-ou-reforma-credito-no-valor-de-r-122-988-50-4860264,https://ms.sbwebservices.net/photos/c6890a99-acd1-4afb-94ba-a6cefc406616.jpg,,,https://www.superbid.net/evento/790398,2026-08-25T04:17:46-03:00,api_superbid_ok,,,,,,,
"Cota de Consórcio NÃO CONTEMPLADA FINAL nº 73 do Grupo nº 40180 , administrada pelo Itaú Administradora de Consórcios Ltda., para aquisição de IMÓVEL, Construção e/ou Reforma e quitação de financiamento. Crédito no valor de R$ 232.948,00","Cota de Consórcio NÃO CONTEMPLADA FINAL nº 73 do Grupo nº 40180 , administrada pelo Itaú Administradora de Consórcios Ltda., para aquisição de IMÓVEL, Construção e/ou Reforma e quitação de financiamento. Crédito no valor de R$ 232.948,00 Cota de Consórcio NÃO CONTEMPLADA FINAL nº 73 do Grupo nº 40180 , administrada pelo Itaú Administradora de Consórcios Ltda., para aquisição de IMÓVEL, Construção e/ou Reforma e quitação de financiamento. Crédito no valor de R$ 232.948,00 Valor total pago até o momento: R$ 53.125,26 Valor a ser pago: R$ 236.204,21 Valor atual da parcela mensal: R$ 1.605,94 Núme","R$ 20.000,00",23,superbid.net,Sold - Cotas de Consórcio,2026-08-27,2026-08-27,14:22,,São Paulo,https://www.superbid.net/evento/790398,https://www.superbid.net/oferta/cota-de-consorcio-nao-contemplada-final-no-73-do-grupo-no-40180-administrada-pelo-itau-administradora-de-consorcios-ltda-para-aquisicao-de-imovel-construcao-e-ou-reforma-e-quitacao-de-financiamento-credito-no-valor-de-r-232-948-00-4857699,https://ms.sbwebservices.net/photos/7310e053-8b9b-446d-b4a4-0f081755f8fb.jpg,,,https://www.superbid.net/evento/790398,2026-08-25T04:17:46-03:00,api_superbid_ok,,,,,,,
"Cota de Consórcio NÃO CONTEMPLADA FINAL nº 76 do Grupo nº 40092 , administrada pelo Itaú Administradora de Consórcios Ltda., para aquisição de IMÓVEL, Construção e/ou Reforma e quitação de financiamento. Crédito no valor de R$ 174.484,00","Cota de Consórcio NÃO CONTEMPLADA FINAL nº 76 do Grupo nº 40092 , administrada pelo Itaú Administradora de Consórcios Ltda., para aquisição de IMÓVEL, Construção e/ou Reforma e quitação de financiamento. Crédito no valor de R$ 174.484,00 Cota de Consórcio NÃO CONTEMPLADA FINAL nº 76 do Grupo nº 40092 , administrada pelo Itaú Administradora de Consórcios Ltda., para aquisição de IMÓVEL, Construção e/ou Reforma e quitação de financiamento. Crédito no valor de R$ 174.484,00 Valor total pago até o momento: R$ 60.175,15 Valor a ser pago: R$ 136.833,15 Valor atual da parcela mensal: R$ 1.085,99 Núme","R$ 37.000,00",24,superbid.net,Sold - Cotas de Consórcio,2026-08-27,2026-08-27,14:23,,São Paulo,https://www.superbid.net/evento/790398,https://www.superbid.net/oferta/cota-de-consorcio-nao-contemplada-final-no-76-do-grupo-no-40092-administrada-pelo-itau-administradora-de-consorcios-ltda-para-aquisicao-de-imovel-construcao-e-ou-reforma-e-quitacao-de-financiamento-credito-no-valor-de-r-174-484-00-4860278,https://ms.sbwebservices.net/photos/a19728a8-08d4-44e2-8ab7-462dd95a863d.jpg,,,https://www.superbid.net/evento/790398,2026-08-25T04:17:46-03:00,api_superbid_ok,,,,,,,
"Cota de Consórcio NÃO CONTEMPLADA FINAL nº 02 do Grupo nº 50066, administrada pelo Itaú, para aquisição de Autos. Crédito no valor de R$ 164.495,00","Cota de Consórcio NÃO CONTEMPLADA FINAL nº 02 do Grupo nº 50066, administrada pelo Itaú, para aquisição de Autos. Crédito no valor de R$ 164.495,00 Cota de Consórcio NÃO CONTEMPLADA FINAL nº 02 do Grupo nº 50066, administrada pelo Itaú, para aquisição de Autos. Crédito no valor de R$ 164.495,00 Valor total pago até o momento: R$ 49.864,80 Valor a ser pago: R$ 141.922,62 Valor atual da parcela mensal: R$ 2.087,27 Número de parcelas a pagar: 68 Número de parcelas já pagas: 25 Informações Relevantes: 1 - FORMA DE PAGAMENTO: À vista; 2 - Parcela vigente do mês de Junho/2026 já quitada; 3 - A admin","R$ 27.000,00",25,superbid.net,Sold - Cotas de Consórcio,2026-08-27,2026-08-27,14:24,,São Paulo,https://www.superbid.net/evento/790398,https://www.superbid.net/oferta/cota-de-consorcio-nao-contemplada-final-no-02-do-grupo-no-50066-administrada-pelo-itau-para-aquisicao-de-autos-credito-no-valor-de-r-164-495-00-4860246,https://ms.sbwebservices.net/photos/982a4cfa-504e-487c-852a-581018d354db.jpg,,,https://www.superbid.net/evento/790398,2026-08-25T04:17:46-03:00,api_superbid_ok,,,,,,,
"Cota de Consórcio NÃO CONTEMPLADA, FINAL nº 42 do Grupo nº 20524, administrada pelo Itaú, para aquisição de Autos. Crédito no valor de R$ 54.803,00","Cota de Consórcio NÃO CONTEMPLADA, FINAL nº 42 do Grupo nº 20524, administrada pelo Itaú, para aquisição de Autos. Crédito no valor de R$ 54.803,00 Cota de Consórcio NÃO CONTEMPLADA, FINAL nº 42 do Grupo nº 20524, administrada pelo Itaú, para aquisição de Autos. Crédito no valor de R$ 54.803,00 Valor total pago até o momento: R$ 21.501,43 Valor a ser pago: R$ 43.183,37 Valor atual da parcela mensal: R$ 881,29 Número de parcelas a pagar: 49 Número de parcelas já pagas: 25 Informações Relevantes: 1 - FORMA DE PAGAMENTO: À vista; 2 - Parcela vigente do mês de Junho/2026 já quitada; 3- Taxa de tra","R$ 13.000,00",26,superbid.net,Sold - Cotas de Consórcio,2026-08-27,2026-08-27,14:25,,São Paulo,https://www.superbid.net/evento/790398,https://www.superbid.net/oferta/cota-de-consorcio-nao-contemplada-final-no-42-do-grupo-no-20524-administrada-pelo-itau-para-aquisicao-de-autos-credito-no-valor-de-r-54-803-00-4860263,https://ms.sbwebservices.net/photos/019de2f2-4aa7-4daf-a47d-fff774e4c358.jpg,,,https://www.superbid.net/evento/790398,2026-08-25T04:17:46-03:00,api_superbid_ok,,,,,,,
"Cota de Consórcio NÃO CONTEMPLADA FINAL nº 36 do Grupo nº 2067, administrada pela Mycon Consórcio para aquisição de IMÓVEL, Construção e/ou Reforma e quitação de financiamento. Crédito no valor de R$ 116.057,41","Cota de Consórcio NÃO CONTEMPLADA FINAL nº 36 do Grupo nº 2067, administrada pela Mycon Consórcio para aquisição de IMÓVEL, Construção e/ou Reforma e quitação de financiamento. Crédito no valor de R$ 116.057,41 Cota de Consórcio NÃO CONTEMPLADA FINAL nº 36 do Grupo nº 2067, administrada pela Mycon Consórcio para aquisição de IMÓVEL, Construção e/ou Reforma e quitação de financiamento. Crédito no valor de R$ 116.057,41 Valor total pago até o momento: R$ 23.450,14 Valor a ser pago: R$ 106.388,78 Valor atual da parcela mensal: R$ 231,76 Número de parcelas a pagar: 172 Número de parcelas já pagas:","R$ 12.000,00",27,superbid.net,Sold - Cotas de Consórcio,2026-08-27,2026-08-27,14:26,,São Paulo,https://www.superbid.net/evento/790398,https://www.superbid.net/oferta/cota-de-consorcio-nao-contemplada-final-no-36-do-grupo-no-2067-administrada-pela-mycon-consorcio-para-aquisicao-de-imovel-construcao-e-ou-reforma-e-quitacao-de-financiamento-credito-no-valor-de-r-116-057-41-4857698,https://ms.sbwebservices.net/photos/7bc889f1-fc88-4be6-9489-ca5fc8a1cefa.jpg,,,https://www.superbid.net/evento/790398,2026-08-25T04:17:46-03:00,api_superbid_ok,,,,,,,
"Cota de Consórcio NÃO CONTEMPLADA FINAL nº 67 do Grupo nº 2075, administrada pela Mycon Consórcio para aquisição de IMÓVEL, Construção e/ou Reforma e quitação de financiamento. Crédito no valor de R$ 103.453,67","Cota de Consórcio NÃO CONTEMPLADA FINAL nº 67 do Grupo nº 2075, administrada pela Mycon Consórcio para aquisição de IMÓVEL, Construção e/ou Reforma e quitação de financiamento. Crédito no valor de R$ 103.453,67 Cota de Consórcio NÃO CONTEMPLADA FINAL nº 67 do Grupo nº 2075, administrada pela Mycon Consórcio para aquisição de IMÓVEL, Construção e/ou Reforma e quitação de financiamento. Crédito no valor de R$ 103.453,67 Valor total pago até o momento: R$ 15.099,53 Valor a ser pago: R$ 97.929,03 Valor atual da parcela mensal: R$ 689,10 Número de parcelas a pagar: 142 Número de parcelas já pagas: ","R$ 8.500,00",28,superbid.net,Sold - Cotas de Consórcio,2026-08-27,2026-08-27,14:27,,São Paulo,https://www.superbid.net/evento/790398,https://www.superbid.net/oferta/cota-de-consorcio-nao-contemplada-final-no-67-do-grupo-no-2075-administrada-pela-mycon-consorcio-para-aquisicao-de-imovel-construcao-e-ou-reforma-e-quitacao-de-financiamento-credito-no-valor-de-r-103-453-67-4857696,https://ms.sbwebservices.net/photos/c09efab7-a82d-430d-b933-52cc404890d3.jpg,,,https://www.superbid.net/evento/790398,2026-08-25T04:17:46-03:00,api_superbid_ok,,,,,,,
"Cota de Consórcio NÃO CONTEMPLADA FINAL nº 85 do Grupo nº 4569, administrada pela Mycon Consórcio, para aquisição de AUTO. Crédito no valor de R$ 63.210,00","Cota de Consórcio NÃO CONTEMPLADA FINAL nº 85 do Grupo nº 4569, administrada pela Mycon Consórcio, para aquisição de AUTO. Crédito no valor de R$ 63.210,00 Cota de Consórcio NÃO CONTEMPLADA FINAL nº 85 do Grupo nº 4569, administrada pela Mycon Consórcio, para aquisição de AUTO. Crédito no valor de R$ 63.210,00 Valor total pago até o momento: R$ 13.883,52 Valor a ser pago: R$ 55.908,86 Valor atual da parcela mensal: R$ 289,70 Número de parcelas a pagar: 73 Número de parcelas já pagas: 23 Informações Relevantes: 1 - FORMA DE PAGAMENTO: À vista; 2 - Parcela vigente do mês de Junho/2026 já quitada","R$ 8.000,00",29,superbid.net,Sold - Cotas de Consórcio,2026-08-27,2026-08-27,14:28,,São Paulo,https://www.superbid.net/evento/790398,https://www.superbid.net/oferta/cota-de-consorcio-nao-contemplada-final-no-85-do-grupo-no-4569-administrada-pela-mycon-consorcio-para-aquisicao-de-auto-credito-no-valor-de-r-63-210-00-4857668,https://ms.sbwebservices.net/photos/877a2164-d8df-418f-8cea-9af02e21a5f7.jpg,,,https://www.superbid.net/evento/790398,2026-08-25T04:17:46-03:00,api_superbid_ok,,,,,,,
"Cota de Consórcio NÃO CONTEMPLADA FINAL nº 48 do Grupo nº 925, administrada pelo Bradesco, para aquisição de IMÓVEL, Construção e/ou Reforma e quitação de financiamento. Crédito no valor de R$ 120.861,44","Cota de Consórcio NÃO CONTEMPLADA FINAL nº 48 do Grupo nº 925, administrada pelo Bradesco, para aquisição de IMÓVEL, Construção e/ou Reforma e quitação de financiamento. Crédito no valor de R$ 120.861,44 Cota de Consórcio NÃO CONTEMPLADA FINAL nº 48 do Grupo nº 925, administrada pelo Bradesco, para aquisição de IMÓVEL, Construção e/ou Reforma e quitação de financiamento. Crédito no valor de R$ 120.861,44 Valor total pago até o momento: R$ 43.490,60 Valor a ser pago: R$ 103.230,29 Valor atual da parcela mensal: R$ 846,26 Número de parcelas a pagar: 122 Número de parcelas já pagas: 70 Informaçõe","R$ 22.000,00",30,superbid.net,Sold - Cotas de Consórcio,2026-08-27,2026-08-27,14:29,,São Paulo,https://www.superbid.net/evento/790398,https://www.superbid.net/oferta/cota-de-consorcio-nao-contemplada-final-no-48-do-grupo-no-925-administrada-pelo-bradesco-para-aquisicao-de-imovel-construcao-e-ou-reforma-e-quitacao-de-financiamento-credito-no-valor-de-r-120-861-44-4857666,https://ms.sbwebservices.net/photos/dca77815-b3aa-4c9b-a527-973b6395ba49.jpg,,,https://www.superbid.net/evento/790398,2026-08-25T04:17:46-03:00,api_superbid_ok,,,,,,,
"Cota de Consórcio NÃO CONTEMPLADA FINAL nº 56 do Grupo nº 875, administrada pelo Bradesco, para aquisição de IMÓVEL, Construção e/ou Reforma e quitação de financiamento. Crédito no valor de R$ 116.530,44","Cota de Consórcio NÃO CONTEMPLADA FINAL nº 56 do Grupo nº 875, administrada pelo Bradesco, para aquisição de IMÓVEL, Construção e/ou Reforma e quitação de financiamento. Crédito no valor de R$ 116.530,44 Cota de Consórcio NÃO CONTEMPLADA FINAL nº 56 do Grupo nº 875, administrada pelo Bradesco, para aquisição de IMÓVEL, Construção e/ou Reforma e quitação de financiamento. Crédito no valor de R$ 116.530,44 Valor total pago até o momento: R$ 45.520,15 Valor a ser pago: R$ 95.365,02 Valor atual da parcela mensal: R$ 1.075,76 Número de parcelas a pagar: 94 Número de parcelas já pagas: 43 1 - FORMA ","R$ 23.000,00",31,superbid.net,Sold - Cotas de Consórcio,2026-08-27,2026-08-27,14:30,,São Paulo,https://www.superbid.net/evento/790398,https://www.superbid.net/oferta/cota-de-consorcio-nao-contemplada-final-no-56-do-grupo-no-875-administrada-pelo-bradesco-para-aquisicao-de-imovel-construcao-e-ou-reforma-e-quitacao-de-financiamento-credito-no-valor-de-r-116-530-44-4857697,https://ms.sbwebservices.net/photos/09a8677c-fe59-475d-a38a-525a916666e6.jpg,,,https://www.superbid.net/evento/790398,2026-08-25T04:17:46-03:00,api_superbid_ok,,,,,,,
"CAVALO MECÂNICO SCANIA R450 A6X2, 2020/2020, Placa FINAL 3 (PR),","CAVALO MECÂNICO SCANIA R450 A6X2, 2020/2020, Placa FINAL 3 (PR), CH.: Scania R450 CAVALO MECÂNICO Marca: SCANIA Modelo: R450 A6X2 Ano Fab/Modelo: 2020/2020 Placa FINAL 3 (PR) Quilometragem acima de: 715600 Cor: BRANCA Combustível: Diesel Chassi: Eixos: Três Tração: 6x2 Câmbio: Automatizado Motor: Funcionando Condições Gerais Pintura: Bom Lataria: Bom Tapeçaria/Forração: Bom Qtd. de Pneus: 10 Estado dos Pneus: Regulares Observações: Motor: DC13 164 Potência Líq. Máx: 450 CV PBTC: 58,5 Toneladas CMT: 78,0 Toneladas Transmissão: Automatizada Opticruise de 12+2 Marchas Capacidade Máxima de Tração ","R$ 469.900,00",10,superbid.net,Volks|Confia,2026-08-31,2026-08-31,19:00,,"Limeira - SP, São Paulo",https://www.superbid.net/evento/volksconfia-779585,https://www.superbid.net/oferta/cavalo-mecanico-scania-r450-a6x2-2020-2020-placa-final-3-pr-4624266,https://ms.sbwebservices.net/photos/0c7d9d74-ab5a-4cc4-b9fa-f9db142f633f.jpg,,,https://www.superbid.net/evento/volksconfia-779585,2026-08-25T04:17:45-03:00,api_superbid_ok,,,,,,,
"CAVALO MECÂNICO VOLKSWAGEN 25.360 CTC 6X2, 2022/2023, Placa FINAL 7 (SP),","CAVALO MECÂNICO VOLKSWAGEN 25.360 CTC 6X2, 2022/2023, Placa FINAL 7 (SP), CH.: CAVALO MECÂNICO Marca: VOLKSWAGEN Modelo: 25.360 CTC 6X2 Ano Fab/Modelo: 2022/2023 Placa FINAL 7 (SP) Quilometragem acima de: 384392 Cor: BRANCA Combustível: Diesel Chassi: Eixos: Três Tração: 6x2 Cardan: Sim Diferencial: Sim Câmbio: Automatizado Motor: Funcionando Condições Gerais Pintura: Bom Lataria: Bom Tapeçaria/Forração: Bom Qtd. de Pneus: 10 Estado dos Pneus: Regulares Observações: Chave principal: Sim Chave reserva: Não Estepe: Sim Quinta Roda: Sim Tacógrafo: Sim Parabrisa: Piques de pedra PBT: 23000/28100 P","R$ 318.000,00",15,superbid.net,Volks|Confia,2026-08-31,2026-08-31,19:00,,"Limeira - SP, São Paulo",https://www.superbid.net/evento/volksconfia-779585,https://www.superbid.net/oferta/cavalo-mecanico-volkswagen-25-360-ctc-6x2-2022-2023-placa-final-7-sp-4680825,https://img.youtube.com/vi/-FIceva7EAg/0.jpg,,,https://www.superbid.net/evento/volksconfia-779585,2026-08-25T04:17:45-03:00,api_superbid_ok,,,,,,,
"CAVALO MECÂNICO VOLKSWAGEN 25.360 CTC 6X2, 2022/2023, Placa FINAL 3 (SP),","CAVALO MECÂNICO VOLKSWAGEN 25.360 CTC 6X2, 2022/2023, Placa FINAL 3 (SP), CH.: CAVALO MECÂNICO Marca: VOLKSWAGEN Modelo: 25.360 CTC 6X2 Ano Fab/Modelo: 2022/2023 Placa FINAL 3 (SP) Quilometragem acima de: 404249 Cor: BRANCA Combustível: Diesel Chassi: Eixos: Três Tração: 6x2 Cardan: Sim Diferencial: Sim Câmbio: Automatizado Motor: Funcionando Condições Gerais Pintura: Bom Lataria: Bom Tapeçaria/Forração: Bom Qtd. de Pneus: 10 Estado dos Pneus: Regulares Observações: Chave principal: Sim Chave reserva: Não Estepe: Sim Quinta Roda: Sim Tacógrafo: Sim PBT: 23000/28100 PBTC: 53000 CMT: 56000 Entre","R$ 318.000,00",16,superbid.net,Volks|Confia,2026-08-31,2026-08-31,19:00,,"Limeira - SP, São Paulo",https://www.superbid.net/evento/volksconfia-779585,https://www.superbid.net/oferta/cavalo-mecanico-volkswagen-25-360-ctc-6x2-2022-2023-placa-final-3-sp-4680824,https://img.youtube.com/vi/l7q7wjS_HJM/0.jpg,,,https://www.superbid.net/evento/volksconfia-779585,2026-08-25T04:17:45-03:00,api_superbid_ok,,,,,,,
"CAVALO MECÂNICO VOLKSWAGEN 25.360 CTC 6X2, 2022/2023, Placa FINAL 1 (SP),","CAVALO MECÂNICO VOLKSWAGEN 25.360 CTC 6X2, 2022/2023, Placa FINAL 1 (SP), CH.: CAVALO MECÂNICO Marca: VOLKSWAGEN Modelo: 25.360 CTC 6X2 Ano Fab/Modelo: 2022/2023 Placa FINAL 1 (SP) Quilometragem acima de: 494517 Cor: BRANCA Combustível: Diesel Chassi: Eixos: Três Tração: 6x2 Cardan: Sim Diferencial: Sim Câmbio: Automatizado Motor: Funcionando Condições Gerais Pintura: Bom Lataria: Bom Tapeçaria/Forração: Bom Qtd. de Pneus: 10 Estado dos Pneus: Regulares Observações: Chave principal: Sim Chave reserva: Não Estepe: Sim Quinta Roda: Sim Tacógrafo: Sim PBT: 23000/28100 PBTC: 53000 CMT: 56000 Entre","R$ 318.000,00",17,superbid.net,Volks|Confia,2026-08-31,2026-08-31,19:00,,"Limeira - SP, São Paulo",https://www.superbid.net/evento/volksconfia-779585,https://www.superbid.net/oferta/cavalo-mecanico-volkswagen-25-360-ctc-6x2-2022-2023-placa-final-1-sp-4676304,https://img.youtube.com/vi/T7Gh74OZS4U/0.jpg,,,https://www.superbid.net/evento/volksconfia-779585,2026-08-25T04:17:45-03:00,api_superbid_ok,,,,,,,
"CAVALO MECÂNICO VOLKSWAGEN 25.360 CTC 6X2, 2022/2023, Placa FINAL 3 (SP),","CAVALO MECÂNICO VOLKSWAGEN 25.360 CTC 6X2, 2022/2023, Placa FINAL 3 (SP), CH.: CAVALO MECÂNICO Marca: VOLKSWAGEN Modelo: 25.360 CTC 6X2 Ano Fab/Modelo: 2022/2023 Placa FINAL 3 (SP) Quilometragem acima de: 458062 Cor: BRANCA Combustível: Diesel Chassi: Eixos: Três Tração: 6x2 Cardan: Sim Diferencial: Sim Câmbio: Automatizado Motor: Funcionando Condições Gerais Pintura: Bom Lataria: Bom Tapeçaria/Forração: Bom Qtd. de Pneus: 10 Estado dos Pneus: Regulares Observações: Chave principal: Sim Chave reserva: Não Manual: Sim Estepe: Sim Quinta Roda: Sim Tacógrafo: Sim PBT: 23000/28100 PBTC: 53000 CMT:","R$ 318.000,00",18,superbid.net,Volks|Confia,2026-08-31,2026-08-31,19:00,,"Limeira - SP, São Paulo",https://www.superbid.net/evento/volksconfia-779585,https://www.superbid.net/oferta/cavalo-mecanico-volkswagen-25-360-ctc-6x2-2022-2023-placa-final-3-sp-4680823,https://img.youtube.com/vi/7N9wptvJjxU/0.jpg,,,https://www.superbid.net/evento/volksconfia-779585,2026-08-25T04:17:45-03:00,api_superbid_ok,,,,,,,
"CAVALO MECÂNICO VOLKSWAGEN 25.360 CTC 6X2, 2022/2023, Placa FINAL 7 (SP),","CAVALO MECÂNICO VOLKSWAGEN 25.360 CTC 6X2, 2022/2023, Placa FINAL 7 (SP), CH.: CAVALO MECÂNICO Marca: VOLKSWAGEN Modelo: 25.360 CTC 6X2 Ano Fab/Modelo: 2022/2023 Placa FINAL 7 (SP) Quilometragem acima de: 415403 Cor: BRANCA Combustível: Diesel Chassi: Eixos: Três Tração: 6x2 Cardan: Sim Diferencial: Sim Câmbio: Automatizado Motor: Funcionando Condições Gerais Pintura: Bom Lataria: Bom Tapeçaria/Forração: Bom Qtd. de Pneus: 10 Estado dos Pneus: Regulares Observações: Chave principal: Sim Chave reserva: Não Estepe: Sim Quinta Roda: Sim Tacógrafo: Sim PBT: 23000/28100 PBTC: 53000 CMT: 56000 Entre","R$ 318.000,00",19,superbid.net,Volks|Confia,2026-08-31,2026-08-31,19:00,,"Limeira - SP, São Paulo",https://www.superbid.net/evento/volksconfia-779585,https://www.superbid.net/oferta/cavalo-mecanico-volkswagen-25-360-ctc-6x2-2022-2023-placa-final-7-sp-4680822,https://img.youtube.com/vi/nDILS8sx6U8/0.jpg,,,https://www.superbid.net/evento/volksconfia-779585,2026-08-25T04:17:45-03:00,api_superbid_ok,,,,,,,
"CAVALO MECÂNICO VOLKSWAGEN 25.360 CTC 6X2, 2022/2023, Placa FINAL 7 (SP),","CAVALO MECÂNICO VOLKSWAGEN 25.360 CTC 6X2, 2022/2023, Placa FINAL 7 (SP), CH.: CAVALO MECÂNICO Marca: VOLKSWAGEN Modelo: 25.360 CTC 6X2 Ano Fab/Modelo: 2022/2023 Placa FINAL 7 (SP) Quilometragem acima de: 364868 Cor: BRANCA Combustível: Diesel Chassi: Eixos: Três Tração: 6x2 Cardan: Sim Diferencial: Sim Câmbio: Automatizado Motor: Funcionando Condições Gerais Pintura: Bom Lataria: Bom Tapeçaria/Forração: Bom Qtd. de Pneus: 10 Estado dos Pneus: Regulares Observações: Chave principal: Sim Chave reserva: Não Estepe: Sim Quinta Roda: Sim Tacógrafo: Sim PBT: 23000/28100 PBTC: 53000 CMT: 56000 Entre","R$ 318.000,00",20,superbid.net,Volks|Confia,2026-08-31,2026-08-31,19:00,,"Limeira - SP, São Paulo",https://www.superbid.net/evento/volksconfia-779585,https://www.superbid.net/oferta/cavalo-mecanico-volkswagen-25-360-ctc-6x2-2022-2023-placa-final-7-sp-4676303,https://img.youtube.com/vi/XO7XPIFi-aU/0.jpg,,,https://www.superbid.net/evento/volksconfia-779585,2026-08-25T04:17:45-03:00,api_superbid_ok,,,,,,,
"CAVALO MECÂNICO VOLKSWAGEN 25.360 CTC 6X2, 2022/2023, Placa FINAL 7 (SP),","CAVALO MECÂNICO VOLKSWAGEN 25.360 CTC 6X2, 2022/2023, Placa FINAL 7 (SP), CH.: CAVALO MECÂNICO Marca: VOLKSWAGEN Modelo: 25.360 CTC 6X2 Ano Fab/Modelo: 2022/2023 Placa FINAL 7 (SP) Quilometragem acima de: 377509 Cor: BRANCA Combustível: Diesel Chassi: Eixos: Três Tração: 6x2 Cardan: Sim Diferencial: Sim Câmbio: Automatizado Motor: Funcionando Condições Gerais Pintura: Bom Lataria: Bom Tapeçaria/Forração: Bom Qtd. de Pneus: 10 Estado dos Pneus: Regulares Observações: Chave principal: Sim Chave reserva: Não Estepe: Sim Quinta Roda: Sim Tacógrafo: Sim PBT: 23000/28100 PBTC: 53000 CMT: 56000 Entre","R$ 318.000,00",21,superbid.net,Volks|Confia,2026-08-31,2026-08-31,19:00,,"Limeira - SP, São Paulo",https://www.superbid.net/evento/volksconfia-779585,https://www.superbid.net/oferta/cavalo-mecanico-volkswagen-25-360-ctc-6x2-2022-2023-placa-final-7-sp-4676302,https://img.youtube.com/vi/W2ge8mnanlA/0.jpg,,,https://www.superbid.net/evento/volksconfia-779585,2026-08-25T04:17:45-03:00,api_superbid_ok,,,,,,,
"CAVALO MECÂNICO VOLKSWAGEN 25.360 CTC 6X2, 2022/2023, Placa FINAL 4 (SP),","CAVALO MECÂNICO VOLKSWAGEN 25.360 CTC 6X2, 2022/2023, Placa FINAL 4 (SP), CH.: CAVALO MECÂNICO Marca: VOLKSWAGEN Modelo: 25.360 CTC 6X2 Ano Fab/Modelo: 2022/2023 Placa FINAL 4 (SP) Quilometragem acima de: 364296 Cor: BRANCA Combustível: Diesel Chassi: Eixos: Três Tração: 6x2 Cardan: Sim Diferencial: Sim Câmbio: Automatizado Motor: Funcionando Condições Gerais Pintura: Bom Lataria: Bom Tapeçaria/Forração: Bom Qtd. de Pneus: 10 Estado dos Pneus: Regulares Observações: Chave principal: Sim Chave reserva: Não Estepe: Sim Quinta Roda: Sim Tacógrafo: Sim PBT: 23000/28100 PBTC: 53000 CMT: 56000 Entre","R$ 318.000,00",22,superbid.net,Volks|Confia,2026-08-31,2026-08-31,19:00,,"Limeira - SP, São Paulo",https://www.superbid.net/evento/volksconfia-779585,https://www.superbid.net/oferta/cavalo-mecanico-volkswagen-25-360-ctc-6x2-2022-2023-placa-final-4-sp-4680821,https://img.youtube.com/vi/UU2piTSfYtA/0.jpg,,,https://www.superbid.net/evento/volksconfia-779585,2026-08-25T04:17:45-03:00,api_superbid_ok,,,,,,,
"CAVALO MECÂNICO VOLKSWAGEN 25.360 CTC 6X2, 2022/2023, Placa FINAL 2 (SP),","CAVALO MECÂNICO VOLKSWAGEN 25.360 CTC 6X2, 2022/2023, Placa FINAL 2 (SP), CH.: CAVALO MECÂNICO Marca: VOLKSWAGEN Modelo: 25.360 CTC 6X2 Ano Fab/Modelo: 2022/2023 Placa FINAL 2 (SP) Quilometragem acima de: 414274 Cor: BRANCA Combustível: Diesel Chassi: Eixos: Três Tração: 6x2 Cardan: Sim Diferencial: Sim Câmbio: Automatizado Motor: Funcionando Condições Gerais Pintura: Bom Lataria: Bom Tapeçaria/Forração: Bom Qtd. de Pneus: 10 Estado dos Pneus: Regulares Observações: Chave principal: Sim Chave reserva: Não Estepe: Sim Quinta Roda: Sim Tacógrafo: Sim PBT: 23000/28100 PBTC: 53000 CMT: 56000 Entre","R$ 318.000,00",23,superbid.net,Volks|Confia,2026-08-31,2026-08-31,19:00,,"Limeira - SP, São Paulo",https://www.superbid.net/evento/volksconfia-779585,https://www.superbid.net/oferta/cavalo-mecanico-volkswagen-25-360-ctc-6x2-2022-2023-placa-final-2-sp-4680817,https://img.youtube.com/vi/zEvSGImCNik/0.jpg,,,https://www.superbid.net/evento/volksconfia-779585,2026-08-25T04:17:45-03:00,api_superbid_ok,,,,,,,
"CAVALO MECÂNICO VOLKSWAGEN 25.360 CTC 6X2, 2022/2023, Placa FINAL 5 (SP),","CAVALO MECÂNICO VOLKSWAGEN 25.360 CTC 6X2, 2022/2023, Placa FINAL 5 (SP), CH.: CAVALO MECÂNICO Marca: VOLKSWAGEN Modelo: 25.360 CTC 6X2 Ano Fab/Modelo: 2022/2023 Placa FINAL 5 (SP) Quilometragem acima de: 418180 Cor: BRANCA Combustível: Diesel Chassi: Eixos: Três Tração: 6x2 Cardan: Sim Diferencial: Sim Câmbio: Automatizado Motor: Funcionando Condições Gerais Pintura: Bom Lataria: Bom Tapeçaria/Forração: Bom Qtd. de Pneus: 10 Estado dos Pneus: Regulares Observações: Chave principal: Sim Chave reserva: Não Estepe: Sim Quinta Roda: Sim Tacógrafo: Sim PBT: 23000/28100 PBTC: 53000 CMT: 56000 Entre","R$ 318.000,00",24,superbid.net,Volks|Confia,2026-08-31,2026-08-31,19:00,,"Limeira - SP, São Paulo",https://www.superbid.net/evento/volksconfia-779585,https://www.superbid.net/oferta/cavalo-mecanico-volkswagen-25-360-ctc-6x2-2022-2023-placa-final-5-sp-4680820,https://img.youtube.com/vi/FklDZLrTfpM/0.jpg,,,https://www.superbid.net/evento/volksconfia-779585,2026-08-25T04:17:45-03:00,api_superbid_ok,,,,,,,
"CAVALO MECÂNICO VOLKSWAGEN 25.360 CTC 6X2, 2022/2023, Placa FINAL 4 (SP),","CAVALO MECÂNICO VOLKSWAGEN 25.360 CTC 6X2, 2022/2023, Placa FINAL 4 (SP), CH.: CAVALO MECÂNICO Marca: VOLKSWAGEN Modelo: 25.360 CTC 6X2 Ano Fab/Modelo: 2022/2023 Placa FINAL 4 (SP) Quilometragem acima de: 434115 Cor: BRANCA Combustível: Diesel Chassi: Eixos: Três Tração: 6x2 Cardan: Sim Diferencial: Sim Câmbio: Automatizado Motor: Funcionando Condições Gerais Pintura: Bom Lataria: Bom Tapeçaria/Forração: Bom Qtd. de Pneus: 10 Estado dos Pneus: Regulares Observações: Chave principal: Sim Chave reserva: Não Estepe: Sim Quinta Roda: Sim Tacógrafo: Sim PBT: 23000/28100 PBTC: 53000 CMT: 56000 Entre","R$ 318.000,00",25,superbid.net,Volks|Confia,2026-08-31,2026-08-31,19:00,,"Limeira - SP, São Paulo",https://www.superbid.net/evento/volksconfia-779585,https://www.superbid.net/oferta/cavalo-mecanico-volkswagen-25-360-ctc-6x2-2022-2023-placa-final-4-sp-4676301,https://img.youtube.com/vi/HTbzR6mDbjQ/0.jpg,,,https://www.superbid.net/evento/volksconfia-779585,2026-08-25T04:17:45-03:00,api_superbid_ok,,,,,,,
"CAVALO MECÂNICO VOLKSWAGEN 25.360 CTC 6X2, 2022/2023, Placa FINAL 7 (SP),","CAVALO MECÂNICO VOLKSWAGEN 25.360 CTC 6X2, 2022/2023, Placa FINAL 7 (SP), CH.: CAVALO MECÂNICO Marca: VOLKSWAGEN Modelo: 25.360 CTC 6X2 Ano Fab/Modelo: 2022/2023 Placa FINAL 7 (SP) Quilometragem acima de: 392655 Cor: BRANCA Combustível: Diesel Chassi: Eixos: Três Tração: 6x2 Cardan: Sim Diferencial: Sim Câmbio: Automatizado Motor: Funcionando Condições Gerais Pintura: Bom Lataria: Bom Tapeçaria/Forração: Bom Qtd. de Pneus: 10 Estado dos Pneus: Regulares Observações: Chave principal: Sim Chave reserva: Sim Estepe: Sim Quinta Roda: Sim Tacógrafo: Sim Parabrisa: Piques de pedra Defletor de ar: Qu","R$ 318.000,00",26,superbid.net,Volks|Confia,2026-08-31,2026-08-31,19:00,,"Limeira - SP, São Paulo",https://www.superbid.net/evento/volksconfia-779585,https://www.superbid.net/oferta/cavalo-mecanico-volkswagen-25-360-ctc-6x2-2022-2023-placa-final-7-sp-4680819,https://img.youtube.com/vi/76z39B6T6W0/0.jpg,,,https://www.superbid.net/evento/volksconfia-779585,2026-08-25T04:17:45-03:00,api_superbid_ok,,,,,,,
"CAVALO MECÂNICO VOLKSWAGEN 25.360 CTC 6X2, 2022/2023, Placa FINAL 3 (SP),","CAVALO MECÂNICO VOLKSWAGEN 25.360 CTC 6X2, 2022/2023, Placa FINAL 3 (SP), CH.: CAVALO MECÂNICO Marca: VOLKSWAGEN Modelo: 25.360 CTC 6X2 Ano Fab/Modelo: 2022/2023 Placa FINAL 3 (SP) Quilometragem acima de: 443681 Cor: BRANCA Combustível: Diesel Chassi: Eixos: Três Tração: 6x2 Cardan: Sim Diferencial: Sim Câmbio: Automatizado Motor: Funcionando Condições Gerais Pintura: Bom Lataria: Bom Tapeçaria/Forração: Bom Qtd. de Pneus: 10 Estado dos Pneus: Regulares Observações: Chave principal: Sim Chave reserva: Não Estepe: Sim Quinta Roda: Sim Tacógrafo: Sim PBT: 23000/28100 PBTC: 53000 CMT: 56000 Entre","R$ 318.000,00",27,superbid.net,Volks|Confia,2026-08-31,2026-08-31,19:00,,"Limeira - SP, São Paulo",https://www.superbid.net/evento/volksconfia-779585,https://www.superbid.net/oferta/cavalo-mecanico-volkswagen-25-360-ctc-6x2-2022-2023-placa-final-3-sp-4676298,https://img.youtube.com/vi/G1CZ0PDKL5g/0.jpg,,,https://www.superbid.net/evento/volksconfia-779585,2026-08-25T04:17:45-03:00,api_superbid_ok,,,,,,,
"CAVALO MECÂNICO VOLKSWAGEN 25.360 CTC 6X2, 2022/2023, Placa FINAL 4 (SP),","CAVALO MECÂNICO VOLKSWAGEN 25.360 CTC 6X2, 2022/2023, Placa FINAL 4 (SP), CH.: CAVALO MECÂNICO Marca: VOLKSWAGEN Modelo: 25.360 CTC 6X2 Ano Fab/Modelo: 2022/2023 Placa FINAL 4 (SP) Quilometragem acima de: 496244 Cor: BRANCA Combustível: Diesel Chassi: Eixos: Três Tração: 6x2 Cardan: Sim Diferencial: Sim Câmbio: Automatizado Motor: Funcionando Condições Gerais Pintura: Bom Lataria: Bom Tapeçaria/Forração: Bom Qtd. de Pneus: 10 Estado dos Pneus: Regulares Observações: Chave principal: Sim Chave reserva: Não Estepe: Sim Quinta Roda: Sim Tacógrafo: Sim PBT: 23000/28100 PBTC: 53000 CMT: 56000 Entre","R$ 318.000,00",28,superbid.net,Volks|Confia,2026-08-31,2026-08-31,19:00,,"Limeira - SP, São Paulo",https://www.superbid.net/evento/volksconfia-779585,https://www.superbid.net/oferta/cavalo-mecanico-volkswagen-25-360-ctc-6x2-2022-2023-placa-final-4-sp-4676300,https://img.youtube.com/vi/PnSA4s_6bl0/0.jpg,,,https://www.superbid.net/evento/volksconfia-779585,2026-08-25T04:17:45-03:00,api_superbid_ok,,,,,,,
"CAVALO MECÂNICO VOLKSWAGEN 25.360 CTC 6X2, 2022/2023, Placa FINAL 7 (SP),","CAVALO MECÂNICO VOLKSWAGEN 25.360 CTC 6X2, 2022/2023, Placa FINAL 7 (SP), CH.: CAVALO MECÂNICO Marca: VOLKSWAGEN Modelo: 25.360 CTC 6X2 Ano Fab/Modelo: 2022/2023 Placa FINAL 7 (SP) Quilometragem acima de: 420270 Cor: BRANCA Combustível: Diesel Chassi: Eixos: Três Tração: 6x2 Cardan: Sim Diferencial: Sim Câmbio: Automatizado Motor: Funcionando Condições Gerais Pintura: Bom Lataria: Bom Tapeçaria/Forração: Bom Qtd. de Pneus: 10 Estado dos Pneus: Regulares Observações: Chave principal: Sim Chave reserva: Não Estepe: Sim Quinta Roda: Sim Tacógrafo: Sim Parabrisa: Piques de pedra PBT: 23000/28100 P","R$ 318.000,00",29,superbid.net,Volks|Confia,2026-08-31,2026-08-31,19:00,,"Limeira - SP, São Paulo",https://www.superbid.net/evento/volksconfia-779585,https://www.superbid.net/oferta/cavalo-mecanico-volkswagen-25-360-ctc-6x2-2022-2023-placa-final-7-sp-4676296,https://img.youtube.com/vi/8E-xrwfVyss/0.jpg,,,https://www.superbid.net/evento/volksconfia-779585,2026-08-25T04:17:45-03:00,api_superbid_ok,,,,,,,
"CAVALO MECÂNICO VOLKSWAGEN 25.360 CTC 6X2, 2022/2023, Placa FINAL 4 (SP),","CAVALO MECÂNICO VOLKSWAGEN 25.360 CTC 6X2, 2022/2023, Placa FINAL 4 (SP), CH.: CAVALO MECÂNICO Marca: VOLKSWAGEN Modelo: 25.360 CTC 6X2 Ano Fab/Modelo: 2022/2023 Placa FINAL 4 (SP) Quilometragem acima de: 398782 Cor: BRANCA Combustível: Diesel Chassi: Eixos: Três Tração: 6x2 Cardan: Sim Diferencial: Sim Câmbio: Automatizado Motor: Funcionando Condições Gerais Pintura: Bom Lataria: Bom Tapeçaria/Forração: Bom Qtd. de Pneus: 10 Estado dos Pneus: Regulares Observações: Chave principal: Sim Chave reserva: Não Estepe: Sim Quinta Roda: Sim Tacógrafo: Sim Parabrisa: Piques de pedra PBT: 23000/28100 P","R$ 318.000,00",30,superbid.net,Volks|Confia,2026-08-31,2026-08-31,19:00,,"Limeira - SP, São Paulo",https://www.superbid.net/evento/volksconfia-779585,https://www.superbid.net/oferta/cavalo-mecanico-volkswagen-25-360-ctc-6x2-2022-2023-placa-final-4-sp-4676297,https://img.youtube.com/vi/wheWGUwB_2I/0.jpg,,,https://www.superbid.net/evento/volksconfia-779585,2026-08-25T04:17:45-03:00,api_superbid_ok,,,,,,,
"CAVALO MECÂNICO VOLKSWAGEN 25.360 CTC 6X2, 2022/2023, Placa FINAL 7 (SP),","CAVALO MECÂNICO VOLKSWAGEN 25.360 CTC 6X2, 2022/2023, Placa FINAL 7 (SP), CH.: CAVALO MECÂNICO Marca: VOLKSWAGEN Modelo: 25.360 CTC 6X2 Ano Fab/Modelo: 2022/2023 Placa FINAL 7 (SP) Quilometragem acima de: 365175 Cor: BRANCA Combustível: Diesel Chassi: Eixos: Três Tração: 6x2 Cardan: Sim Diferencial: Sim Câmbio: Automatizado Motor: Funcionando Condições Gerais Pintura: Bom Lataria: Bom Tapeçaria/Forração: Bom Qtd. de Pneus: 10 Estado dos Pneus: Regulares Observações: Chave principal: Sim Chave reserva: Não Estepe: Sim Quinta Roda: Sim Tacógrafo: Sim Parabrisa: Piques de pedra PBT: 23000/28100 P","R$ 318.000,00",31,superbid.net,Volks|Confia,2026-08-31,2026-08-31,19:00,,"Limeira - SP, São Paulo",https://www.superbid.net/evento/volksconfia-779585,https://www.superbid.net/oferta/cavalo-mecanico-volkswagen-25-360-ctc-6x2-2022-2023-placa-final-7-sp-4680818,https://img.youtube.com/vi/Fsa4Dkhcuws/0.jpg,,,https://www.superbid.net/evento/volksconfia-779585,2026-08-25T04:17:45-03:00,api_superbid_ok,,,,,,,
