id_marcador_mapa,nome,camada,data,data_original,hora_marcador,status_data,uf,endereco_ou_localizacao,latitude,longitude,link,site_leiloeiro,fonte_data_hora,link_edital,resumo_edital,descricao
marcador-1,[PÁTIO DO LEILOEIRO] VIP LEILÕES MANAUS - AM,[PÁTIO DO LEILOEIRO],,,,sem_data,AM,"R. Visc. de Sinimbú - Flores, Manaus - AM, 69058-790",,,https://www.vipleiloes.com.br/,https://www.vipleiloes.com.br/,mapa,,,• Pátio de leiloeiro (leilões diários/semanais) • Entre no site e veja se há leilão ativo nesse pátio.
marcador-2,[PÁTIO DO LEILOEIRO] VIP LEILÕES SALVADOR - BA,[PÁTIO DO LEILOEIRO],,,,sem_data,BA,"R. Nafta, 717 - Polo Petroquímico, Camaçari - BA, 42810-210",,,https://www.vipleiloes.com.br/,https://www.vipleiloes.com.br/,mapa,,,• Pátio de leiloeiro (leilões diários/semanais) • Entre no site e veja se há leilão ativo nesse pátio.
marcador-3,[PÁTIO DO LEILOEIRO] VIP LEILÕES FORTALEZA - CE,[PÁTIO DO LEILOEIRO],,,,sem_data,CE,"Campo Grande, Caucaia - CE, 61680-000",,,https://www.vipleiloes.com.br/,https://www.vipleiloes.com.br/,mapa,,,• Pátio de leiloeiro (leilões diários/semanais) • Entre no site e veja se há leilão ativo nesse pátio.
marcador-4,[PÁTIO DO LEILOEIRO] VIP LEILÕES GOIANA - GO,[PÁTIO DO LEILOEIRO],,,,sem_data,GO,"Av. Castelo Branco, 5360, Esplanada dos Ancuns - Goiania 74433-030",,,https://www.vipleiloes.com.br/,https://www.vipleiloes.com.br/,mapa,,,• Pátio de leiloeiro (leilões diários/semanais) • Entre no site e veja se há leilão ativo nesse pátio.
marcador-5,[PÁTIO DO LEILOEIRO] VIP LEILÕES IMPERATRIZ - MA,[PÁTIO DO LEILOEIRO],,,,sem_data,MA,"Campo Grande, Caucaia - CE, 61680-000",,,https://www.vipleiloes.com.br/,https://www.vipleiloes.com.br/,mapa,,,• Pátio de leiloeiro (leilões diários/semanais) • Entre no site e veja se há leilão ativo nesse pátio.
marcador-6,[PÁTIO DO LEILOEIRO] VIP LEILÕES SÃO LUIS - MA,[PÁTIO DO LEILOEIRO],,,,sem_data,MA,"Av. Engenheiro Emiliano Maciera Km 7, nº 5 - Maracana/São Luis",,,https://www.vipleiloes.com.br/,https://www.vipleiloes.com.br/,mapa,,,• Pátio de leiloeiro (leilões diários/semanais) • Entre no site e veja se há leilão ativo nesse pátio.
marcador-7,[PÁTIO DO LEILOEIRO] VIP LEILÕES VÁRZEA GRANDE - MT,[PÁTIO DO LEILOEIRO],,,,sem_data,MT,"Governador Julio Domingos de Campos, 4975 - Marajoara/Várzera Grande 78138-198",,,https://www.vipleiloes.com.br/,https://www.vipleiloes.com.br/,mapa,,,• Pátio de leiloeiro (leilões diários/semanais) • Entre no site e veja se há leilão ativo nesse pátio.
marcador-8,[PÁTIO DO LEILOEIRO] VIP LEILÕES BETIM - MG,[PÁTIO DO LEILOEIRO],,,,sem_data,MG,"Av. Engenheiro Gerhard Ett, 1525 - D - Paulo Camilo 3/Betim 32669-110",,,https://www.vipleiloes.com.br/,https://www.vipleiloes.com.br/,mapa,,,• Pátio de leiloeiro (leilões diários/semanais) • Entre no site e veja se há leilão ativo nesse pátio.
marcador-9,[PÁTIO DO LEILOEIRO] VIP LEILÕES MARITUBA - PA,[PÁTIO DO LEILOEIRO],,,,sem_data,PA,"Alça Viária do Pará, 888, Marituba - PA, 67000-000",,,https://www.vipleiloes.com.br/,https://www.vipleiloes.com.br/,mapa,,,• Pátio de leiloeiro (leilões diários/semanais) • Entre no site e veja se há leilão ativo nesse pátio.
marcador-10,[PÁTIO DO LEILOEIRO] VIP LEILÕES MARABÁ - PA,[PÁTIO DO LEILOEIRO],,,,sem_data,PA,"BR-222, 03 - São Félix, Marabá - PA",,,https://www.vipleiloes.com.br/,https://www.vipleiloes.com.br/,mapa,,,• Pátio de leiloeiro (leilões diários/semanais) • Entre no site e veja se há leilão ativo nesse pátio.
marcador-11,[PÁTIO DO LEILOEIRO] VIP LEILÕES PARAUPEBAS - PA,[PÁTIO DO LEILOEIRO],,,,sem_data,PA,Rodovia Faruk Salmen KM 04 - Zona Rural/Parauapebas 68515-000,,,https://www.vipleiloes.com.br/,https://www.vipleiloes.com.br/,mapa,,,• Pátio de leiloeiro (leilões diários/semanais) • Entre no site e veja se há leilão ativo nesse pátio.
marcador-12,[PÁTIO DO LEILOEIRO] VIP LEILÕES SANTARÉM - PA,[PÁTIO DO LEILOEIRO],,,,sem_data,PA,"Rua SANTANA, 474, Salé/Santarém 68040-200",,,https://www.vipleiloes.com.br/,https://www.vipleiloes.com.br/,mapa,,,• Pátio de leiloeiro (leilões diários/semanais) • Entre no site e veja se há leilão ativo nesse pátio.
marcador-13,[PÁTIO DO LEILOEIRO] VIP LEILÕES COLOMBO - PR,[PÁTIO DO LEILOEIRO],,,,sem_data,PR,"R. Pedro Zanetti, 142 - Jardim Canguiri, Colombo - PR, 83412-585",,,https://www.vipleiloes.com.br/,https://www.vipleiloes.com.br/,mapa,,,• Pátio de leiloeiro (leilões diários/semanais) • Entre no site e veja se há leilão ativo nesse pátio.
marcador-14,[PÁTIO DO LEILOEIRO] VIP LEILÕES CURITIBA - PR,[PÁTIO DO LEILOEIRO],,,,sem_data,PR,"R. Amadeu Assad Yassim, 380 - Bacacheri, Curitiba - PR, 82520-800",,,https://www.vipleiloes.com.br/,https://www.vipleiloes.com.br/,mapa,,,• Pátio de leiloeiro (leilões diários/semanais) • Entre no site e veja se há leilão ativo nesse pátio.
marcador-15,[PÁTIO DO LEILOEIRO] VIP LEILÕES RECIFE PAULISTA - PE,[PÁTIO DO LEILOEIRO],,,,sem_data,PE,"Av. Severino Josino Guerra, 20, Paulista - PE, 53413-195",,,https://www.vipleiloes.com.br/,https://www.vipleiloes.com.br/,mapa,,,• Pátio de leiloeiro (leilões diários/semanais) • Entre no site e veja se há leilão ativo nesse pátio.
marcador-16,[PÁTIO DO LEILOEIRO] VIP LEILÕES FLORIANO - PI,[PÁTIO DO LEILOEIRO],,,,sem_data,PI,"R. Sete de Setembro, 1260 - São Cristóvão, Floriano - PI, 64800-850",,,https://www.vipleiloes.com.br/,https://www.vipleiloes.com.br/,mapa,,,• Pátio de leiloeiro (leilões diários/semanais) • Entre no site e veja se há leilão ativo nesse pátio.
marcador-17,[PÁTIO DO LEILOEIRO] VIP LEILÕES PARANAÍBA - PI,[PÁTIO DO LEILOEIRO],,,,sem_data,PI,"Rua Evandro Lins e Silva, R. Evandro Lins e Silva - Piauí, Parnaíba - PI, 64211-210, Brasil",,,https://www.vipleiloes.com.br/,https://www.vipleiloes.com.br/,mapa,,,• Pátio de leiloeiro (leilões diários/semanais) • Entre no site e veja se há leilão ativo nesse pátio.
marcador-18,[PÁTIO DO LEILOEIRO] VIP LEILÕES PICOS - PI,[PÁTIO DO LEILOEIRO],,,,sem_data,PI,"R. Ducarmo Nunes, 80 - Ipueiras, Picos - PI, 64600-000",,,https://www.vipleiloes.com.br/,https://www.vipleiloes.com.br/,mapa,,,• Pátio de leiloeiro (leilões diários/semanais) • Entre no site e veja se há leilão ativo nesse pátio.
marcador-19,[PÁTIO DO LEILOEIRO] VIP LEILÕES TERESINA - PI,[PÁTIO DO LEILOEIRO],,,,sem_data,PI,"Av. Dr. Josué de Moura Santos, 6576 - Pedra Mole, Teresina - PI, 64011-500",,,https://www.vipleiloes.com.br/,https://www.vipleiloes.com.br/,mapa,,,• Pátio de leiloeiro (leilões diários/semanais) • Entre no site e veja se há leilão ativo nesse pátio.
marcador-20,[PÁTIO DO LEILOEIRO] VIP LEILÕES RIO DE JANEIRO - RJ,[PÁTIO DO LEILOEIRO],,,,sem_data,RJ,"Av. Brasil, 14000 B - Rio de Janeiro",,,https://www.vipleiloes.com.br/,https://www.vipleiloes.com.br/,mapa,,,• Pátio de leiloeiro (leilões diários/semanais) • Entre no site e veja se há leilão ativo nesse pátio.
marcador-21,[PÁTIO DO LEILOEIRO] VIP LEILÕES RIO GRANDE - RS,[PÁTIO DO LEILOEIRO],,,,sem_data,RS,"Av. Antônio Batista, 595 - Santa Cecília, Viamão - RS, 94495-020",,,https://www.vipleiloes.com.br/,https://www.vipleiloes.com.br/,mapa,,,• Pátio de leiloeiro (leilões diários/semanais) • Entre no site e veja se há leilão ativo nesse pátio.
marcador-22,[PÁTIO DO LEILOEIRO] VIP LEILÕES PORTO VELHO - RO,[PÁTIO DO LEILOEIRO],,,,sem_data,RO,"Av. Rio Madeira, 612 - Agenor M. de Carvalho, Porto Velho - RO, 76820-713",,,https://www.vipleiloes.com.br/,https://www.vipleiloes.com.br/,mapa,,,• Pátio de leiloeiro (leilões diários/semanais) • Entre no site e veja se há leilão ativo nesse pátio.
marcador-23,[PÁTIO DO LEILOEIRO] VIP LEILÕES ILHOTA - SC,[PÁTIO DO LEILOEIRO],,,,sem_data,SC,"BR-470, Ilhota - SC",,,https://www.vipleiloes.com.br/ | https://maps.app.goo.gl/vZ88a7Dmgi58xJJ67,https://www.vipleiloes.com.br/,mapa,,,• Pátio de leiloeiro (leilões diários/semanais) • Entre no site e veja se há leilão ativo nesse pátio.
marcador-24,[PÁTIO DO LEILOEIRO] VIP LEILÕES VALINHOS - SP,[PÁTIO DO LEILOEIRO],,,,sem_data,SP,"Rua Aristides Crivellaro, 228, Valinhos - SP, 13279-813, Brasil",,,https://www.vipleiloes.com.br/,https://www.vipleiloes.com.br/,mapa,,,• Pátio de leiloeiro (leilões diários/semanais) • Entre no site e veja se há leilão ativo nesse pátio.
marcador-25,[PÁTIO DO LEILOEIRO] VIP LEILÕES SÃO PAULO - SP,[PÁTIO DO LEILOEIRO],,,,sem_data,SP,"Praça dos Omaguás, 98 - Pinheiros, São Paulo - SP, 05419-020",,,https://www.vipleiloes.com.br/,https://www.vipleiloes.com.br/,mapa,,,• Pátio de leiloeiro (leilões diários/semanais) • Entre no site e veja se há leilão ativo nesse pátio.
marcador-26,[PÁTIO DO LEILOEIRO] VIP LEILÕES SÃO PAULO - SP,[PÁTIO DO LEILOEIRO],,,,sem_data,SP,"Rua Aristides Crivellaro, Valinhos - SP, 13279-813, Brasil",,,https://www.vipleiloes.com.br/,https://www.vipleiloes.com.br/,mapa,,,• Pátio de leiloeiro (leilões diários/semanais) • Entre no site e veja se há leilão ativo nesse pátio.
marcador-27,[PÁTIO DO LEILOEIRO]  JOÃO EMILIO RIO DE JANEIRO - RJ,[PÁTIO DO LEILOEIRO],,,,sem_data,RJ,"Estrada dos Bandeirantes, 10.639 Recreio dos Bandeirantes - CEP: 22783-116 Rio de Janeiro - RJ",,,https://www.joaoemilio.com.br/,https://www.joaoemilio.com.br/,mapa,,,• Pátio de leiloeiro (leilões diários/semanais) • Entre no site e veja se há leilão ativo nesse pátio.
marcador-28,[PÁTIO DO LEILOEIRO] FAVARETO LEILÕES CURITIBA - PR,[PÁTIO DO LEILOEIRO],,,,sem_data,PR,"R. Eduardo Pinto da Rocha, 4545 - Sítio Cercado, Curitiba - PR, 81935-000, Brasil",,,https://www.favaretoleiloes.com.br/leiloes/,https://www.favaretoleiloes.com.br/leiloes/,mapa,,,• Pátio de leiloeiro (leilões diários/semanais) • Entre no site e veja se há leilão ativo nesse pátio.
marcador-29,[PÁTIO DO LEILOEIRO] CLAUDIO KUSS  CURITIBA - PR,[PÁTIO DO LEILOEIRO],,,,sem_data,PR,"Rua João Lunardelli, 2095 - Cidade Industrial de Curitiba, Curitiba - PR, 81460-100",,,https://www.claudiokussleiloes.com.br/,https://www.claudiokussleiloes.com.br/,mapa,,,• Pátio de leiloeiro (leilões diários/semanais) • Entre no site e veja se há leilão ativo nesse pátio.
marcador-30,[PÁTIO DO LEILOEIRO] LOOP LEILOES  Mogi das Cruzes - SP,[PÁTIO DO LEILOEIRO],,,,sem_data,SP,"R. Projetada, Um - Vila Sao Francisco, Mogi das Cruzes - SP, 08735-273, Brasil",,,https://loopleiloes.com.br/,https://loopleiloes.com.br/,mapa,,,• Pátio de leiloeiro (leilões diários/semanais) • Entre no site e veja se há leilão ativo nesse pátio.
marcador-31,[PÁTIO DO LEILOEIRO] LOOP LEILOES Vila Água Funda - SP,[PÁTIO DO LEILOEIRO],,,,sem_data,SP,"R. Alexandre Aliperti, 351 - Vila Água Funda, São Paulo - SP, 04156-110, Brasil",,,https://loopleiloes.com.br/,https://loopleiloes.com.br/,mapa,,,• Pátio de leiloeiro (leilões diários/semanais) • Entre no site e veja se há leilão ativo nesse pátio.
marcador-32,[PÁTIO DO LEILOEIRO] LOOP LEILOES MOGI DASCRUZES- SP,[PÁTIO DO LEILOEIRO],,,,sem_data,SP,"Av. Vila Ema, 2425 - Vila Ema, São Paulo - SP, 03281-000, Brasil",,,https://loopleiloes.com.br/,https://loopleiloes.com.br/,mapa,,,• Pátio de leiloeiro (leilões diários/semanais) • Entre no site e veja se há leilão ativo nesse pátio.
marcador-33,[PÁTIO DO LEILOEIRO] LOOP LEILOES Jundiaí - SP,[PÁTIO DO LEILOEIRO],,,,sem_data,SP,"Av. Caminho de Goiás, 531 - Jardim Sao Bento, Jundiaí - SP, 13214-870, Brasil",,,https://loopleiloes.com.br/,https://loopleiloes.com.br/,mapa,,,• Pátio de leiloeiro (leilões diários/semanais) • Entre no site e veja se há leilão ativo nesse pátio.
marcador-34,[PÁTIO DO LEILOEIRO] LOOP LEILOES São Bernardo do Campo - SP,[PÁTIO DO LEILOEIRO],,,,sem_data,SP,"Estr. dos Alvarengas, 4018 - Assunção, São Bernardo do Campo - SP, 09850-550, Brasil",,,https://loopleiloes.com.br/,https://loopleiloes.com.br/,mapa,,,• Pátio de leiloeiro (leilões diários/semanais) • Entre no site e veja se há leilão ativo nesse pátio.
marcador-35,[PÁTIO DO LEILOEIRO] LOOP LEILOES  Forquilhinhas São José - SC,[PÁTIO DO LEILOEIRO],,,,sem_data,SC,"R. Mihail Dimitri Alves, 50 - Forquilhinhas, São José - SC, 88106-780, Brasil",,,https://loopleiloes.com.br/,https://loopleiloes.com.br/,mapa,,,• Pátio de leiloeiro (leilões diários/semanais) • Entre no site e veja se há leilão ativo nesse pátio.
marcador-36,[PÁTIO DO LEILOEIRO] LOOP LEILOES Uberlândia - MG,[PÁTIO DO LEILOEIRO],,,,sem_data,MG,"LOOP AUCTIONS, Ring Road Km 17.5 - BR-365, Km 10 - Patos de Minas, MG, Brasil",,,https://loopleiloes.com.br/,https://loopleiloes.com.br/,mapa,,,• Pátio de leiloeiro (leilões diários/semanais) • Entre no site e veja se há leilão ativo nesse pátio.
marcador-37,[PÁTIO DO LEILOEIRO] LOOP LEILOES  Betim - MG,[PÁTIO DO LEILOEIRO],,,,sem_data,MG,"Av. Engenheiro Gerhard Ett, 1115 - Paulo Camilo 3, Betim - MG",,,https://loopleiloes.com.br/,https://loopleiloes.com.br/,mapa,,,• Pátio de leiloeiro (leilões diários/semanais) • Entre no site e veja se há leilão ativo nesse pátio.
marcador-38,[PÁTIO DO LEILOEIRO] LOOP LEILOES São José dos Pinhais - PR,[PÁTIO DO LEILOEIRO],,,,sem_data,PR,"R. Dr. Murici, 3560 - Costeira, São José dos Pinhais - PR, 83015-290",,,https://loopleiloes.com.br/,https://loopleiloes.com.br/,mapa,,,• Pátio de leiloeiro (leilões diários/semanais) • Entre no site e veja se há leilão ativo nesse pátio.
marcador-39,[PÁTIO DO LEILOEIRO] LOOP LEILOES São José dos Pinhais - PR,[PÁTIO DO LEILOEIRO],,,,sem_data,PR,"R. Joroslau Sochaki, 921 - Ipê, São José dos Pinhais - PR, 83055-400, Brasil",,,https://loopleiloes.com.br/,https://loopleiloes.com.br/,mapa,,,• Pátio de leiloeiro (leilões diários/semanais) • Entre no site e veja se há leilão ativo nesse pátio.
marcador-40,[PÁTIO DO LEILOEIRO] LOOP LEILOES Gravataí - RS,[PÁTIO DO LEILOEIRO],,,,sem_data,RS,"Av. Gen. Motors, 1200 - Vila Morada Gaúcha, Gravataí - RS",,,https://loopleiloes.com.br/,https://loopleiloes.com.br/,mapa,,,• Pátio de leiloeiro (leilões diários/semanais) • Entre no site e veja se há leilão ativo nesse pátio.
marcador-41,[PÁTIO DO LEILOEIRO] LOOP LEILOES  Rio de Janeiro - RJ,[PÁTIO DO LEILOEIRO],,,,sem_data,RJ,"Rua do Alho, 1421 - Penha Circular, Rio de Janeiro - RJ, 21011-000",,,https://loopleiloes.com.br/,https://loopleiloes.com.br/,mapa,,,• Pátio de leiloeiro (leilões diários/semanais) • Entre no site e veja se há leilão ativo nesse pátio.
marcador-42,[PÁTIO DO LEILOEIRO] GUARIGLIA - SP,[PÁTIO DO LEILOEIRO],,,,sem_data,SP,"R. Ver. Geraldo Nogueira da Silva, 3501 - Bairro da Grama, Caçapava - SP, 12286-285",,,https://www.guariglialeiloes.com.br/,https://www.guariglialeiloes.com.br/,mapa,,,• Pátio de leiloeiro (leilões diários/semanais) • Entre no site e veja se há leilão ativo nesse pátio.
marcador-43,[PÁTIO DO LEILOEIRO] GUARIGLIA - SP,[PÁTIO DO LEILOEIRO],,,,sem_data,SP,"Rod. Pres. Dutra, 1500 - Vila Antônio Augusto Luiz, Caçapava - SP, 12286-140",,,https://www.guariglialeiloes.com.br/,https://www.guariglialeiloes.com.br/,mapa,,,• Pátio de leiloeiro (leilões diários/semanais) • Entre no site e veja se há leilão ativo nesse pátio.
marcador-44,[PÁTIO DO LEILOEIRO] GUARIGLIA - BA,[PÁTIO DO LEILOEIRO],,,,sem_data,BA,"8G55+H3 Caroba, Candeias - BA",,,https://www.guariglialeiloes.com.br/,https://www.guariglialeiloes.com.br/,mapa,,,• Pátio de leiloeiro (leilões diários/semanais) • Entre no site e veja se há leilão ativo nesse pátio.
marcador-45,[PÁTIO DO LEILOEIRO] LANCE CERTO - PE,[PÁTIO DO LEILOEIRO],,,,sem_data,PE,"Rio Mar Trade - Torre C, Av. República do Líbano, 251 - 811 - Pina, Recife - PE, 51110-132",,,https://www.lancecertoleiloes.com.br/home,https://www.lancecertoleiloes.com.br/home,mapa,,,• Pátio de leiloeiro (leilões diários/semanais) • Entre no site e veja se há leilão ativo nesse pátio.
marcador-46,[PÁTIO DO LEILOEIRO] LANCE CERTO - RN,[PÁTIO DO LEILOEIRO],,,,sem_data,RN,"R. Pres. Artur Bernardes, 779 B - Alecrim, Natal - RN, 59031-280",,,https://www.lancecertoleiloes.com.br/home,https://www.lancecertoleiloes.com.br/home,mapa,,,• Pátio de leiloeiro (leilões diários/semanais) • Entre no site e veja se há leilão ativo nesse pátio.
marcador-47,[PÁTIO DO LEILOEIRO] LEILO - GO,[PÁTIO DO LEILOEIRO],,,,sem_data,GO,"Av. Bela Vista, 1330 - Jardim Bela Vista, Aparecida de Goiânia - GO, 74920-803",,,https://www.leilo.com.br/,https://www.leilo.com.br/,mapa,,,• Pátio de leiloeiro (leilões diários/semanais) • Entre no site e veja se há leilão ativo nesse pátio.
marcador-48,[PÁTIO DO LEILOEIRO] LEILO - GO 2,[PÁTIO DO LEILOEIRO],,,,sem_data,GO,"Alameda 21 de Abril, 650 - Expansul, Aparecida de Goiânia - GO, 74986-750, Brasil",,,https://www.leilo.com.br/,https://www.leilo.com.br/,mapa,,,• Pátio de leiloeiro (leilões diários/semanais) • Entre no site e veja se há leilão ativo nesse pátio.
marcador-49,[PÁTIO DO LEILOEIRO] LEILO - PA,[PÁTIO DO LEILOEIRO],,,,sem_data,PA,"Av. Augusto Meira Filho, 1012 - Centro, Benevides - PA, 68795-000",,,https://www.leilo.com.br/,https://www.leilo.com.br/,mapa,,,• Pátio de leiloeiro (leilões diários/semanais) • Entre no site e veja se há leilão ativo nesse pátio.
marcador-50,[PÁTIO DO LEILOEIRO] LEILO - DF,[PÁTIO DO LEILOEIRO],,,,sem_data,DF,"QS 9 Lotes 15/17 - Arniqueira, Brasília - DF, 71976-540",,,https://www.leilo.com.br/,https://www.leilo.com.br/,mapa,,,• Pátio de leiloeiro (leilões diários/semanais) • Entre no site e veja se há leilão ativo nesse pátio.
marcador-51,[PÁTIO DO LEILOEIRO] LEILO - MS,[PÁTIO DO LEILOEIRO],,,,sem_data,MS,"R. Copaíba, 2241 - Moreninha, Campo Grande - MS, 79065-710, Brasil",,,https://www.leilo.com.br/,https://www.leilo.com.br/,mapa,,,• Pátio de leiloeiro (leilões diários/semanais) • Entre no site e veja se há leilão ativo nesse pátio.
marcador-52,[PÁTIO DO LEILOEIRO] LEILO - RO,[PÁTIO DO LEILOEIRO],,,,sem_data,RO,"R. Daniela - Ipanema, Porto Velho - RO, Brasil",,,https://www.leilo.com.br/,https://www.leilo.com.br/,mapa,,,• Pátio de leiloeiro (leilões diários/semanais) • Entre no site e veja se há leilão ativo nesse pátio.
marcador-53,[PÁTIO DO LEILOEIRO] LEILO - AP,[PÁTIO DO LEILOEIRO],,,,sem_data,AP,"-R. 2 do Marabaixo, 9 - 20 - Marabaixo, Macapá - AP",,,,,mapa,,,• Pátio de leiloeiro (leilões diários/semanais) • Entre no site e veja se há leilão ativo nesse pátio.
marcador-54,[PÁTIO DO LEILOEIRO] LEILO - MT,[PÁTIO DO LEILOEIRO],,,,sem_data,MT,"Av. Fernando Corrêa da Costa, 6645 - Novo Horizonte, Cuiabá - MT",,,,,mapa,,,• Pátio de leiloeiro (leilões diários/semanais) • Entre no site e veja se há leilão ativo nesse pátio.
marcador-55,[PÁTIO DO LEILOEIRO] LEILO - CE,[PÁTIO DO LEILOEIRO],,,,sem_data,CE,"R. Neusa de Freitas Sá - Jabuti, Eusébio - CE",,,https://www.leilo.com.br/,https://www.leilo.com.br/,mapa,,,• Pátio de leiloeiro (leilões diários/semanais) • Entre no site e veja se há leilão ativo nesse pátio.
marcador-56,[PÁTIO DO LEILOEIRO] LEILO - TO,[PÁTIO DO LEILOEIRO],,,,sem_data,TO,"QUADRA 412 NORTE, sem numero PLANO DIRETOR NORTE PALMAS TO",,,,,mapa,,,• Pátio de leiloeiro (leilões diários/semanais) • Entre no site e veja se há leilão ativo nesse pátio.
marcador-57,[PÁTIO DO LEILOEIRO] LEILO - AM,[PÁTIO DO LEILOEIRO],,,,sem_data,AM,"R. Waldemar Jardim Maués, 1270 - Novo Aleixo, Manaus - AM, 69098-455",,,https://www.leilo.com.br/,https://www.leilo.com.br/,mapa,,,• Pátio de leiloeiro (leilões diários/semanais) • Entre no site e veja se há leilão ativo nesse pátio.
marcador-58,[PÁTIO DO LEILOEIRO] LEILO - BA,[PÁTIO DO LEILOEIRO],,,,sem_data,BA,"Rua Quatorze de Agosto, R. Quatorze de Agosto - Triângulo, Candeias - BA, 43815-020, Brasil",,,https://www.leilo.com.br/,https://www.leilo.com.br/,mapa,,,• Pátio de leiloeiro (leilões diários/semanais) • Entre no site e veja se há leilão ativo nesse pátio.
marcador-59,[PÁTIO DO LEILOEIRO] LEILO - ES,[PÁTIO DO LEILOEIRO],,,,sem_data,ES,"Avenida Roma, Av. Roma - Parque Res. de Tubarão, Serra - ES, 29171-708, Brasil",,,https://www.leilo.com.br/,https://www.leilo.com.br/,mapa,,,• Pátio de leiloeiro (leilões diários/semanais) • Entre no site e veja se há leilão ativo nesse pátio.
marcador-60,[PÁTIO DO LEILOEIRO] LEILO - SP,[PÁTIO DO LEILOEIRO],,,,sem_data,SP,"R. Alessandro Di Salvo, 55 - São Carlos, SP, 13571-511",,,https://www.leilo.com.br/,https://www.leilo.com.br/,mapa,,,• Pátio de leiloeiro (leilões diários/semanais) • Entre no site e veja se há leilão ativo nesse pátio.
marcador-61,[PÁTIO DO LEILOEIRO] LEILO - RS,[PÁTIO DO LEILOEIRO],,,,sem_data,RS,"Av. Pres. Getúlio Vargas, 5037 - Maria Regina, Alvorada - RS, 94836",,,https://www.leilo.com.br/,https://www.leilo.com.br/,mapa,,,• Pátio de leiloeiro (leilões diários/semanais) • Entre no site e veja se há leilão ativo nesse pátio.
marcador-62,[PÁTIO DO LEILOEIRO] LEILO - PR,[PÁTIO DO LEILOEIRO],,,,sem_data,PR,"R. Frei Basílio Roewer Ofm, 305 B - Guatupê, São José dos Pinhais - PR, 83065-450",,,https://www.leilo.com.br/,https://www.leilo.com.br/,mapa,,,• Pátio de leiloeiro (leilões diários/semanais) • Entre no site e veja se há leilão ativo nesse pátio.
marcador-63,[PÁTIO DO LEILOEIRO] PESTANA - RS,[PÁTIO DO LEILOEIRO],,,,sem_data,RS,"Escritórios Boutique - Av. João Wallig, 1800 - Conjunto 4005 - Passo d'Areia, Porto Alegre - RS, 91340-000",,,https://www.pestanaleiloes.com.br/,https://www.pestanaleiloes.com.br/,mapa,,,• Pátio de leiloeiro (leilões diários/semanais) • Entre no site e veja se há leilão ativo nesse pátio.
marcador-64,[PÁTIO DO LEILOEIRO] PESTANA - SC,[PÁTIO DO LEILOEIRO],,,,sem_data,SC,"Rua Angelo José da Silva, 311 - Pernambuco, Tijucas - SC, 88200-000, Brasil",,,https://www.pestanaleiloes.com.br/,https://www.pestanaleiloes.com.br/,mapa,,,• Pátio de leiloeiro (leilões diários/semanais) • Entre no site e veja se há leilão ativo nesse pátio.
marcador-65,[PÁTIO DO LEILOEIRO] PESTANA - SP,[PÁTIO DO LEILOEIRO],,,,sem_data,SP,"Rod. Índio Tibiriçá, 14435 - Rincão das Lendas, Suzano - SP, 08655-000",,,https://www.pestanaleiloes.com.br/,https://www.pestanaleiloes.com.br/,mapa,,,• Pátio de leiloeiro (leilões diários/semanais) • Entre no site e veja se há leilão ativo nesse pátio.
marcador-66,[PÁTIO DO LEILOEIRO] MGL - MG,[PÁTIO DO LEILOEIRO],,,,sem_data,MG,"R. do Dêgo, 210 - Santa Monica, Itaúna - MG, 35681-246",,,https://www.mgl.com.br/,https://www.mgl.com.br/,mapa,,,• Pátio de leiloeiro (leilões diários/semanais) • Entre no site e veja se há leilão ativo nesse pátio.
marcador-67,[PÁTIO DO LEILOEIRO] GRUPO CARVALHO SANTA CRUZ DO RIO PARDO - SP,[PÁTIO DO LEILOEIRO],,,,sem_data,SP,"RUA CONSELHEIRO ANTONIO PRADO, 1026, - SANTA CRUZ DO RIO PARDO/SP",,,https://grupocarvalholeiloes.com.br/,https://grupocarvalholeiloes.com.br/,mapa,,,• Pátio de leiloeiro (leilões diários/semanais) • Entre no site e veja se há leilão ativo nesse pátio.
marcador-68,"[PÁTIO DO LEILOEIRO] PARQUE DOS LEILÕES, BRASÍLIA - DF",[PÁTIO DO LEILOEIRO],,,,sem_data,DF,"Guará II QE 38 - Guará, Brasília - DF, 71070-680",,,https://www.parquedosleiloes.com.br/,https://www.parquedosleiloes.com.br/,mapa,,,• Pátio de leiloeiro (leilões diários/semanais) • Entre no site e veja se há leilão ativo nesse pátio.
marcador-69,[PÁTIO DO LEILOEIRO] PSN CURITIBA - PR,[PÁTIO DO LEILOEIRO],,,,sem_data,PR,"Rua Senador Accioly Filho, 1625 - Cidade Industrial de Curitiba, Curitiba - PR, 81310-000",,,https://www.psnleiloes.com.br/,https://www.psnleiloes.com.br/,mapa,,,• Pátio de leiloeiro (leilões diários/semanais) • Entre no site e veja se há leilão ativo nesse pátio.
marcador-70,[PÁTIO DO LEILOEIRO] COPART - MG,[PÁTIO DO LEILOEIRO],,,,sem_data,MG,"Rodovia Br-262,Km 359, Betim, 32631505",,,https://www.copart.com.br/,https://www.copart.com.br/,mapa,,,• Pátio de leiloeiro (leilões diários/semanais) • Entre no site e veja se há leilão ativo nesse pátio.
marcador-71,[PÁTIO DO LEILOEIRO] COPART - PR,[PÁTIO DO LEILOEIRO],,,,sem_data,PR,"Estr. da Roseira, 6725 - Borda do Campo, São José dos Pinhais - PR, 83075-010, Brasil",,,https://www.copart.com.br/,https://www.copart.com.br/,mapa,,,• Pátio de leiloeiro (leilões diários/semanais) • Entre no site e veja se há leilão ativo nesse pátio.
marcador-72,[PÁTIO DO LEILOEIRO] COPART - CE,[PÁTIO DO LEILOEIRO],,,,sem_data,CE,"Av. Atlântica, 7000, Eusébio - CE, 61760-000, Brasil",,,https://www.copart.com.br/,https://www.copart.com.br/,mapa,,,• Pátio de leiloeiro (leilões diários/semanais) • Entre no site e veja se há leilão ativo nesse pátio.
marcador-73,[PÁTIO DO LEILOEIRO] COPART -  SP,[PÁTIO DO LEILOEIRO],,,,sem_data,SP,"Estr. Muranaka, 199 - Jardim Novo Horizonte, Itaquaquecetuba - SP, 08597-230, Brasil",,,https://www.copart.com.br/,https://www.copart.com.br/,mapa,,,• Pátio de leiloeiro (leilões diários/semanais) • Entre no site e veja se há leilão ativo nesse pátio.
marcador-74,[PÁTIO DO LEILOEIRO] COPART - SP,[PÁTIO DO LEILOEIRO],,,,sem_data,SP,"Estr. dos Romeiros, 3000, Pirapora do Bom Jesus - SP, 06550-000, Brasil",,,https://www.copart.com.br/,https://www.copart.com.br/,mapa,,,• Pátio de leiloeiro (leilões diários/semanais) • Entre no site e veja se há leilão ativo nesse pátio.
marcador-75,[PÁTIO DO LEILOEIRO] COPART - SP,[PÁTIO DO LEILOEIRO],,,,sem_data,SP,"Av. Olavo Fontoura, 1209 - Parque Anhembi, São Paulo - SP, 02001-965, Brasil",,,https://www.copart.com.br/,https://www.copart.com.br/,mapa,,,• Pátio de leiloeiro (leilões diários/semanais) • Entre no site e veja se há leilão ativo nesse pátio.
marcador-76,[PÁTIO DO LEILOEIRO] COPART - RS,[PÁTIO DO LEILOEIRO],,,,sem_data,RS,"BR-386, 442 - São Luís, Canoas - RS, 92330, Brasil",,,https://www.copart.com.br/,https://www.copart.com.br/,mapa,,,• Pátio de leiloeiro (leilões diários/semanais) • Entre no site e veja se há leilão ativo nesse pátio.
marcador-77,[PÁTIO DO LEILOEIRO] COPART - SP,[PÁTIO DO LEILOEIRO],,,,sem_data,SP,"Estr. Doná Maria José Ferraz Prado, 1700 - Chácaras Bartira, Embu das Artes - SP, 06845-420, Brasil",,,https://www.copart.com.br/,https://www.copart.com.br/,mapa,,,• Pátio de leiloeiro (leilões diários/semanais) • Entre no site e veja se há leilão ativo nesse pátio.
marcador-78,[PÁTIO DO LEILOEIRO] COPART - GO,[PÁTIO DO LEILOEIRO],,,,sem_data,GO,"BR-153, km17 - St. Central, Aparecida de Goiânia - GO, 74980-180, Brasil",,,https://www.copart.com.br/,https://www.copart.com.br/,mapa,,,• Pátio de leiloeiro (leilões diários/semanais) • Entre no site e veja se há leilão ativo nesse pátio.
marcador-79,[PÁTIO DO LEILOEIRO] COPART - SP,[PÁTIO DO LEILOEIRO],,,,sem_data,SP,"Rua Henry Ford, 965, Osasco, Sp",,,https://www.copart.com.br/,https://www.copart.com.br/,mapa,,,• Pátio de leiloeiro (leilões diários/semanais) • Entre no site e veja se há leilão ativo nesse pátio.
marcador-80,[PÁTIO DO LEILOEIRO] COPART - PE,[PÁTIO DO LEILOEIRO],,,,sem_data,PE,"R. Dr. George Wiliam Butler, 432 - Curado, Recife - PE, 50950-000, Brasil",,,https://www.copart.com.br/,https://www.copart.com.br/,mapa,,,• Pátio de leiloeiro (leilões diários/semanais) • Entre no site e veja se há leilão ativo nesse pátio.
marcador-81,[PÁTIO DO LEILOEIRO] COPART - PE,[PÁTIO DO LEILOEIRO],,,,sem_data,PE,"Rodovia Luiz Gonzaga, 153, Vitoria De Santo Antao, Pe",,,https://www.copart.com.br/,https://www.copart.com.br/,mapa,,,• Pátio de leiloeiro (leilões diários/semanais) • Entre no site e veja se há leilão ativo nesse pátio.
marcador-82,[PÁTIO DO LEILOEIRO] COPART - PARCEIRA OU AFILIADOS -  MS,[PÁTIO DO LEILOEIRO],,,,sem_data,MS,"R. Rio Claro, 1809 - Chácara dos Poderes, Campo Grande - MS, 79037-090, Brasil",,,https://www.copart.com.br/,https://www.copart.com.br/,mapa,,,• Pátio de leiloeiro (leilões diários/semanais) • Entre no site e veja se há leilão ativo nesse pátio.
marcador-83,[PÁTIO DO LEILOEIRO] COPART - PARCEIRA OU AFILIADOS -  MT,[PÁTIO DO LEILOEIRO],,,,sem_data,MT,"Avenida Ayrton Senna Da Silva,Coxipó Da Ponte, Mt",,,https://www.copart.com.br/,https://www.copart.com.br/,mapa,,,• Pátio de leiloeiro (leilões diários/semanais) • Entre no site e veja se há leilão ativo nesse pátio.
marcador-84,[PÁTIO DO LEILOEIRO] COPART - PARCEIRA OU AFILIADOS -  CE,[PÁTIO DO LEILOEIRO],,,,sem_data,CE,"R. Ademar Paula, 1000 - Esplanada do Castelão, Fortaleza - CE, 60867-640, Brasil",,,https://www.copart.com.br/,https://www.copart.com.br/,mapa,,,• Pátio de leiloeiro (leilões diários/semanais) • Entre no site e veja se há leilão ativo nesse pátio.
marcador-85,[PÁTIO DO LEILOEIRO] COPART - PARCEIRA OU AFILIADOS -  SP,[PÁTIO DO LEILOEIRO],,,,sem_data,SP,"Av. Domingos de Souza Marques, 164 - Parque Sao Domingos, São Paulo - SP, 05113-020, Brasil",,,https://www.copart.com.br/,https://www.copart.com.br/,mapa,,,• Pátio de leiloeiro (leilões diários/semanais) • Entre no site e veja se há leilão ativo nesse pátio.
marcador-86,[PÁTIO DO LEILOEIRO] COPART - PARCEIRA OU AFILIADOS -  SP,[PÁTIO DO LEILOEIRO],,,,sem_data,SP,"R. Dianópolis, 550 - Vila Prudente, São Paulo - SP, 03125-100, Brasil",,,https://www.copart.com.br/,https://www.copart.com.br/,mapa,,,• Pátio de leiloeiro (leilões diários/semanais) • Entre no site e veja se há leilão ativo nesse pátio.
marcador-87,[PÁTIO DO LEILOEIRO] COPART - PARCEIRA OU AFILIADOS -  SP,[PÁTIO DO LEILOEIRO],,,,sem_data,SP,"Rod. Anhanguera, Km 306 - Recreio Anhanguera, Ribeirão Preto - SP, 14097-140, Brasil",,,https://www.copart.com.br/,https://www.copart.com.br/,mapa,,,• Pátio de leiloeiro (leilões diários/semanais) • Entre no site e veja se há leilão ativo nesse pátio.
marcador-88,[PÁTIO DO LEILOEIRO] COPART - PARCEIRA OU AFILIADOS -  BA,[PÁTIO DO LEILOEIRO],,,,sem_data,BA,"Rua Fazenda São João - Rodovia Ba 522, Km 01, S 0, Candeias, Ba 43841000",,,https://www.copart.com.br/,https://www.copart.com.br/,mapa,,,• Pátio de leiloeiro (leilões diários/semanais) • Entre no site e veja se há leilão ativo nesse pátio.
marcador-89,[PÁTIO DO LEILOEIRO] COPART - PARCEIRA OU AFILIADOS -  CE,[PÁTIO DO LEILOEIRO],,,,sem_data,CE,"R. Antônio Alexandrino dos Réis, 347 - Passaré, Fortaleza - CE, 60743-732, Brasil",,,https://www.copart.com.br/,https://www.copart.com.br/,mapa,,,• Pátio de leiloeiro (leilões diários/semanais) • Entre no site e veja se há leilão ativo nesse pátio.
marcador-90,[PÁTIO DO LEILOEIRO] COPART - PARCEIRA OU AFILIADOS -  GO,[PÁTIO DO LEILOEIRO],,,,sem_data,GO,"Avenida Guaranís, Av. Guaranís - Aparecida de Goiânia, GO, 74993-120, Brasil",,,https://www.copart.com.br/,https://www.copart.com.br/,mapa,,,• Pátio de leiloeiro (leilões diários/semanais) • Entre no site e veja se há leilão ativo nesse pátio.
marcador-91,[PÁTIO DO LEILOEIRO] COPART - PARCEIRA OU AFILIADOS -  AM,[PÁTIO DO LEILOEIRO],,,,sem_data,AM,"R. Ramiro Santos, 4 - Tarumã, Manaus - AM, 69022-107, Brasil",,,https://www.copart.com.br/,https://www.copart.com.br/,mapa,,,• Pátio de leiloeiro (leilões diários/semanais) • Entre no site e veja se há leilão ativo nesse pátio.
marcador-92,[PÁTIO DO LEILOEIRO] COPART - PARCEIRA OU AFILIADOS -  PE,[PÁTIO DO LEILOEIRO],,,,sem_data,PE,"BR-408, 175 - Curado IV, Jaboatão dos Guararapes - PE, 54270-160, Brasil",,,https://www.copart.com.br/,https://www.copart.com.br/,mapa,,,• Pátio de leiloeiro (leilões diários/semanais) • Entre no site e veja se há leilão ativo nesse pátio.
marcador-93,[PÁTIO DO LEILOEIRO] MGL -,[PÁTIO DO LEILOEIRO],,,,sem_data,MG,"R. Idalina Dornas, 37 - Universitário Itaúna, Itaúna - MG, 35681-156, Brasil",,,https://www.mgl.com.br/online/1/4/,https://www.mgl.com.br/online/1/4/,mapa,,,• Pátio de leiloeiro (leilões diários/semanais) • Entre no site e veja se há leilão ativo nesse pátio.
marcador-94,[PÁTIO DO LEILOEIRO] PESTANA LEILÕES - SP,[PÁTIO DO LEILOEIRO],,,,sem_data,SP,"Estrada Keida Harada, 390 - Ipelândia - Suzano SP",,,https://www.pestanaleiloes.com.br/,https://www.pestanaleiloes.com.br/,mapa,,,• Pátio de leiloeiro (leilões diários/semanais) • Entre no site e veja se há leilão ativo nesse pátio.
marcador-95,[PÁTIO DO LEILOEIRO] PESTANA LEILÕES - SC,[PÁTIO DO LEILOEIRO],,,,sem_data,SC,"Rua Angelo José da Silva, 311 - Pernambuco - Tijucas SC",,,https://www.pestanaleiloes.com.br/,https://www.pestanaleiloes.com.br/,mapa,,,• Pátio de leiloeiro (leilões diários/semanais) • Entre no site e veja se há leilão ativo nesse pátio.
marcador-96,[PÁTIO DO LEILOEIRO] PESTANA LEILÕES - RS,[PÁTIO DO LEILOEIRO],,,,sem_data,RS,"BR-386, Nova Santa Rita - RS, Brasil",,,https://www.pestanaleiloes.com.br/,https://www.pestanaleiloes.com.br/,mapa,,,• Pátio de leiloeiro (leilões diários/semanais) • Entre no site e veja se há leilão ativo nesse pátio.
marcador-97,[PÁTIO DO LEILOEIRO] COLISEUM LEILOES - PE,[PÁTIO DO LEILOEIRO],,,,sem_data,PE,"Rod. Luiz Gonzaga BR 232, nº 153 - Km 41 Vitória de St. Antão/PE",,,http://www.coliseumleiloes.com.br/site/index.php,http://www.coliseumleiloes.com.br/site/index.php,mapa,,,• Pátio de leiloeiro (leilões diários/semanais) • Entre no site e veja se há leilão ativo nesse pátio.
marcador-98,[PÁTIO DO LEILOEIRO] FREITAS LEILOES - SP,[PÁTIO DO LEILOEIRO],,,,sem_data,SP,"Av. dos Estados, 6980 - Parque Central, Santo André - SP, 09210-580",,,https://www.freitasleiloeiro.com.br/,https://www.freitasleiloeiro.com.br/,mapa,,,• Pátio de leiloeiro (leilões diários/semanais) • Entre no site e veja se há leilão ativo nesse pátio.
marcador-99,[PÁTIO DO LEILOEIRO] FREITAS LEILOES - SP,[PÁTIO DO LEILOEIRO],,,,sem_data,SP,"Av. dos Estados, 584 - Utinga, Santo André - SP, 09210-580",,,https://www.freitasleiloeiro.com.br/,https://www.freitasleiloeiro.com.br/,mapa,,,• Pátio de leiloeiro (leilões diários/semanais) • Entre no site e veja se há leilão ativo nesse pátio.
marcador-100,[PÁTIO DO LEILOEIRO] KWARA - BA,[PÁTIO DO LEILOEIRO],,,,sem_data,BA,"Candeias BA, Distrito Industrial, Candeias - BA, 43820-270, Brasil",,,https://www.kwara.com.br/,https://www.kwara.com.br/,mapa,,,• Pátio de leiloeiro (leilões diários/semanais) • Entre no site e veja se há leilão ativo nesse pátio.
marcador-101,[PÁTIO DO LEILOEIRO] KWARA - GO,[PÁTIO DO LEILOEIRO],,,,sem_data,GO,Garavelo Sul - Hidrolândia/GO,,,https://www.kwara.com.br/,https://www.kwara.com.br/,mapa,,,• Pátio de leiloeiro (leilões diários/semanais) • Entre no site e veja se há leilão ativo nesse pátio.
marcador-102,[PÁTIO DO LEILOEIRO] KWARA - MG,[PÁTIO DO LEILOEIRO],,,,sem_data,MG,Perpétuo Socorro - Belo Oriente/MG,,,https://www.kwara.com.br/,https://www.kwara.com.br/,mapa,,,• Pátio de leiloeiro (leilões diários/semanais) • Entre no site e veja se há leilão ativo nesse pátio.
marcador-103,[PÁTIO DO LEILOEIRO] KWARA - MS,[PÁTIO DO LEILOEIRO],,,,sem_data,MS,"Ribas do Rio Pardo, MS, 79180-000, Brasil",,,https://www.kwara.com.br/,https://www.kwara.com.br/,mapa,,,• Pátio de leiloeiro (leilões diários/semanais) • Entre no site e veja se há leilão ativo nesse pátio.
marcador-104,[PÁTIO DO LEILOEIRO] KWARA - PA,[PÁTIO DO LEILOEIRO],,,,sem_data,PA,"Paricatuba, Benfica, Benevides - PA, 68795-000, Brasil",,,https://www.kwara.com.br/,https://www.kwara.com.br/,mapa,,,• Pátio de leiloeiro (leilões diários/semanais) • Entre no site e veja se há leilão ativo nesse pátio.
marcador-105,[PÁTIO DO LEILOEIRO] KWARA - PA,[PÁTIO DO LEILOEIRO],,,,sem_data,PA,"Parque dos Carajás, R. Caetê, Parauapebas - PA, 68515-000, Brasil",,,https://www.kwara.com.br/,https://www.kwara.com.br/,mapa,,,• Pátio de leiloeiro (leilões diários/semanais) • Entre no site e veja se há leilão ativo nesse pátio.
marcador-106,[PÁTIO DO LEILOEIRO] KWARA - PR,[PÁTIO DO LEILOEIRO],,,,sem_data,PR,"Fazenda Velha, Araucária - PR, Brasil",,,https://www.kwara.com.br/,https://www.kwara.com.br/,mapa,,,• Pátio de leiloeiro (leilões diários/semanais) • Entre no site e veja se há leilão ativo nesse pátio.
marcador-107,[PÁTIO DO LEILOEIRO] KWARA - PR,[PÁTIO DO LEILOEIRO],,,,sem_data,PR,Jardim Rosicler - Londrina/PR,,,https://www.kwara.com.br/,https://www.kwara.com.br/,mapa,,,• Pátio de leiloeiro (leilões diários/semanais) • Entre no site e veja se há leilão ativo nesse pátio.
marcador-108,[PÁTIO DO LEILOEIRO] KWARA - PR,[PÁTIO DO LEILOEIRO],,,,sem_data,PR,"Telêmaco Borba, PR, Brasil",,,https://www.kwara.com.br/,https://www.kwara.com.br/,mapa,,,• Pátio de leiloeiro (leilões diários/semanais) • Entre no site e veja se há leilão ativo nesse pátio.
marcador-109,[PÁTIO DO LEILOEIRO] KWARA - RJ,[PÁTIO DO LEILOEIRO],,,,sem_data,RJ,"Vila Actura, Duque de Caxias - RJ, 25265-008, Brasil",,,https://www.kwara.com.br/,https://www.kwara.com.br/,mapa,,,• Pátio de leiloeiro (leilões diários/semanais) • Entre no site e veja se há leilão ativo nesse pátio.
marcador-110,[PÁTIO DO LEILOEIRO] KWARA - RJ,[PÁTIO DO LEILOEIRO],,,,sem_data,RJ,"Botafogo, Rio de Janeiro - RJ, Brasil",,,https://www.kwara.com.br/,https://www.kwara.com.br/,mapa,,,• Pátio de leiloeiro (leilões diários/semanais) • Entre no site e veja se há leilão ativo nesse pátio.
marcador-111,[PÁTIO DO LEILOEIRO] KWARA - RS,[PÁTIO DO LEILOEIRO],,,,sem_data,RS,"Neópolis, Gravataí - RS, Brasil",,,https://www.kwara.com.br/,https://www.kwara.com.br/,mapa,,,• Pátio de leiloeiro (leilões diários/semanais) • Entre no site e veja se há leilão ativo nesse pátio.
marcador-112,[PÁTIO DO LEILOEIRO] KWARA - SP,[PÁTIO DO LEILOEIRO],,,,sem_data,SP,"R. Joaquim Lacerda Coelho, 647 - Jardim Capivari, Campinas - SP, 13050-800, Brasil",,,https://www.kwara.com.br/,https://www.kwara.com.br/,mapa,,,• Pátio de leiloeiro (leilões diários/semanais) • Entre no site e veja se há leilão ativo nesse pátio.
marcador-113,[PÁTIO DO LEILOEIRO] KWARA - SP,[PÁTIO DO LEILOEIRO],,,,sem_data,SP,"Jardim Elisa, Embu das Artes - SP, 06810-450, Brasil",,,https://www.kwara.com.br/,https://www.kwara.com.br/,mapa,,,• Pátio de leiloeiro (leilões diários/semanais) • Entre no site e veja se há leilão ativo nesse pátio.
marcador-114,[PÁTIO DO LEILOEIRO] KWARA - SP,[PÁTIO DO LEILOEIRO],,,,sem_data,SP,"Cuiabá, Itaquaquecetuba - SP, 08591, Brasil",,,https://www.kwara.com.br/,https://www.kwara.com.br/,mapa,,,• Pátio de leiloeiro (leilões diários/semanais) • Entre no site e veja se há leilão ativo nesse pátio.
marcador-115,[PÁTIO DO LEILOEIRO] KWARA - SP,[PÁTIO DO LEILOEIRO],,,,sem_data,SP,"Vila Invernada, São Paulo - SP, Brasil",,,https://www.kwara.com.br/,https://www.kwara.com.br/,mapa,,,• Pátio de leiloeiro (leilões diários/semanais) • Entre no site e veja se há leilão ativo nesse pátio.
marcador-116,[PÁTIO DO LEILOEIRO] KWARA - SP,[PÁTIO DO LEILOEIRO],,,,sem_data,SP,"Jardim Triangulo, Taboão da Serra - SP, Brasil",,,https://www.kwara.com.br/,https://www.kwara.com.br/,mapa,,,• Pátio de leiloeiro (leilões diários/semanais) • Entre no site e veja se há leilão ativo nesse pátio.
marcador-117,[PÁTIO DO LEILOEIRO] LEILÕES PB -,[PÁTIO DO LEILOEIRO],,,,sem_data,PB,"7.140816, -34.920914 - Manguinhos, Bayeux - PB, 58111-001",,,https://www.leiloespb.com.br/,https://www.leiloespb.com.br/,mapa,,,• Pátio de leiloeiro (leilões diários/semanais) • Entre no site e veja se há leilão ativo nesse pátio.
marcador-118,[PÁTIO DO LEILOEIRO] PARQUE DOS LEILÕES - DF,[PÁTIO DO LEILOEIRO],,,,sem_data,DF,"Guará II - Guará, Brasília - DF, Brasil",,,https://www.parquedosleiloes.com.br/,https://www.parquedosleiloes.com.br/,mapa,,,• Pátio de leiloeiro (leilões diários/semanais) • Entre no site e veja se há leilão ativo nesse pátio.
marcador-119,[PÁTIO DO LEILOEIRO] PALACIO DOS LEILÕES - MG,[PÁTIO DO LEILOEIRO],,,,sem_data,MG,"BR-262, 375 - Boa Vista da Serra, Juatuba - MG, 35675-000, Brasil",,,https://www.palaciodosleiloes.com.br/,https://www.palaciodosleiloes.com.br/,mapa,,,• Pátio de leiloeiro (leilões diários/semanais) • Entre no site e veja se há leilão ativo nesse pátio.
marcador-120,[PÁTIO DO LEILOEIRO] PALACIO DOS LEILÕES - SP,[PÁTIO DO LEILOEIRO],,,,sem_data,SP,"SP-330, São Simão - SP, Brasil",,,https://www.palaciodosleiloes.com.br/,https://www.palaciodosleiloes.com.br/,mapa,,,• Pátio de leiloeiro (leilões diários/semanais) • Entre no site e veja se há leilão ativo nesse pátio.
marcador-121,[PÁTIO DO LEILOEIRO] PALACIO DOS LEILÕES - BA,[PÁTIO DO LEILOEIRO],,,,sem_data,BA,"Via periférica Waldyr Beira, n° 4709, Vila CIA Sul, Simões Filho - BA, 43700-000",,,https://www.palaciodosleiloes.com.br/,https://www.palaciodosleiloes.com.br/,mapa,,,• Pátio de leiloeiro (leilões diários/semanais) • Entre no site e veja se há leilão ativo nesse pátio.
marcador-122,[PÁTIO DO LEILOEIRO] ROGERIO MENEZES,[PÁTIO DO LEILOEIRO],,,,sem_data,RJ,"Av. Brasil, 51.467 - Campo Grande - Rio de Janeiro - RJ",,,https://www.rogeriomenezes.com.br/,https://www.rogeriomenezes.com.br/,mapa,,,• Pátio de leiloeiro (leilões diários/semanais) • Entre no site e veja se há leilão ativo nesse pátio.
marcador-123,[PÁTIO DO LEILOEIRO] SATO LEILÕES,[PÁTIO DO LEILOEIRO],,,,sem_data,SP,"Tv. Cmte. Salgado, 75 - b - Fundação, São Caetano do Sul - SP, 09520-330, Brasil",,,https://www.satoleiloes.com.br/,https://www.satoleiloes.com.br/,mapa,,,• Pátio de leiloeiro (leilões diários/semanais) • Entre no site e veja se há leilão ativo nesse pátio.
marcador-124,[PÁTIO DO LEILOEIRO] SUMARE LEILÕES - SP,[PÁTIO DO LEILOEIRO],,,,sem_data,SP,"Estr. Mun. Teodor Condiev, 970 - Jardim Res. Veccon, Sumaré - SP, 13171-105, Brasil",,,https://www.sumareleiloes.com.br/,https://www.sumareleiloes.com.br/,mapa,,,• Pátio de leiloeiro (leilões diários/semanais) • Entre no site e veja se há leilão ativo nesse pátio.
marcador-125,[PÁTIO DO LEILOEIRO] VARDANA LEILÕES - PR,[PÁTIO DO LEILOEIRO],,,,sem_data,PR,"Rua Cyro Correia Pereira, 1223 - Cidade Industrial de Curitiba, Curitiba - PR, 81460-050, Brasil",,,https://www.vardanaleiloes.com.br/vardana/index,https://www.vardanaleiloes.com.br/vardana/index,mapa,,,• Pátio de leiloeiro (leilões diários/semanais) • Entre no site e veja se há leilão ativo nesse pátio.
marcador-126,[PÁTIO DO LEILOEIRO] E-CONFIANÇA - SP,[PÁTIO DO LEILOEIRO],,,,sem_data,SP,"SP Mais Segurança e Serviços, Av. Pres. Juscelino Kubitschek, 1455 - 4° andar - Itaim Bibi, São Paulo - SP, 04543-011, Brasil",,,https://www.confiancaleiloes.leilao.br/,https://www.confiancaleiloes.leilao.br/,mapa,,,• Pátio de leiloeiro (leilões diários/semanais) • Entre no site e veja se há leilão ativo nesse pátio.
marcador-127,[PÁTIO DO LEILOEIRO] E-CONFIANÇA - SP,[PÁTIO DO LEILOEIRO],,,,sem_data,SP,"Av. Braz Olaia Acosta, 727 - 5 andar - Jardim California, Ribeirão Preto - SP, 14026-040, Brasil",,,https://www.confiancaleiloes.leilao.br/,https://www.confiancaleiloes.leilao.br/,mapa,,,• Pátio de leiloeiro (leilões diários/semanais) • Entre no site e veja se há leilão ativo nesse pátio.
marcador-128,[PÁTIO DO LEILOEIRO] E-CONFIANÇA - MG,[PÁTIO DO LEILOEIRO],,,,sem_data,MG,"R. Ribamar, 379 - São João, Betim - MG, 32655-554, Brasil",,,https://www.confiancaleiloes.leilao.br/,https://www.confiancaleiloes.leilao.br/,mapa,,,• Pátio de leiloeiro (leilões diários/semanais) • Entre no site e veja se há leilão ativo nesse pátio.
marcador-129,[PÁTIO DO LEILOEIRO] E-CONFIANÇA - PR,[PÁTIO DO LEILOEIRO],,,,sem_data,PR,"10 - R. Comendador Araújo, 499 - Centro, Curitiba - PR, 80420-000, Brasil",,,https://www.confiancaleiloes.leilao.br/,https://www.confiancaleiloes.leilao.br/,mapa,,,• Pátio de leiloeiro (leilões diários/semanais) • Entre no site e veja se há leilão ativo nesse pátio.
marcador-130,[PÁTIO DO LEILOEIRO] ROCHA LEILÕES - BA,[PÁTIO DO LEILOEIRO],,,,sem_data,BA,"Pátio Rocha Leilões, BR-324, Km 527, 13225 - Humildes, Feira de Santana - BA, 44135-000, Brasil",,,https://www.patiorochaleiloes.com.br/,https://www.patiorochaleiloes.com.br/,mapa,,,• Pátio de leiloeiro (leilões diários/semanais) • Entre no site e veja se há leilão ativo nesse pátio.
marcador-131,[PÁTIO DO LEILOEIRO] GOLDEN LANCE - MG,[PÁTIO DO LEILOEIRO],,,,sem_data,MG,"R. Dr. Antônio de Carvalho Lage, 170 - Cidade Industrial, Contagem - MG, 32210-070",,,https://www.goldenlance.com.br/,https://www.goldenlance.com.br/,mapa,,,• Pátio de leiloeiro (leilões diários/semanais) • Entre no site e veja se há leilão ativo nesse pátio.
marcador-132,[PÁTIO DO LEILOEIRO] AJ LEILÕES -,[PÁTIO DO LEILOEIRO],,,,sem_data,MT,"Av. Aycar Saddi, 555 - Jardim Pres., Cuiabá - MT, 78090-025, Brasil",,,https://ajleiloes.bomvalor.com.br/,https://ajleiloes.bomvalor.com.br/,mapa,,,• Pátio de leiloeiro (leilões diários/semanais) • Entre no site e veja se há leilão ativo nesse pátio.
marcador-133,[EMPRESA] - UNIMED - Veículos - Maceió / AL,31-07-26,2026-07-31,31/07/2026,9:00,passado,AL,"Avenida Fernandes Lima, 1560 - Pitanguinha - 57052050 - Maceió - AL - Brasil",,,https://www.leiloesfreire.com.br/leilao/1139,,mapa,,,https://www.leiloesfreire.com.br/leilao/1139
marcador-134,[PRODUTOS] - Produtos - Contagem / MG,31-07-26,2026-08-01,01/08/2026,8:00,passado,MG,"Rua Doutor Antônio de Carvalho Lage, 170 - Cidade Industrial - 32210-070 - Contagem - MG - Brasil",,,https://www.goldenlance.com.br/eventos/leilao/179/leilao-online-e-automatizado-de-produtos-de-marketplace,,mapa,,,https://www.goldenlance.com.br/eventos/leilao/179/leilao-online-e-automatizado-de-produtos-de-marketplace
marcador-135,[PRODUTOS] - LEILÃO 2 - Produtos - Sorocaba / SP,31-07-26,2026-08-01,01/08/2026,8:00,passado,SP,"Rua Paulo Ruan Faria, 111 - Parque Empresarial das Mangueiras - 18086-420 - Sorocaba - SP - Brasil",,,https://www.lance360.com.br/leilao/697,,mapa,,,https://www.lance360.com.br/leilao/697
marcador-136,[PRODUTOS] - Sorocaba / SP,31-07-26,2026-08-01,01/08/2026,8:00,passado,SP,"Rua Paulo Ruan Faria, 111 - Parque Empresarial das Mangueiras - 18086-420 - Sorocaba - SP - Brasil",,,https://www.lance360.com.br/leilao/696,,mapa,,,https://www.lance360.com.br/leilao/696
marcador-137,[PRODUTOS] - Brasília / DF,31-07-26,2026-08-01,01/08/2026,8:00,passado,DF,72000-000 - Brasília - DF - Brasil,,,https://www.bsbleiloes.com.br/leilao/2o-leilao-de-julho-galpao-bsbleiloes-24-07-2026-17-24-43/lotes/card,,mapa,,,https://www.bsbleiloes.com.br/leilao/2o-leilao-de-julho-galpao-bsbleiloes-24-07-2026-17-24-43/lotes/card
marcador-138,"[PREFEITURA] - Sucatas, Motos - Campinas / SP",31-07-26,2026-08-02,02/08/2026,4:00,passado,SP,Rodovia Lix da Cunha - Três Vendas - 13052520 - Campinas - SP - Brasil,,,https://www.hastasp.com.br/evento/sucata-leilao-01-2026-municipal-sao-bern-do-campo-784140?searchType=opened&preOrderBy=orderByFirstOpenedOffers&pageNumber=1&pageSize=30&orderBy=lotNumber:asc;subLotNumber:asc,,mapa,,,https://www.hastasp.com.br/evento/sucata-leilao-01-2026-municipal-sao-bern-do-campo-784140?searchType=opened&preOrderBy=orderByFirstOpenedOffers&pageNumber=1&pageSize=30&orderBy=lotNumber:asc;subLotNumber:asc
marcador-139,[FINANCEIRA] - Veículos - Passo Fundo / RS,31-07-26,2026-08-02,02/08/2026,7:00,passado,RS,"Avenida Brasil Leste, 1815 - Petrópolis - 99050-073 - Passo Fundo - RS - Brasil",,,https://www.leilaosantos.com.br/leilao/1505/lotes,,mapa,,,https://www.leilaosantos.com.br/leilao/1505/lotes
marcador-140,[EMPRESA] - Equipamentos - São Paulo / SP,31-07-26,2026-08-02,02/08/2026,9:00,passado,SP,"Rua Tabatinguera, 140 - Sé - 01020-901 - São Paulo - SP - Brasil",,,https://www.allianceleiloes.com.br/leiloes/511-12-carretas-grade-baixa-venda-direta,,mapa,,,https://www.allianceleiloes.com.br/leiloes/511-12-carretas-grade-baixa-venda-direta
marcador-141,[PREFEITURA] - Sucatas - Campinas / SP,31-07-26,2026-08-03,03/08/2026,4:00,passado,SP,Rodovia Lix da Cunha - Três Vendas - 13052-520 - Campinas - SP - Brasil,,,https://www.hastasp.com.br/evento/sucata-leilao-01-2026-municipal-sao-bern-do-campo-789914?searchType=opened&preOrderBy=orderByFirstOpenedOffers&pageNumber=1&pageSize=30&orderBy=lotNumber:asc;subLotNumber:asc,,mapa,,,https://www.hastasp.com.br/evento/sucata-leilao-01-2026-municipal-sao-bern-do-campo-789914?searchType=opened&preOrderBy=orderByFirstOpenedOffers&pageNumber=1&pageSize=30&orderBy=lotNumber:asc;subLotNumber:asc
marcador-142,"[PREFEITURA] - Veículos, Caminhonetes, Ônibus, Vans, Máquinas - Perobal / PR",31-07-26,2026-08-03,03/08/2026,4:00,passado,PR,"Guassatonga, 895 - 87538-000 - Perobal - PR - Brasil",,,https://drive.google.com/file/d/1932fcYJpkg5cgrcz6np4K8f5YVVj4jXi/view?usp=drive_link,,mapa,,,https://drive.google.com/file/d/1932fcYJpkg5cgrcz6np4K8f5YVVj4jXi/view?usp=drive_link
marcador-143,"[PREFEITURA] - Veículos, Caminhonetes, Ônibus, Vans, Máquinas - Perobal / PR",31-07-26,2026-08-03,03/08/2026,4:00,passado,PR,"Guassatonga, - 87538-000 - Perobal - PR - Brasil",,,https://drive.google.com/file/d/1932fcYJpkg5cgrcz6np4K8f5YVVj4jXi/view?usp=drive_link,,mapa,,,https://drive.google.com/file/d/1932fcYJpkg5cgrcz6np4K8f5YVVj4jXi/view?usp=drive_link
marcador-144,"[PREFEITURA] - Veículos, Caminhões, Sucatas - Catas Altas da Noruega / MG",31-07-26,2026-08-03,03/08/2026,4:00,passado,MG,"Rua das Goiabeiras, 129 - CENTRO - 36450-000 - Catas Altas da Noruega - MG - Brasil",,,https://www.mgl.com.br/leilao/prefeitura-municipal-catas-altas-da-noruega-mg/7249/#&Pagina=1&Index=2,,mapa,,,https://www.mgl.com.br/leilao/prefeitura-municipal-catas-altas-da-noruega-mg/7249/#&Pagina=1&Index=2
marcador-145,"[PREFEITURA] - Ônibus, Produtos, Máquinas, Veículos, Vans, Sucatas - Pedra do Anta / MG",31-07-26,2026-08-03,03/08/2026,4:00,passado,MG,Major José Luís da Silva Viana - 1111 - 36585-000 - Pedra do Anta - MG - Brasil,,,https://www.mgl.com.br/leilao/prefeitura-municipal-de-pedra-do-anta-mg/7146/#&Pagina=1&Index=3,,mapa,,,https://www.mgl.com.br/leilao/prefeitura-municipal-de-pedra-do-anta-mg/7146/#&Pagina=1&Index=3
marcador-146,[PREFEITURA] - LEILÃO 2 - Imóveis - Cássia / MG,31-07-26,2026-08-03,03/08/2026,4:00,passado,MG,37980-000 - Cássia - MG - Brasil,,,https://www.sandroleiloeiro.com.br/leilao/prefeitura-municipal-de-cassia-mg-imoveis-15-07-2026-12-20-49/lotes/lista,,mapa,,,https://www.sandroleiloeiro.com.br/leilao/prefeitura-municipal-de-cassia-mg-imoveis-15-07-2026-12-20-49/lotes/lista | OBSERVAÇÃO: LOTES EM DIFERENTES LOCAIS DA CIDADE.
marcador-147,"[PREFEITURA] - Motos, Veículos, Caminhonetes, Vans, Caminhões, Ônibus, Máquinas, Sucatas - Cássia / MG",31-07-26,2026-08-03,03/08/2026,4:00,passado,MG,"ARGENTINA, 150 - ALVORADA - 37980-000 - Cássia - MG - Brasil",,,https://www.sandroleiloeiro.com.br/leilao/prefeitura-municipal-de-cassia-mg-moveis-15-07-2026-10-21-10/lotes/lista,,mapa,,,https://www.sandroleiloeiro.com.br/leilao/prefeitura-municipal-de-cassia-mg-moveis-15-07-2026-10-21-10/lotes/lista
marcador-148,[PREFEITURA] - Imóveis - Cássia / MG,31-07-26,2026-08-03,03/08/2026,4:00,passado,MG,37980-000 - Cássia - MG - Brasil,,,https://www.sandroleiloeiro.com.br/leilao/prefeitura-municipal-de-cassia-mg-imoveis-15-07-2026-12-20-49/lotes/lista,,mapa,,,https://www.sandroleiloeiro.com.br/leilao/prefeitura-municipal-de-cassia-mg-imoveis-15-07-2026-12-20-49/lotes/lista | OBSERVAÇÃO: LOTES EM DIFERENTES LOCAIS DA CIDADE.
marcador-149,"[PREFEITURA] - Motos, Veículos, Caminhonetes, Vans, Caminhões, Ônibus, Máquinas, Sucatas - Cássia / MG",31-07-26,2026-08-03,03/08/2026,4:00,passado,MG,"ARGENTINA, 150 - ALVORADA - 37980-000 - Cássia - MG - Brasil",,,https://www.sandroleiloeiro.com.br/leilao/prefeitura-municipal-de-cassia-mg-moveis-15-07-2026-10-21-10/lotes/lista,,mapa,,,https://www.sandroleiloeiro.com.br/leilao/prefeitura-municipal-de-cassia-mg-moveis-15-07-2026-10-21-10/lotes/lista
marcador-150,[PREFEITURA] - Imóveis - Morada Nova de Minas / MG,31-07-26,2026-08-03,03/08/2026,4:00,passado,MG,"Av. Cel. Sebastião Pereira Magalhães Castro, 315 - CENTRO - 35628000 - Morada Nova de Minas - MG - Brasil",,,https://www.google.com/url?q=https://drive.google.com/file/d/1T5Q8XsETGWFAi9wRUHzpBOP6u5EjHa8Q/view?usp%3Ddrive_link&sa=D&source=calendar&usd=2&usg=AOvVaw3Qbdmv_en2ewhPdip1F_Kw,,mapa,,,https://www.google.com/url?q=https://drive.google.com/file/d/1T5Q8XsETGWFAi9wRUHzpBOP6u5EjHa8Q/view?usp%3Ddrive_link&sa=D&source=calendar&usd=2&usg=AOvVaw3Qbdmv_en2ewhPdip1F_Kw
marcador-151,[PREFEITURA] - Imóveis - Franca / SP,31-07-26,2026-08-03,03/08/2026,4:00,passado,SP,"Rua Frederico Moura, 1517 - Cidade Nova - 14401-150 - Franca - SP - Brasil",,,https://drive.google.com/file/d/1NhhFGo9Zz7omXFRxyp6jCd7HT0pJpuWy/view?usp=drive_link,,mapa,,,https://drive.google.com/file/d/1NhhFGo9Zz7omXFRxyp6jCd7HT0pJpuWy/view?usp=drive_link | OBSERVAÇÃO: LOTES EM DIFERENTES LOCAIS DA CIDADE.
marcador-152,"[PREFEITURA] - Caminhonetes, Veículos, Caminhões, Motos, Máquinas, Vans, Produtos - Carmésia / MG",31-07-26,2026-08-03,03/08/2026,4:00,passado,MG,"Praça Nossa Senhora do Carmo, 12 - Firma - 35878-000 - Carmésia - MG - Brasil",,,https://www.mgl.com.br/leilao/prefeitura-municipal-de-carmesia-mg/7253/#&Pagina=1&Index=1,,mapa,,,https://www.mgl.com.br/leilao/prefeitura-municipal-de-carmesia-mg/7253/#&Pagina=1&Index=1
marcador-153,"[PREFEITURA] - Ônibus, Veículos, Motos, Máquinas, Vans - Jaguapitã / PR",31-07-26,2026-08-03,03/08/2026,4:00,passado,PR,"Avenida Minas Gerais, 220 - Centro - 86610-000 - Jaguapitã - PR - Brasil",,,https://drive.google.com/file/d/1uzrNfA_vsuRDjPHUpKUPBg7194h8liud/view?usp=drive_link,,mapa,,,https://drive.google.com/file/d/1uzrNfA_vsuRDjPHUpKUPBg7194h8liud/view?usp=drive_link
marcador-154,"[PREFEITURA] - Máquinas, Ônibus, Equipamentos - São Martinho / RS",31-07-26,2026-08-03,03/08/2026,4:00,passado,RS,"Osvaldo Graeff, 1000 - 98690-000 - São Martinho - RS - Brasil",,,https://www.mgl.com.br/leilao/prefeitura-municipal-de-sao-martinho-rs/7265/#&Pagina=1&Index=1,,mapa,,,https://www.mgl.com.br/leilao/prefeitura-municipal-de-sao-martinho-rs/7265/#&Pagina=1&Index=1
marcador-155,"[PREFEITURA] - Produtos, Sucatas - Potirendaba / SP",31-07-26,2026-08-03,03/08/2026,4:00,passado,SP,"Largo Bom Jesus, 990 - Centro - 15105-046 - Potirendaba - SP - Brasil",,,https://drive.google.com/file/d/1GhZAjq3P_kk_W5zFYqOuAS6eR6bmq8fR/view?usp=drive_link,,mapa,,,https://drive.google.com/file/d/1GhZAjq3P_kk_W5zFYqOuAS6eR6bmq8fR/view?usp=drive_link
marcador-156,"[PREFEITURA] - Veículos, Vans, Caminhonetes, Máquinas, Caminhões, Equipamentos - Juripiranga / PB",31-07-26,2026-08-03,03/08/2026,4:00,passado,PB,"BRASIL, 380 - 58330-000 - Juripiranga - PB - Brasil",,,https://tesouroleiloes.com.br/leilao/8/prefeitura-municipal-de-juripirangapb,,mapa,,,https://tesouroleiloes.com.br/leilao/8/prefeitura-municipal-de-juripirangapb
marcador-157,"[PREFEITURA] - Veículos, Caminhonetes, Vans, Ônibus, Caminhões, Equipamentos, Máquinas - Guaraniaçu / PR",31-07-26,2026-08-03,03/08/2026,4:00,passado,PR,85400-001 - Guaraniaçu - PR - Brasil,,,https://drive.google.com/file/d/1CMHAlAeOy8mZDNpOAHWrTtWBR108bUUK/view?usp=drive_link,,mapa,,,https://drive.google.com/file/d/1CMHAlAeOy8mZDNpOAHWrTtWBR108bUUK/view?usp=drive_link
marcador-158,"[PREFEITURA] - Veículos, Caminhonetes, Vans, Ônibus, Caminhões, Equipamentos, Máquinas - Guaraniaçu / PR",31-07-26,2026-08-03,03/08/2026,4:00,passado,PR,85400-001 - Guaraniaçu - PR - Brasil,,,https://drive.google.com/file/d/1CMHAlAeOy8mZDNpOAHWrTtWBR108bUUK/view?usp=drive_link,,mapa,,,https://drive.google.com/file/d/1CMHAlAeOy8mZDNpOAHWrTtWBR108bUUK/view?usp=drive_link
marcador-159,"[PREFEITURA] - Veículos, Vans, Caminhonetes, Máquinas, Caminhões, Equipamentos - Juripiranga / PB",31-07-26,2026-08-03,03/08/2026,4:00,passado,PB,"BRASIL, 380 - 58330-000 - Juripiranga - PB - Brasil",,,https://tesouroleiloes.com.br/leilao/8/prefeitura-municipal-de-juripirangapb,,mapa,,,https://tesouroleiloes.com.br/leilao/8/prefeitura-municipal-de-juripirangapb
marcador-160,"[PREFEITURA] - Vans, Veículos, Caminhonetes, Motos, Ônibus, Caminhões, Equipamentos, Máquinas - Ponta Grossa / PR",31-07-26,2026-08-03,03/08/2026,4:00,passado,PR,84000-000 - Ponta Grossa - PR - Brasil,,,https://www.jeremyleiloes.com.br/evento/municipio-de-ponta-grossa-pr-788195?searchType=opened&preOrderBy=orderByFirstOpenedOffers&pageNumber=1&pageSize=30&orderBy=lotNumber:asc;subLotNumber:asc,,mapa,,,https://www.jeremyleiloes.com.br/evento/municipio-de-ponta-grossa-pr-788195?searchType=opened&preOrderBy=orderByFirstOpenedOffers&pageNumber=1&pageSize=30&orderBy=lotNumber:asc;subLotNumber:asc
marcador-161,[PREFEITURA] - Produtos - Guzolândia / SP,31-07-26,2026-08-03,03/08/2026,4:00,passado,SP,15355-000 - Guzolândia - SP - Brasil,,,https://drive.google.com/file/d/10HPWJMDkxBL4oDbvKcCGnvmv2VZrhxon/view?usp=drive_link,,mapa,,,https://drive.google.com/file/d/10HPWJMDkxBL4oDbvKcCGnvmv2VZrhxon/view?usp=drive_link
marcador-162,[PREFEITURA] - Imóveis - Franca / SP,31-07-26,2026-08-03,03/08/2026,4:00,passado,SP,"Rua Frederico Moura, 1517 - Cidade Nova - 14401-150 - Franca - SP - Brasil",,,https://drive.google.com/file/d/1NhhFGo9Zz7omXFRxyp6jCd7HT0pJpuWy/view?usp=drive_link,,mapa,,,https://drive.google.com/file/d/1NhhFGo9Zz7omXFRxyp6jCd7HT0pJpuWy/view?usp=drive_link | OBSERVAÇÃO: LOTES EM DIFERENTES LOCAIS DA CIDADE.
marcador-163,[PREFEITURA] - VANS/VEÍCULOS/CAMINHONETES/MOTOS/ÔNIBUS/CAMINHÕES/EQUIPAMENTOS/MÁQUINAS - Ponta Grossa - PR,31-07-26,2026-08-03,03/08/2026,4:00,passado,PR,"Ponta Grossa, PR, Brasil",,,https://www.jeremyleiloes.com.br/evento/municipio-de-ponta-grossa-pr-788195?searchType=opened&preOrderBy=orderByFirstOpenedOffers&pageNumber=1&pageSize=30&orderBy=lotNumber:asc;subLotNumber:asc,,mapa,,,https://www.jeremyleiloes.com.br/evento/municipio-de-ponta-grossa-pr-788195?searchType=opened&preOrderBy=orderByFirstOpenedOffers&pageNumber=1&pageSize=30&orderBy=lotNumber:asc;subLotNumber:asc •
marcador-164,[PREFEITURA] - PRODUTOS - Guzolândia - SP,31-07-26,2026-08-03,03/08/2026,4:00,passado,SP,"Guzolândia, SP, 15355-000, Brasil",,,https://drive.google.com/file/d/10HPWJMDkxBL4oDbvKcCGnvmv2VZrhxon/view?usp=drive_link,,mapa,,,https://drive.google.com/file/d/10HPWJMDkxBL4oDbvKcCGnvmv2VZrhxon/view?usp=drive_link •
marcador-165,[PREFEITURA] - IMÓVEIS - Morada Nova de Minas - MG,31-07-26,2026-08-03,03/08/2026,4:00,passado,MG,"Av. Cel. Sebastião Pereira Magalhães Castro, 315 - Centro, Morada Nova de Minas - MG, 35628-000, Brasil",,,https://www.google.com/url?q=https://drive.google.com/file/d/1T5Q8XsETGWFAi9wRUHzpBOP6u5EjHa8Q/view?usp%3Ddrive_link&sa=D&source=calendar&usd=2&usg=AOvVaw3Qbdmv_en2ewhPdip1F_Kw | https://drive.google.com/file/d/1T5Q8XsETGWFAi9wRUHzpBOP6u5EjHa8Q/view?usp=drive_link,,mapa,,,https://drive.google.com/file/d/1T5Q8XsETGWFAi9wRUHzpBOP6u5EjHa8Q/view?usp=drive_link •
marcador-166,"[ÓRGÃO PÚBLICO] - DEMSUR - Caminhões, Motos, Veículos, Sucatas, Máquinas, Produtos - Muriaé / MG",31-07-26,2026-08-03,03/08/2026,5:00,passado,MG,"Avenida Maestro Sansão, 65 - Centro - 36880002 - Muriaé - MG - Brasil",,,https://www.saulojulioleiloeiro.com.br/pregao/68b081c3f21c9281334d4294/68b1dc800c5254482ad82d56,,mapa,,,https://www.saulojulioleiloeiro.com.br/pregao/68b081c3f21c9281334d4294/68b1dc800c5254482ad82d56
marcador-167,"[ÓRGÃO PÚBLICO] - DETRAN - Motos, Veículos - Lorena / SP",31-07-26,2026-08-03,03/08/2026,5:00,passado,SP,"Rua Rio Grande do Norte, 314 - Cidade Industrial - 12609-240 - Lorena - SP - Brasil",,,https://www.giordanoleiloes.com.br/leilao/index/leilao_id/96967,,mapa,,,https://www.giordanoleiloes.com.br/leilao/index/leilao_id/96967
marcador-168,"[ÓRGÃO PÚBLICO] - Sucatas, Produtos - Campos do Jordão / SP",31-07-26,2026-08-03,03/08/2026,5:00,passado,SP,Rua Joaquim Pinto Seabra - Vila Everest - 12460-003 - Campos do Jordão - SP - Brasil,,,https://www.savoyleiloes.com.br/lote/000001-32-galoes-de-querosene-de-aviacao-com-ou-1500-litros,,mapa,,,https://www.savoyleiloes.com.br/lote/000001-32-galoes-de-querosene-de-aviacao-com-ou-1500-litros
marcador-169,"[ÓRGÃO PÚBLICO] - DETRAN SP - Motos, Veículos, Caminhonetes - Várzea Paulista / SP",31-07-26,2026-08-03,03/08/2026,5:00,passado,SP,"Rua Indaiatuba, 450 - Chácaras Santa Martha - 13222-690 - Várzea Paulista - SP - Brasil",,,https://www.lanceleiloes.com.br/leilao/868/lotes,,mapa,,,https://www.lanceleiloes.com.br/leilao/868/lotes | OBSERVAÇÃO: LOTES EM DIFERENTES LOCAIS DO BRASIL.
marcador-170,"[ÓRGÃO PÚBLICO] - DETRAN/MG - Sucatas, Motos, Veículos - Guaxupé / MG",31-07-26,2026-08-03,03/08/2026,5:00,passado,MG,37800-000 - Guaxupé - MG - Brasil,,,https://leilao.detran.mg.gov.br/lotes/lista-lotes/3445/2026,,mapa,,,https://leilao.detran.mg.gov.br/lotes/lista-lotes/3445/2026
marcador-171,"[ÓRGÃO PÚBLICO] - DETRAN/MG - Veículos, Motos, Sucatas - Lagoa da Prata / MG",31-07-26,2026-08-03,03/08/2026,5:00,passado,MG,Rua Bahia - Centro - 35590-001 - Lagoa da Prata - MG - Brasil,,,https://drive.google.com/file/d/1AF7vm8kCrfF27bMfBVVOlkFo0wQvUovR/view?usp=drive_link,,mapa,,,https://drive.google.com/file/d/1AF7vm8kCrfF27bMfBVVOlkFo0wQvUovR/view?usp=drive_link
marcador-172,[ÓRGÃO PÚBLICO] - RECEITA FEDERAL - Produtos - Rio de Janeiro / RJ,31-07-26,2026-08-03,03/08/2026,5:00,passado,RJ,Ponta do Galeão - Galeão - 21941-520 - Rio de Janeiro - RJ - Brasil,,,https://www25.receita.fazenda.gov.br/sle-sociedade/portal/edital/717700/2/2026,,mapa,,,https://www25.receita.fazenda.gov.br/sle-sociedade/portal/edital/717700/2/2026
marcador-173,"[SEGURADORA] - Veículos, Sucatas - Aparecida de Goiânia / GO",31-07-26,2026-08-03,03/08/2026,7:00,passado,GO,Rodovia BR-153 - Distrito Agroindustrial de Aparecida de Goiânia - 74993405 - Aparecida de Goiânia - GO - Brasil,,,https://www.copart.com.br/saleListResult/auctionId/10314?location=Goi%C3%A2nia%20-%20GO&saleDate=1785769200000&liveAuction=false&from=&yardNum=56&auctioneer=Ygor%20Ferreira%20Brasil%20-%20Juceg%20074%2F20,,mapa,,,https://www.copart.com.br/saleListResult/auctionId/10314?location=Goi%C3%A2nia%20-%20GO&saleDate=1785769200000&liveAuction=false&from=&yardNum=56&auctioneer=Ygor%20Ferreira%20Brasil%20-%20Juceg%20074%2F20
marcador-174,"[SEGURADORA] - Motos, Veículos, Caminhonetes - Osasco / SP",31-07-26,2026-08-03,03/08/2026,7:00,passado,SP,"Rua Henry Ford, 965 - Presidente Altino - 06210108 - Osasco - SP - Brasil",,,https://www.copart.com.br/saleListResult/auctionId/10313?location=Osasco%20-%20SP&saleDate=1785776400000&liveAuction=false&from=&yardNum=1&auctioneer=Luciana%20de%20C%C3%A1ssia%20dos%20Santos%20do%20Carmo%20-%20Jucesp%201136,,mapa,,,https://www.copart.com.br/saleListResult/auctionId/10313?location=Osasco%20-%20SP&saleDate=1785776400000&liveAuction=false&from=&yardNum=1&auctioneer=Luciana%20de%20C%C3%A1ssia%20dos%20Santos%20do%20Carmo%20-%20Jucesp%201136 | OBSERVAÇÃO: LOTES EM DIFERENTES LOCAIS DO BRASIL.
marcador-175,"[SEGURADORA] - Sucatas, Motos, Veículos, Caminhonetes, Caminhões - Itaquaquecetuba / SP",31-07-26,2026-08-03,03/08/2026,7:00,passado,SP,"Estrada Muranaka, 199 - Jardim Novo Horizonte - 08597230 - Itaquaquecetuba - SP - Brasil",,,https://www.copart.com.br/saleListResult/auctionId/10312?location=Itaquaquecetuba%20-%20SP&saleDate=1785762000000&liveAuction=false&from=&yardNum=46&auctioneer=Jose%20Carlos%20Chagas%20-%20Jucesp%20940,,mapa,,,https://www.copart.com.br/saleListResult/auctionId/10312?location=Itaquaquecetuba%20-%20SP&saleDate=1785762000000&liveAuction=false&from=&yardNum=46&auctioneer=Jose%20Carlos%20Chagas%20-%20Jucesp%20940 | OBSERVAÇÃO: LOTES EM DIFERENTES LOCAIS DO BRASIL.
marcador-176,"[FINANCEIRA] - Veículos, Caminhonetes - São José dos Pinhais / PR",31-07-26,2026-08-03,03/08/2026,7:00,passado,PR,"Rua Frei Basílio Roewer Ofm, 305 - Guatupê - 83065450 - São José dos Pinhais - PR - Brasil",,,https://leilo.com.br/leilao/?leilao.nome=LEIL%C3%83O%20DE%20VE%C3%8DCULOS%20SUL_SUDESTE%20-%2003.08.26,,mapa,,,https://leilo.com.br/leilao/?leilao.nome=LEIL%C3%83O%20DE%20VE%C3%8DCULOS%20SUL_SUDESTE%20-%2003.08.26 | OBSERVAÇÃO: LOTES EM DIFERENTES LOCAIS DO BRASIL.
marcador-177,"[SEGURADORA] - Máquinas, Equipamentos - Barretos / SP",31-07-26,2026-08-03,03/08/2026,7:00,passado,SP,14780-000 - Barretos - SP - Brasil,,,https://satoleiloes.com.br/leiloes/4948,,mapa,,,https://satoleiloes.com.br/leiloes/4948
marcador-178,[PRODUTOS] - Produtos - São Paulo / SP,31-07-26,2026-08-03,03/08/2026,8:00,passado,SP,01000-000 - São Paulo - SP - Brasil,,,https://www.leilaoprime.com.br/leilao/45/lotes,,mapa,,,https://www.leilaoprime.com.br/leilao/45/lotes
marcador-179,[PRODUTOS] - Produtos - Rio de Janeiro / RJ,31-07-26,2026-08-03,03/08/2026,8:00,passado,RJ,Rua Maria Ilda Pinto dos Santos - Guaratiba - 23040-309 - Rio de Janeiro - RJ - Brasil,,,https://www.narnialeiloes.com.br/leilao.asp?Num=63713,,mapa,,,https://www.narnialeiloes.com.br/leilao.asp?Num=63713
marcador-180,[PRODUTOS] - Sorocaba / SP,31-07-26,2026-08-03,03/08/2026,8:00,passado,SP,"Rua Paulo Ruan Faria, 111 - Parque Empresarial das Mangueiras - 18086-420 - Sorocaba - SP - Brasil",,,https://www.lance360.com.br/leilao/701,,mapa,,,https://www.lance360.com.br/leilao/701
marcador-181,"[EMPRESA] - Veículos, Máquinas, Produtos, Caminhões - Aparecida de Goiânia / GO",31-07-26,2026-08-03,03/08/2026,8:00,passado,GO,"Avenida Bela Vista, 1330 - Chácaras Bela Vista - 74920803 - Aparecida de Goiânia - GO - Brasil",,,https://leilo.com.br/leilao/?leilao.nome=LEIL%C3%83O%20CONCEBRA%20-%2003.08.2026,,mapa,,,https://leilo.com.br/leilao/?leilao.nome=LEIL%C3%83O%20CONCEBRA%20-%2003.08.2026
marcador-182,"[EMPRESA] - SESC - Produtos, Equipamentos - São Paulo / SP",31-07-26,2026-08-03,03/08/2026,8:00,passado,SP,"Rua Vitório, 271 - Vila Prel - 05780-410 - São Paulo - SP - Brasil",,,https://www.reginaaudeleiloes.com.br/leilao/bens-moveis-de-sesc-ms/1719,,mapa,,,https://www.reginaaudeleiloes.com.br/leilao/bens-moveis-de-sesc-ms/1719
marcador-183,"[ÓRGÃO PÚBLICO] - SESC - Produtos, Equipamentos - São Paulo / SP",31-07-26,2026-08-03,03/08/2026,8:00,passado,SP,"Rua Vitório, 271 - Vila Prel - 05780-410 - São Paulo - SP - Brasil",,,https://www.reginaaudeleiloes.com.br/leilao/bens-moveis-de-sesc-ms/1719,,mapa,,,https://www.reginaaudeleiloes.com.br/leilao/bens-moveis-de-sesc-ms/1719
marcador-184,[PRODUTOS] - Produtos - Contagem / MG,31-07-26,2026-08-03,03/08/2026,8:00,passado,MG,Via Vereador Joaquim Costa - Campina Verde - 32150-240 - Contagem - MG - Brasil,,,https://www.palaciodosleiloes.com.br/site/?leilao_pesquisa=8534,,mapa,,,https://www.palaciodosleiloes.com.br/site/?leilao_pesquisa=8534
marcador-185,[PRODUTOS] - Taboão da Serra / SP,31-07-26,2026-08-03,03/08/2026,8:00,passado,SP,06750-000 - Taboão da Serra - SP - Brasil,,,https://www.kwara.com.br/evento/leilao-de-moveis-e-itens-de-decoracao-galpao-kwara-K-2882,,mapa,,,https://www.kwara.com.br/evento/leilao-de-moveis-e-itens-de-decoracao-galpao-kwara-K-2882
marcador-186,[PRODUTOS] - Produtos - São Paulo / SP,31-07-26,2026-08-03,03/08/2026,8:00,passado,SP,05000-000 - São Paulo - SP - Brasil,,,https://www.kwara.com.br/evento/leilao-de-moveis-e-itens-de-decoracao-troca-de-showroom-todeschini-K-2590,,mapa,,,https://www.kwara.com.br/evento/leilao-de-moveis-e-itens-de-decoracao-troca-de-showroom-todeschini-K-2590
marcador-187,"[SEGURADORA] - Veículos, Sucatas - Rio de Janeiro / RJ",31-07-26,2026-08-03,03/08/2026,8:00,passado,RJ,"Avenida Brasil, 51467 - Campo Grande - 23065-480 - Rio de Janeiro - RJ - Brasil",,,https://www.rogeriomenezes.com.br/leilao/1587,,mapa,,,https://www.rogeriomenezes.com.br/leilao/1587
marcador-188,"[ÓRGÃO PÚBLICO] - DETRN/MG - Sucatas, Motos, Veículos - Curvelo / MG",31-07-26,2026-08-03,03/08/2026,8:00,passado,MG,Avenida Antônio Olinto - Centro - 35790-001 - Curvelo - MG - Brasil,,,https://leilao.detran.mg.gov.br/lotes/lista-lotes/3382/2026,,mapa,,,https://leilao.detran.mg.gov.br/lotes/lista-lotes/3382/2026
marcador-189,[EMPRESA] - SESI - Mauá / SP,31-07-26,2026-08-03,03/08/2026,8:00,passado,SP,Avenida João Ramalho - Vila Noêmia - 09371520 - Mauá - SP - Brasil,,,https://liderleiloes.com.br/eventos/leilao/184/equipamentos-de-cozinha-industrial-e-equipamentos-de-academia,,mapa,,,https://liderleiloes.com.br/eventos/leilao/184/equipamentos-de-cozinha-industrial-e-equipamentos-de-academia
marcador-190,"[EMPRESA] - SESC - Produtos, Equipamentos - São Paulo / SP",31-07-26,2026-08-03,03/08/2026,9:00,passado,SP,"Rua Vitório, 271 - Vila Prel - 05780-410 - São Paulo - SP - Brasil",,,https://www.reginaaudeleiloes.com.br/leilao/bens-moveis-de-sesc-ms/1719,,mapa,,,https://www.reginaaudeleiloes.com.br/leilao/bens-moveis-de-sesc-ms/1719
marcador-191,"[EMPRESA] - VALE BASE METALS - Caminhões, Produtos - Guararema / SP",31-07-26,2026-08-03,03/08/2026,9:00,passado,SP,"Rua Coronel Ramalho, 113 - CENTRO - 08900-000 - Guararema - SP - Brasil",,,https://www.sold.com.br/evento/vale-base-metals-789946?searchType=opened&preOrderBy=orderByFirstOpenedOffers&pageNumber=1&pageSize=30&orderBy=lotNumber:asc;subLotNumber:asc&,,mapa,,,https://www.sold.com.br/evento/vale-base-metals-789946?searchType=opened&preOrderBy=orderByFirstOpenedOffers&pageNumber=1&pageSize=30&orderBy=lotNumber:asc;subLotNumber:asc&
marcador-192,[EMPRESA] - PETROBRAS - Equipamentos - Macaé / RJ,31-07-26,2026-08-03,03/08/2026,9:00,passado,RJ,"Rodovia Amaral Peixoto, 11000 - Imboassica - 27973030 - Macaé - RJ - Brasil",,,https://www.sold.com.br/evento/petrobras-pea0335136-784082?searchType=opened&preOrderBy=orderByFirstOpenedOffers&pageNumber=1&pageSize=30&orderBy=lotNumber:asc;subLotNumber:asc&,,mapa,,,https://www.sold.com.br/evento/petrobras-pea0335136-784082?searchType=opened&preOrderBy=orderByFirstOpenedOffers&pageNumber=1&pageSize=30&orderBy=lotNumber:asc;subLotNumber:asc&
marcador-193,[EMPRESA] - PETROBRAS - Equipamentos - Rio de Janeiro / RJ,31-07-26,2026-08-03,03/08/2026,9:00,passado,RJ,"Rua Pascoal Lemme, 950 - Cidade Universitária - 21941918 - Rio de Janeiro - RJ - Brasil",,,https://www.sold.com.br/evento/petrobras-pea0207051-789988?searchType=opened&preOrderBy=orderByFirstOpenedOffers&pageNumber=1&pageSize=30&orderBy=lotNumber:asc;subLotNumber:asc&,,mapa,,,https://www.sold.com.br/evento/petrobras-pea0207051-789988?searchType=opened&preOrderBy=orderByFirstOpenedOffers&pageNumber=1&pageSize=30&orderBy=lotNumber:asc;subLotNumber:asc&
marcador-194,[EMPRESA] - PETROBRAS - Produtos - Rio de Janeiro / RJ,31-07-26,2026-08-03,03/08/2026,9:00,passado,RJ,"Rua General Canabarro, 500 - SALA 127 - Maracanã - 20271-900 - Rio de Janeiro - RJ - Brasil",,,https://www.sold.com.br/evento/petrobras-pea0347392-789530?searchType=opened&preOrderBy=orderByFirstOpenedOffers&pageNumber=1&pageSize=30&orderBy=lotNumber:asc;subLotNumber:asc&,,mapa,,,https://www.sold.com.br/evento/petrobras-pea0347392-789530?searchType=opened&preOrderBy=orderByFirstOpenedOffers&pageNumber=1&pageSize=30&orderBy=lotNumber:asc;subLotNumber:asc&
marcador-195,[EMPRESA] - PETROBRAS - Belford Roxo / RJ,31-07-26,2026-08-03,03/08/2026,9:00,passado,RJ,"Avenida Coelho da Rocha, 364 - Centro - 26130-130 - Belford Roxo - RJ - Brasil",,,https://www.sold.com.br/evento/petrobras-pea0207466-789943?searchType=opened&preOrderBy=orderByFirstOpenedOffers&pageNumber=1&pageSize=30&orderBy=lotNumber:asc;subLotNumber:asc&,,mapa,,,https://www.sold.com.br/evento/petrobras-pea0207466-789943?searchType=opened&preOrderBy=orderByFirstOpenedOffers&pageNumber=1&pageSize=30&orderBy=lotNumber:asc;subLotNumber:asc&
marcador-196,"[EMPRESA] - VALE BASE METALS - Caminhões, Produtos - Guararema / SP",31-07-26,2026-08-03,03/08/2026,9:00,passado,SP,"Coronel Ramalho, 113 - CENTRO - 08900-000 - Guararema - SP - Brasil",,,https://www.sold.com.br/evento/vale-base-metals-789946?searchType=opened&preOrderBy=orderByFirstOpenedOffers&pageNumber=1&pageSize=30&orderBy=lotNumber:asc;subLotNumber:asc,,mapa,,,https://www.sold.com.br/evento/vale-base-metals-789946?searchType=opened&preOrderBy=orderByFirstOpenedOffers&pageNumber=1&pageSize=30&orderBy=lotNumber:asc;subLotNumber:asc | OBSERVAÇÃO: LOTES EM DIFERENTES LOCAIS DO BRASIL.
marcador-197,[EMPRESA] - GTFOODS - Produtos - Guararema / SP,31-07-26,2026-08-03,03/08/2026,9:00,passado,SP,"Coronel Ramalho, 113 - CENTRO - 08900-000 - Guararema - SP - Brasil",,,https://www.sold.com.br/evento/gtfoods-789930?searchType=opened&preOrderBy=orderByFirstOpenedOffers&pageNumber=1&pageSize=30&orderBy=lotNumber:asc;subLotNumber:asc&,,mapa,,,https://www.sold.com.br/evento/gtfoods-789930?searchType=opened&preOrderBy=orderByFirstOpenedOffers&pageNumber=1&pageSize=30&orderBy=lotNumber:asc;subLotNumber:asc&
marcador-198,"[EMPRESA] - Máquinas, Produtos - Cotia / SP",31-07-26,2026-08-03,03/08/2026,9:00,passado,SP,"Rua Lotus, 215 - Jardim Cláudio - 06715825 - Cotia - SP - Brasil",,,https://www.sodresantoro.com.br/leilao/28847?sort=lot_number_asc,,mapa,,,https://www.sodresantoro.com.br/leilao/28847?sort=lot_number_asc | OBSERVAÇÃO: LOTES EM DIFERENTES LOCAIS DO BRASIL.
marcador-199,"[EMPRESA] - Caminhões, Equipamentos - Biguaçu / SC",31-07-26,2026-08-03,03/08/2026,9:00,passado,SC,88160-000 - Biguaçu - SC - Brasil,,,https://www.eckertleiloes.com.br/evento/leilao-corporativo-ativos-de-empresas-783770?searchType=opened&preOrderBy=orderByFirstOpenedOffers&pageNumber=1&pageSize=30&orderBy=lotNumber:asc;subLotNumber:asc,,mapa,,,https://www.eckertleiloes.com.br/evento/leilao-corporativo-ativos-de-empresas-783770?searchType=opened&preOrderBy=orderByFirstOpenedOffers&pageNumber=1&pageSize=30&orderBy=lotNumber:asc;subLotNumber:asc
marcador-200,"[PREFEITURA] - Equipamentos, Produtos, Sucatas, Caminhões, Veículos, Caminhonetes, Ônibus, Máquinas - Santiago do Sul / SC",31-07-26,2026-08-04,04/08/2026,4:00,passado,SC,Rua Angelo Toazza - 89854-000 - Santiago do Sul - SC - Brasil,,,https://diegoleiloes.com.br/leilao/1083/lotes,,mapa,,,https://diegoleiloes.com.br/leilao/1083/lotes
marcador-201,"[PREFEITURA] - Máquinas, Veículos, Vans, Ônibus, Caminhonetes - Balsas / MA",31-07-26,2026-08-04,04/08/2026,4:00,passado,MA,"Dr. Jamildo, S/N - Potosi - 65800-000 - Balsas - MA - Brasil",,,https://www.mgl.com.br/leilao/prefeitura-municipal-de-balsas-ma/7233/#&Pagina=1&Index=1,,mapa,,,https://www.mgl.com.br/leilao/prefeitura-municipal-de-balsas-ma/7233/#&Pagina=1&Index=1
marcador-202,[EMPRESA] - PETROBRAS - Betim / MG,31-07-26,2026-08-04,04/08/2026,4:00,passado,MG,"Avenida Refinária Gabriel Passos, 364 - Distrito Industrial Paulo Camilo Sul - 32669-200 - Betim - MG - Brasil",,,https://www.sold.com.br/evento/petrobras-pea0365931-789990?searchType=opened&preOrderBy=orderByFirstOpenedOffers&pageNumber=1&pageSize=30&orderBy=lotNumber:asc;subLotNumber:asc&,,mapa,,,https://www.sold.com.br/evento/petrobras-pea0365931-789990?searchType=opened&preOrderBy=orderByFirstOpenedOffers&pageNumber=1&pageSize=30&orderBy=lotNumber:asc;subLotNumber:asc& | OBSERVAÇÃO: LOTES EM DIFERENTES LOCAIS DO BRASIL.
marcador-203,"[ÓRGÃO PÚBLICO] - DETRAN - Motos, Veículos, Sucatas - Nova Serrana / MG",31-07-26,2026-08-04,04/08/2026,4:00,passado,MG,35520-000 - Nova Serrana - MG - Brasil,,,https://drive.google.com/file/d/1x9EOsGBJWbNWHF6wTw9EZ6BctX0LLIzp/view?usp=drive_link,,mapa,,,https://drive.google.com/file/d/1x9EOsGBJWbNWHF6wTw9EZ6BctX0LLIzp/view?usp=drive_link
marcador-204,[PREFEITURA] - Sucatas - Campinas / SP,31-07-26,2026-08-04,04/08/2026,4:00,passado,SP,Rodovia Lix da Cunha - Três Vendas - 13052-520 - Campinas - SP - Brasil,,,https://www.hastasp.com.br/evento/sucata-leilao-01-2026-municipal-sao-bern-do-campo-784144?searchType=opened&preOrderBy=orderByFirstOpenedOffers&pageNumber=1&pageSize=30&orderBy=lotNumber:asc;subLotNumber:asc,,mapa,,,https://www.hastasp.com.br/evento/sucata-leilao-01-2026-municipal-sao-bern-do-campo-784144?searchType=opened&preOrderBy=orderByFirstOpenedOffers&pageNumber=1&pageSize=30&orderBy=lotNumber:asc;subLotNumber:asc
marcador-205,[PREFEITURA] - Imóveis - Ituiutaba / MG,31-07-26,2026-08-04,04/08/2026,4:00,passado,MG,Avenida Governador José de Magalhães Pinto - Nossa Senhora Aparecida - 38301-140 - Ituiutaba - MG - Brasil,,,https://leiloes.arthurnunes.leilao.br/lote/153-001-imovel-urbano-com-2362100m2-ituiutabamg,,mapa,,,https://leiloes.arthurnunes.leilao.br/lote/153-001-imovel-urbano-com-2362100m2-ituiutabamg
marcador-206,[PREFEITURA] - Imóveis - Itobi / SP,31-07-26,2026-08-04,04/08/2026,4:00,passado,SP,"Sete de Setembro, 932 - CENTRO - 13715-000 - Itobi - SP - Brasil",,,https://www.mgl.com.br/leilao/prefeitura-municipal-de-itobi-sp/7232/#&Pagina=1&Index=1,,mapa,,,https://www.mgl.com.br/leilao/prefeitura-municipal-de-itobi-sp/7232/#&Pagina=1&Index=1
marcador-207,[PREFEITURA] - Imóveis - Araraquara / SP,31-07-26,2026-08-04,04/08/2026,4:00,passado,SP,"Rua São Bento, 840 - Centro - 14801901 - Araraquara - SP - Brasil",,,https://www.mgl.com.br/leilao/prefeitura-municipal-de-araraquara-sp/7272/#&Pagina=1&Index=1,,mapa,,,https://www.mgl.com.br/leilao/prefeitura-municipal-de-araraquara-sp/7272/#&Pagina=1&Index=1
marcador-208,"[PREFEITURA] - Veículos, Máquinas, Equipamentos, Produtos - Itacambira / MG",31-07-26,2026-08-04,04/08/2026,4:00,passado,MG,"Av. Francisco Bicalho, 75 - Centro - 39594-000 - Itacambira - MG - Brasil",,,https://danielgarcialeiloes.com.br/leilao/7699/lotes,,mapa,,,https://danielgarcialeiloes.com.br/leilao/7699/lotes
marcador-209,"[PREFEITURA] - Veículos, Produtos, Ônibus - Capela Nova / MG",31-07-26,2026-08-04,04/08/2026,4:00,passado,MG,"Lopes de Assis, 09 - CENTRO  - 36290-000 - Capela Nova - MG - Brasil",,,https://danielgarcialeiloes.com.br/leilao/7681/lotes,,mapa,,,https://danielgarcialeiloes.com.br/leilao/7681/lotes
marcador-210,"[PREFEITURA] - Veículos, Caminhonetes, Equipamentos, Ônibus, Vans, Máquinas - Cabreúva / SP",31-07-26,2026-08-04,04/08/2026,4:00,passado,SP,"Rua Líbano, 50 - Villarejo Sopé da Serra (Vilarejo) - 13317-696 - Cabreúva - SP - Brasil",,,https://mjleiloes.com.br/leiloes/99?slug=leilao-da-prefeitura-de-cabreuva-sp-veiculos-tratores-e-outros,,mapa,,,https://mjleiloes.com.br/leiloes/99?slug=leilao-da-prefeitura-de-cabreuva-sp-veiculos-tratores-e-outros | OBSERVAÇÃO: LOTES EM DIFERENTES LOCAIS DO BRASIL.
marcador-211,"[ÓRGÃO PÚBLICO] - SAD - Produtos, Sucatas - Campo Grande / MS",31-07-26,2026-08-04,04/08/2026,4:00,passado,MS,"Avenida Tamandaré, 1066 - Vila Planalto - 79009-790 - Campo Grande - MS - Brasil",,,https://www.mariafixerleiloes.com.br/leilao/index/leilao_id/96903,,mapa,,,https://www.mariafixerleiloes.com.br/leilao/index/leilao_id/96903 | OBSERVAÇÃO: LOTES EM DIFERENTES LOCAIS DO BRASIL.
marcador-212,"[PREFEITURA] - Máquinas, Ônibus, Vans, Veículos, Presencial - Matina / BA",31-07-26,2026-08-04,04/08/2026,4:00,passado,BA,"Sete de Setembro, S/N - Aldo Lucheta - 46480-000 - Matina - BA - Brasil",,,https://www.hatoryleiloes.com.br/externo/leilao/107,,mapa,,,https://www.hatoryleiloes.com.br/externo/leilao/107
marcador-213,"[PREFEITURA] - Caminhonetes, Máquinas, Ônibus, Veículos, Presencial - Pindaí / BA",31-07-26,2026-08-04,04/08/2026,4:00,passado,BA,Levino Mendes - Alvorada - 46360-000 - Pindaí - BA - Brasil,,,https://www.hatoryleiloes.com.br/externo/leilao/106,,mapa,,,https://www.hatoryleiloes.com.br/externo/leilao/106
marcador-214,[PREFEITURA] - Imóveis - Franca / SP,31-07-26,2026-08-04,04/08/2026,4:00,passado,SP,"Rua Frederico Moura, 1517 - Cidade Nova - 14401-150 - Franca - SP - Brasil",,,https://drive.google.com/file/d/1-QjYLwcYwK5E8O7U_h7-t1vIquRQge5l/view?usp=drive_link,,mapa,,,https://drive.google.com/file/d/1-QjYLwcYwK5E8O7U_h7-t1vIquRQge5l/view?usp=drive_link | OBSERVAÇÃO: LOTES EM DIFERENTES LOCAIS DA CIDADE.
marcador-215,"[PREFEITURA] - Produtos, Veículos, Sucatas - Santana de Mangueira / PB",31-07-26,2026-08-04,04/08/2026,4:00,passado,PB,58985-000 - Santana de Mangueira - PB - Brasil,,,https://www.colossoleiloes.com.br/eventos/leilao/87/leilao-dos-bens-moveis-inserviveis-da-prefeitura-de-santana-de-mangueira,,mapa,,,https://www.colossoleiloes.com.br/eventos/leilao/87/leilao-dos-bens-moveis-inserviveis-da-prefeitura-de-santana-de-mangueira
marcador-216,"[PREFEITURA] - Máquinas, Veículos, Vans, Ônibus, Caminhonetes - Balsas / MA",31-07-26,2026-08-04,04/08/2026,4:00,passado,MA,"Dr. Jamildo, S/N - Potosi - 65800-000 - Balsas - MA - Brasil",,,https://www.mgl.com.br/leilao/prefeitura-municipal-de-balsas-ma/7233/#&Pagina=1&Index=1,,mapa,,,https://www.mgl.com.br/leilao/prefeitura-municipal-de-balsas-ma/7233/#&Pagina=1&Index=1
marcador-217,"[PREFEITURA] - Máquinas, Veículos, Vans, Ônibus, Caminhonetes - Balsas / MA",31-07-26,2026-08-04,04/08/2026,4:00,passado,MA,"Dr. Jamildo, S/N - Potosi - 65800-000 - Balsas - MA - Brasil",,,https://www.mgl.com.br/leilao/prefeitura-municipal-de-balsas-ma/7233/#&Pagina=1&Index=1,,mapa,,,https://www.mgl.com.br/leilao/prefeitura-municipal-de-balsas-ma/7233/#&Pagina=1&Index=1
marcador-218,"[PREFEITURA] - Veículos, Caminhonetes, Caminhões, Máquinas, Imóveis - Sulina / PR",31-07-26,2026-08-04,04/08/2026,4:00,passado,PR,"Rua Antonio Dionisio Reichert, S/N - Sulina - 85565-001 - Sulina - PR - Brasil",,,https://www.lancevip.com.br/eventos/leilao/2687/prefeitura-municipal-de-sulina-leilao-para-alienacao-de-bens-publicos-inserviveis,,mapa,,,https://www.lancevip.com.br/eventos/leilao/2687/prefeitura-municipal-de-sulina-leilao-para-alienacao-de-bens-publicos-inserviveis | OBSERVAÇÃO: LOTES EM DIFERENTES LOCAIS DA CIDADE.
marcador-219,"[PREFEITURA] - Ônibus, Vans, Veículos - Acari / RN",31-07-26,2026-08-04,04/08/2026,4:00,passado,RN,"VICENTE DE MOURA, 497 - DINARTE MARIZ - 59370-000 - Acari - RN - Brasil",,,https://www.lancecertoleiloes.com.br/leilao/040826ACARI,,mapa,,,https://www.lancecertoleiloes.com.br/leilao/040826ACARI
marcador-220,"[PREFEITURA] - Ônibus, Vans, Veículos - Acari / RN",31-07-26,2026-08-04,04/08/2026,4:00,passado,RN,"VICENTE DE MOURA, 497 - DINARTE MARIZ - 59370-000 - Acari - RN - Brasil",,,https://www.lancecertoleiloes.com.br/leilao/040826ACARI,,mapa,,,https://www.lancecertoleiloes.com.br/leilao/040826ACARI
marcador-221,"[PREFEITURA] - Veículos, Caminhonetes, Caminhões, Máquinas, Imóveis - Sulina / PR",31-07-26,2026-08-04,04/08/2026,4:00,passado,PR,"Rua Antonio Dionisio Reichert, S/N - Sulina - 85565-001 - Sulina - PR - Brasil",,,https://www.lancevip.com.br/eventos/leilao/2687/prefeitura-municipal-de-sulina-leilao-para-alienacao-de-bens-publicos-inserviveis,,mapa,,,https://www.lancevip.com.br/eventos/leilao/2687/prefeitura-municipal-de-sulina-leilao-para-alienacao-de-bens-publicos-inserviveis | OBSERVAÇÃO: LOTES EM DIFERENTES LOCAIS DA CIDADE.
marcador-222,"[PREFEITURA] - Veículos, Caminhonetes, Vans, Motos, Caminhões, Ônibus, Equipamentos, Imóveis, Sucatas - Ivaiporã / PR",31-07-26,2026-08-04,04/08/2026,4:00,passado,PR,Rio Grande do Norte - 86870-000 - Ivaiporã - PR - Brasil,,,https://www.andreluizleiloes.com.br/evento/municipio-de-ivaipora-783773?searchType=opened&preOrderBy=orderByFirstOpenedOffers&pageNumber=1&pageSize=30&orderBy=lotNumber:asc;subLotNumber:asc&,,mapa,,,https://www.andreluizleiloes.com.br/evento/municipio-de-ivaipora-783773?searchType=opened&preOrderBy=orderByFirstOpenedOffers&pageNumber=1&pageSize=30&orderBy=lotNumber:asc;subLotNumber:asc&
marcador-223,"[PREFEITURA] - Veículos, Caminhonetes, Ônibus, Sucatas - Alto Alegre do Pindaré / MA",31-07-26,2026-08-04,04/08/2026,4:00,passado,MA,Avenida João XXIII - 65398-000 - Alto Alegre do Pindaré - MA - Brasil,,,https://drive.google.com/file/d/129NruY3DKmcUxu31wwF66n-ai3XEOy33/view?usp=drive_link,,mapa,,,https://drive.google.com/file/d/129NruY3DKmcUxu31wwF66n-ai3XEOy33/view?usp=drive_link
marcador-224,"[PREFEITURA] - Máquinas, Veículos, Equipamentos, Ônibus, Sucatas - Cruzeiro do Sul / RS",31-07-26,2026-08-04,04/08/2026,4:00,passado,RS,95930-000 - Cruzeiro do Sul - RS - Brasil,,,https://topoleiloes.com.br/leilao/3160/automoveis-maquinas-pesadas-sucatas-mobiliario-eletronicos,,mapa,,,https://topoleiloes.com.br/leilao/3160/automoveis-maquinas-pesadas-sucatas-mobiliario-eletronicos
marcador-225,"[PREFEITURA] - Máquinas, Equipamentos, Caminhonetes, Veículos, Vans, Ônibus, Sucatas - Chapada / RS",31-07-26,2026-08-04,04/08/2026,4:00,passado,RS,99530-000 - Chapada - RS - Brasil,,,https://www.levyleiloes.com.br/leilao/44/lotes,,mapa,,,https://www.levyleiloes.com.br/leilao/44/lotes
marcador-226,[PREFEITURA] - Imóveis - Franca / SP,31-07-26,2026-08-04,04/08/2026,4:00,passado,SP,"Rua Frederico Moura, 1517 - Cidade Nova - 14401-150 - Franca - SP - Brasil",,,https://drive.google.com/file/d/1-QjYLwcYwK5E8O7U_h7-t1vIquRQge5l/view?usp=drive_link,,mapa,,,https://drive.google.com/file/d/1-QjYLwcYwK5E8O7U_h7-t1vIquRQge5l/view?usp=drive_link | OBSERVAÇÃO: LOTES EM DIFERENTES LOCAIS DA CIDADE.
marcador-227,[PREFEITURA] - VEÍCULOS/CAMINHONETES/ÔNIBUS/SUCATAS - Alto Alegre do Pindaré - MA,31-07-26,2026-08-04,04/08/2026,4:00,passado,MA,"Avenida João XXIII, Av. João XXIII, Alto Alegre do Pindaré - MA, 65398-000, Brasil",,,https://drive.google.com/file/d/129NruY3DKmcUxu31wwF66n-ai3XEOy33/view?usp=drive_link,,mapa,,,https://drive.google.com/file/d/129NruY3DKmcUxu31wwF66n-ai3XEOy33/view?usp=drive_link •
marcador-228,[PREFEITURA] - MÁQUINAS/EQUIPAMENTOS/CAMINHONETES/VEÍCULOS/VANS/ÔNIBUS/SUCATAS - Chapada - RS,31-07-26,2026-08-04,04/08/2026,4:00,passado,RS,"R. Alfredo Winck, 1309 - São José, Chapada - RS, 99530-000, Brasil",,,https://www.levyleiloes.com.br/leilao/44/lotes,,mapa,,,https://www.levyleiloes.com.br/leilao/44/lotes •
marcador-229,[PREFEITURA] - VEÍCULOS/CAMINHONETES/VANS/MOTOS/CAMINHÕES/ÔNIBUS/EQUIPAMENTOS/IMÓVEIS /SUCATAS - Ivaiporã - PR,31-07-26,2026-08-04,04/08/2026,4:00,passado,PR,"Rua Rio Grande do Norte, R. Rio Grande do Norte - Ivaiporã, PR, 86870-000, Brasil",,,https://www.andreluizleiloes.com.br/evento/municipio-de-ivaipora-783773?searchType=opened&preOrderBy=orderByFirstOpenedOffers&pageNumber=1&pageSize=30&orderBy=lotNumber:asc;subLotNumber:asc&,,mapa,,,https://www.andreluizleiloes.com.br/evento/municipio-de-ivaipora-783773?searchType=opened&preOrderBy=orderByFirstOpenedOffers&pageNumber=1&pageSize=30&orderBy=lotNumber:asc;subLotNumber:asc& •
marcador-230,[PREFEITURA] - EQUIPAMENTOS/PRODUTOS/SUCATAS/CAMINHÕES/VEÍCULOS/CAMINHONETES/ÔNIBUS/MÁQUINAS - Santiago do Sul - SC,31-07-26,2026-08-04,04/08/2026,4:00,passado,SC,"Rua Angelo Toazza, R. Angelo Toazza, Santiago do Sul - SC, 89854-000, Brasil",,,https://diegoleiloes.com.br/leilao/1083/lotes,,mapa,,,https://diegoleiloes.com.br/leilao/1083/lotes
marcador-231,[PREFEITURA] - MÁQUINAS/VEÍCULOS/EQUIPAMENTOS/ÔNIBUS/SUCATAS - Cruzeiro do Sul - RS,31-07-26,2026-08-04,04/08/2026,4:00,passado,RS,"Cruzeiro do Sul, RS, 95930-000, Brasil",,,https://topoleiloes.com.br/leilao/3160/automoveis-maquinas-pesadas-sucatas-mobiliario-eletronicos,,mapa,,,https://topoleiloes.com.br/leilao/3160/automoveis-maquinas-pesadas-sucatas-mobiliario-eletronicos
marcador-232,"[FINANCEIRA] - Motos, Veículos, Sucatas, Caminhonetes - Santo André / SP",31-07-26,2026-08-04,04/08/2026,5:00,passado,SP,"Avenida dos Estados, 584 - Santa Terezinha - 09210-580 - Santo André - SP - Brasil",,,https://www.freitasleiloeiro.com.br/Leiloes/Lotes?leilaoId=7966,,mapa,,,https://www.freitasleiloeiro.com.br/Leiloes/Lotes?leilaoId=7966
marcador-233,"[ÓRGÃO PÚBLICO] - SEPLAG - Veículos, Caminhonetes, Produtos - Belo Horizonte / MG",31-07-26,2026-08-04,04/08/2026,5:00,passado,MG,"Rua Sócrates Alvim, 10 - Camargos - 30520-140 - Belo Horizonte - MG - Brasil",,,https://pncp.gov.br/app/editais/05461142000170/2026/88 | https://drive.google.com/file/d/11ugxTSFcNmva8mA0Mto1X1axj7LyBgxu/view?usp=drive_link,,mapa,,,https://pncp.gov.br/app/editais/05461142000170/2026/88 | OBSERVAÇÃO: https://drive.google.com/file/d/11ugxTSFcNmva8mA0Mto1X1axj7LyBgxu/view?usp=drive_link
marcador-234,"[ÓRGÃO PÚBLICO] - DETRAN - Sucatas, Equipamentos, Motos - Boa Vista / RR",31-07-26,2026-08-04,04/08/2026,5:00,passado,RR,"Rua Três Marias, 139 - Bela Vista - 69316-158 - Boa Vista - RR - Brasil",,,https://www.wrleiloes.com.br/leilao/760/leilao-departamento-estadual-de-transito-de-roraima-detran-rr?page=1,,mapa,,,https://www.wrleiloes.com.br/leilao/760/leilao-departamento-estadual-de-transito-de-roraima-detran-rr?page=1
marcador-235,"[ÓRGÃO PÚBLICO] - DEMAE - Máquinas, Veículos, Caminhões, Caminhonetes - Caldas Novas / GO",31-07-26,2026-08-04,04/08/2026,5:00,passado,GO,Avenida Coronel Bento de Godoy - Centro - 75680021 - Caldas Novas - GO - Brasil,,,https://danielgarcialeiloes.com.br/leilao/7721/lotes,,mapa,,,https://danielgarcialeiloes.com.br/leilao/7721/lotes
marcador-236,"[ÓRGÃO PÚBLICO] - SEPLAG - Veículos, Caminhonetes, Produtos - Belo Horizonte / MG",31-07-26,2026-08-04,04/08/2026,5:00,passado,MG,"Rua Sócrates Alvim, 10 - Camargos - 30520-140 - Belo Horizonte - MG - Brasil",,,https://drive.google.com/file/d/11ugxTSFcNmva8mA0Mto1X1axj7LyBgxu/view?usp=drive_link,,mapa,,,https://drive.google.com/file/d/11ugxTSFcNmva8mA0Mto1X1axj7LyBgxu/view?usp=drive_link
marcador-237,"[ÓRGÃO PÚBLICO] - SAD - Produtos, Sucatas - Campo Grande / MS",31-07-26,2026-08-04,04/08/2026,5:00,passado,MS,"Avenida Tamandaré, 1066 - Vila Planalto - 79009-790 - Campo Grande - MS - Brasil",,,https://www.mariafixerleiloes.com.br/leilao/index/leilao_id/96903,,mapa,,,https://www.mariafixerleiloes.com.br/leilao/index/leilao_id/96903 | OBSERVAÇÃO: LOTES EM DIFERENTES LOCAIS DO BRASIL.
marcador-238,"[ÓRGÃO PÚBLICO] - UFRGS - Produtos, Sucatas - Porto Alegre / RS",31-07-26,2026-08-04,04/08/2026,5:00,passado,RS,"Avenida Bento Gonçalves, 8670 - Agronomia - 91540-000 - Porto Alegre - RS - Brasil",,,https://www.kronleiloes.com.br/evento/universidade-federal-do-rio-grande-do-sul-rs-789858?searchType=opened&preOrderBy=orderByFirstOpenedOffers&pageNumber=1&pageSize=30&orderBy=lotNumber:asc;subLotNumber:asc&,,mapa,,,https://www.kronleiloes.com.br/evento/universidade-federal-do-rio-grande-do-sul-rs-789858?searchType=opened&preOrderBy=orderByFirstOpenedOffers&pageNumber=1&pageSize=30&orderBy=lotNumber:asc;subLotNumber:asc&
marcador-239,"[FINANCEIRA] - Motos, Veículos, Caminhonetes, Sucatas - Brasília / DF",31-07-26,2026-08-04,04/08/2026,7:00,passado,DF,Quadra QS 9 Rua 100 - Areal - 71976370 - Brasília - DF - Brasil,,,https://leilo.com.br/leilao/?leilao.nome=LEIL%C3%83O%20DE%20SEGURADORAS%20-%2004.08.26,,mapa,,,https://leilo.com.br/leilao/?leilao.nome=LEIL%C3%83O%20DE%20SEGURADORAS%20-%2004.08.26 | OBSERVAÇÃO: LOTES EM DIFERENTES LOCAIS DO BRASIL.
marcador-240,"[FINANCEIRA] - Motos, Veículos, Caminhonetes, Equipamentos - Aparecida de Goiânia / GO",31-07-26,2026-08-04,04/08/2026,7:00,passado,GO,"Avenida Bela Vista, 1800 - Chácaras Bela Vista - 74920803 - Aparecida de Goiânia - GO - Brasil",,,https://leilo.com.br/leilao/?leilao.nome=SUPER%20TER%C3%87A%20-%2004.08.26,,mapa,,,https://leilo.com.br/leilao/?leilao.nome=SUPER%20TER%C3%87A%20-%2004.08.26 | OBSERVAÇÃO: LOTES EM DIFERENTES LOCAIS DO BRASIL.
marcador-241,"[SEGURADORA] - Motos, Veículos, Caminhonetes - São Paulo / SP",31-07-26,2026-08-04,04/08/2026,7:00,passado,SP,"Avenida Manoel Monteiro de Araújo, 164 - Parque São Domingos - 05113020 - São Paulo - SP - Brasil",,,https://www.copart.com.br/saleListResult/auctionId/10315?location=Leil%C3%A3o%20P%C3%A1tio%20Porto%20Seguro%20-%20SP&saleDate=1785848400000&liveAuction=false&from=&yardNum=3&auctioneer=Luciana%20de%20C%C3%A1ssia%20dos%20Santos%20do%20Carmo%20-%20Jucesp%201136,,mapa,,,https://www.copart.com.br/saleListResult/auctionId/10315?location=Leil%C3%A3o%20P%C3%A1tio%20Porto%20Seguro%20-%20SP&saleDate=1785848400000&liveAuction=false&from=&yardNum=3&auctioneer=Luciana%20de%20C%C3%A1ssia%20dos%20Santos%20do%20Carmo%20-%20Jucesp%201136 | OBSERVAÇÃO: LOTES EM DIFERENTES LOCAIS DO BRASIL.
marcador-242,"[SEGURADORA] - Sucatas, Veículos - São José dos Pinhais / PR",31-07-26,2026-08-04,04/08/2026,7:00,passado,PR,Estrada da Roseira - Borda do Campo - 83075010 - São José dos Pinhais - PR - Brasil,,,https://www.copart.com.br/saleListResult/auctionId/10316?location=Curitiba%20-%20PR&saleDate=1785850200000&liveAuction=false&from=&yardNum=53&auctioneer=Miguel%20Donha%20Junior%20-%20Jucepar%2014%2F256-L,,mapa,,,https://www.copart.com.br/saleListResult/auctionId/10316?location=Curitiba%20-%20PR&saleDate=1785850200000&liveAuction=false&from=&yardNum=53&auctioneer=Miguel%20Donha%20Junior%20-%20Jucepar%2014%2F256-L | OBSERVAÇÃO: LOTES EM DIFERENTES LOCAIS DO BRASIL.
marcador-243,"[SEGURADORA] - Motos, Veículos - São José dos Pinhais / PR",31-07-26,2026-08-04,04/08/2026,7:00,passado,PR,Estrada da Roseira - Borda do Campo - 83075010 - São José dos Pinhais - PR - Brasil,,,https://www.copart.com.br/saleListResult/auctionId/10317?location=Curitiba%20-%20PR&saleDate=1785862800000&liveAuction=false&from=&yardNum=53&auctioneer=Luiz%20Rafael%20L%20de%20Lima%20-%20Jucepar%2020%2F315-L,,mapa,,,https://www.copart.com.br/saleListResult/auctionId/10317?location=Curitiba%20-%20PR&saleDate=1785862800000&liveAuction=false&from=&yardNum=53&auctioneer=Luiz%20Rafael%20L%20de%20Lima%20-%20Jucepar%2020%2F315-L | OBSERVAÇÃO: LOTES EM DIFERENTES LOCAIS DO BRASIL.
marcador-244,"[FINANCEIRA] - Veículos, Motos - Curitiba / PR",31-07-26,2026-08-04,04/08/2026,7:00,passado,PR,"Rua João Lunardelli, 2095 - Cidade Industrial - 81460-100 - Curitiba - PR - Brasil",,,https://www.claudiokussleiloes.com.br/relacao-foto/885,,mapa,,,https://www.claudiokussleiloes.com.br/relacao-foto/885
marcador-245,[FINANCEIRA] - Produtos - Toledo / PR,31-07-26,2026-08-04,04/08/2026,7:00,passado,PR,"Rua Santos Dumont, 203 - Centro - 85905000 - Toledo - PR - Brasil",,,https://www.jmleiloes.leilao.br/evento/corporativo-789699?searchType=opened&preOrderBy=orderByFirstOpenedOffers&pageNumber=1&pageSize=30&orderBy=lotNumber:asc;subLotNumber:asc,,mapa,,,https://www.jmleiloes.leilao.br/evento/corporativo-789699?searchType=opened&preOrderBy=orderByFirstOpenedOffers&pageNumber=1&pageSize=30&orderBy=lotNumber:asc;subLotNumber:asc
marcador-246,"[PRODUTOS] - Produtos, Sucatas - Caçapava do Sul / RS",31-07-26,2026-08-04,04/08/2026,8:00,passado,RS,96570000 - Caçapava do Sul - RS - Brasil,,,https://satoleiloes.com.br/leiloes/5121,,mapa,,,https://satoleiloes.com.br/leiloes/5121
marcador-247,[PRODUTOS] - Produtos - Juatuba / MG,31-07-26,2026-08-04,04/08/2026,8:00,passado,MG,35675000 - Juatuba - MG - Brasil,,,https://www.palaciodosleiloes.com.br/site/?leilao_pesquisa=8543,,mapa,,,https://www.palaciodosleiloes.com.br/site/?leilao_pesquisa=8543
marcador-248,"[PRODUTOS] - Máquinas, Produtos - São Caetano do Sul / SP",31-07-26,2026-08-04,04/08/2026,8:00,passado,SP,"Avenida Conselheiro Antônio Prado, 380 - Centro - 09521-005 - São Caetano do Sul - SP - Brasil",,,https://www.sodresantoro.com.br/leilao/28848?sort=lot_number_asc,,mapa,,,https://www.sodresantoro.com.br/leilao/28848?sort=lot_number_asc | OBSERVAÇÃO: LOTES EM DIFERENTES LOAIS DO BRASIL.
marcador-249,"[EMPRESA] - COPEL - Equipamentos, Caminhões, Produtos - Guararema / SP",31-07-26,2026-08-04,04/08/2026,8:00,passado,SP,"CORONEL RAMALHO, 113 - CENTRO - 08900-000 - Guararema - SP - Brasil",,,https://www.sold.com.br/evento/copel-789611?searchType=opened&preOrderBy=orderByFirstOpenedOffers&pageNumber=1&pageSize=30&orderBy=lotNumber:asc;subLotNumber:asc&,,mapa,,,https://www.sold.com.br/evento/copel-789611?searchType=opened&preOrderBy=orderByFirstOpenedOffers&pageNumber=1&pageSize=30&orderBy=lotNumber:asc;subLotNumber:asc&
marcador-250,[EMPRESA] - IECLB - Produtos - Maravilha / SC,31-07-26,2026-08-04,04/08/2026,8:00,passado,SC,89874-000 - Maravilha - SC - Brasil,,,https://www.eckertleiloes.com.br/evento/ieclb-maravilha-sc-789887?searchType=opened&preOrderBy=orderByFirstOpenedOffers&pageNumber=1&pageSize=30&orderBy=lotNumber:asc;subLotNumber:asc,,mapa,,,https://www.eckertleiloes.com.br/evento/ieclb-maravilha-sc-789887?searchType=opened&preOrderBy=orderByFirstOpenedOffers&pageNumber=1&pageSize=30&orderBy=lotNumber:asc;subLotNumber:asc
marcador-251,[PRODUTOS] - Produtos - Lambari / MG,31-07-26,2026-08-04,04/08/2026,8:00,passado,MG,37480-000 - Lambari - MG - Brasil,,,https://www.mgl.com.br/leilao/bens-diversos/7103/#&Pagina=1&Index=1,,mapa,,,https://www.mgl.com.br/leilao/bens-diversos/7103/#&Pagina=1&Index=1
marcador-252,[EMPRESA] - SESC - Caminhões - Belo Horizonte / MG,31-07-26,2026-08-04,04/08/2026,8:00,passado,MG,"Rua dos Tupinambás, 956 - Centro - 30120-906 - Belo Horizonte - MG - Brasil",,,https://mercado.bomvalor.com.br/apabrfleiloes/maquinas-industriais-36284,,mapa,,,https://mercado.bomvalor.com.br/apabrfleiloes/maquinas-industriais-36284
marcador-253,[EMPRESA] - LACTEC - Guararema / SP,31-07-26,2026-08-04,04/08/2026,9:00,passado,SP,"Coronel Ramalho, 113 - Centro - 08900-000 - Guararema - SP - Brasil",,,https://www.sold.com.br/evento/lactec-790029?searchType=opened&preOrderBy=orderByFirstOpenedOffers&pageNumber=1&pageSize=30&orderBy=lotNumber:asc;subLotNumber:asc&,,mapa,,,https://www.sold.com.br/evento/lactec-790029?searchType=opened&preOrderBy=orderByFirstOpenedOffers&pageNumber=1&pageSize=30&orderBy=lotNumber:asc;subLotNumber:asc&
marcador-254,[EMPRESA] - Sucatas - Santa Vitória do Palmar / RS,31-07-26,2026-08-04,04/08/2026,9:00,passado,RS,96230000 - Santa Vitória do Palmar - RS - Brasil,,,https://satoleiloes.com.br/leiloes/5091,,mapa,,,https://satoleiloes.com.br/leiloes/5091
marcador-255,[EMPRESA] - SESC - Caminhões - Belo Horizonte / MG,31-07-26,2026-08-04,04/08/2026,9:00,passado,MG,"Rua dos Tupinambás, 956 - Centro - 30120-906 - Belo Horizonte - MG - Brasil",,,https://www.apabrfleiloes.com.br/leilao/leilao-sesc-mg-5-caminhoes/464/#Pagina=1&Index=1,,mapa,,,https://www.apabrfleiloes.com.br/leilao/leilao-sesc-mg-5-caminhoes/464/#Pagina=1&Index=1
marcador-256,"[EMPRESA] - Sucatas, Veículos - Mogi das Cruzes / SP",31-07-26,2026-08-04,04/08/2026,9:00,passado,SP,08700-000 - Mogi das Cruzes - SP - Brasil,,,https://www.marciopinho.com.br/,,mapa,,,https://www.marciopinho.com.br/
marcador-257,[EMPRESA] - Suzano / SP,31-07-26,2026-08-04,04/08/2026,9:00,passado,SP,08600-001 - Suzano - SP - Brasil,,,https://mercado.bomvalor.com.br/kcleiloes/katia-cerqueira-da-silva-casaes/maquinas-e-equipamentos/pa-carregadeira/pa-carregadeira-sobre-rodas-volvo-l180f-com-garra-florestal-125241,,mapa,,,https://mercado.bomvalor.com.br/kcleiloes/katia-cerqueira-da-silva-casaes/maquinas-e-equipamentos/pa-carregadeira/pa-carregadeira-sobre-rodas-volvo-l180f-com-garra-florestal-125241
marcador-258,[EMPRESA] - LACTEC - Guararema / SP,31-07-26,2026-08-04,04/08/2026,9:00,passado,SP,"Coronel Ramalho, 113 - Centro - 08900-000 - Guararema - SP - Brasil",,,https://www.sold.com.br/evento/lactec-790029?searchType=opened&preOrderBy=orderByFirstOpenedOffers&pageNumber=1&pageSize=30&orderBy=lotNumber:asc;subLotNumber:asc&,,mapa,,,https://www.sold.com.br/evento/lactec-790029?searchType=opened&preOrderBy=orderByFirstOpenedOffers&pageNumber=1&pageSize=30&orderBy=lotNumber:asc;subLotNumber:asc&
marcador-259,"[EMPRESA] - Sucatas, Veículos - Itaúna / MG",31-07-26,2026-08-04,04/08/2026,9:00,passado,MG,"Rua do Dêgo, 317 - Santa Mônica - 35681-246 - Itaúna - MG - Brasil",,,https://www.mgl.com.br/leilao/leilao-de-veiculos-batidos-recuperados-e-sucatas/7367/#&Pagina=1&Index=1,,mapa,,,https://www.mgl.com.br/leilao/leilao-de-veiculos-batidos-recuperados-e-sucatas/7367/#&Pagina=1&Index=1
marcador-260,"[EMPRESA] - CARGILL - Máquinas, Equipamentos, Produtos - Embu das Artes / SP",31-07-26,2026-08-04,04/08/2026,9:00,passado,SP,"Rua Doutor João Marques Maurício, 269 - Gramado - 06816-040 - Embu das Artes - SP - Brasil",,,https://www.sold.com.br/evento/cargill-784239?searchType=opened&preOrderBy=orderByFirstOpenedOffers&pageNumber=1&pageSize=30&orderBy=lotNumber:asc;subLotNumber:asc&,,mapa,,,https://www.sold.com.br/evento/cargill-784239?searchType=opened&preOrderBy=orderByFirstOpenedOffers&pageNumber=1&pageSize=30&orderBy=lotNumber:asc;subLotNumber:asc& | OBSERVAÇÃO: LOTES EM DIFERENTES LOCAIS DO BRASIL
marcador-261,[EMPRESA] - PETROBRAS - Produtos - Rio de Janeiro / RJ,31-07-26,2026-08-04,04/08/2026,9:00,passado,RJ,"Rua Pascoal Lemme, 950 - Cidade Universitária - 21941-918 - Rio de Janeiro - RJ - Brasil",,,https://www.sold.com.br/evento/petrobras-pea0247462-789939?searchType=opened&preOrderBy=orderByFirstOpenedOffers&pageNumber=1&pageSize=30&orderBy=lotNumber:asc;subLotNumber:asc,,mapa,,,https://www.sold.com.br/evento/petrobras-pea0247462-789939?searchType=opened&preOrderBy=orderByFirstOpenedOffers&pageNumber=1&pageSize=30&orderBy=lotNumber:asc;subLotNumber:asc
marcador-262,[EMPRESA] - PETROBRAS - Equipamentos - Rio de Janeiro / RJ,31-07-26,2026-08-04,04/08/2026,9:00,passado,RJ,"Rua Lobo Carneiro, 105 - Cidade Universitária - 21941-591 - Rio de Janeiro - RJ - Brasil",,,https://www.sold.com.br/evento/petrobras-pea0349278-783805?searchType=opened&preOrderBy=orderByFirstOpenedOffers&pageNumber=1&pageSize=30&orderBy=lotNumber:asc;subLotNumber:asc&,,mapa,,,https://www.sold.com.br/evento/petrobras-pea0349278-783805?searchType=opened&preOrderBy=orderByFirstOpenedOffers&pageNumber=1&pageSize=30&orderBy=lotNumber:asc;subLotNumber:asc&
marcador-263,[EMPRESA] - PETROBRAS - Sucatas - Ipojuca / PE,31-07-26,2026-08-04,04/08/2026,9:00,passado,PE,"Rodovia PE 60, KM 10 - 55590-000 - Ipojuca - PE - Brasil",,,https://www.sold.com.br/evento/petrobras-pea0385464-790052?searchType=opened&preOrderBy=orderByFirstOpenedOffers&pageNumber=1&pageSize=30&orderBy=lotNumber:asc;subLotNumber:asc&,,mapa,,,https://www.sold.com.br/evento/petrobras-pea0385464-790052?searchType=opened&preOrderBy=orderByFirstOpenedOffers&pageNumber=1&pageSize=30&orderBy=lotNumber:asc;subLotNumber:asc&
marcador-264,[EMPRESA] - PETROBRAS - Produtos - Paracuru / CE,31-07-26,2026-08-04,04/08/2026,9:00,passado,CE,João Ferreira Nery - Lagoa Grande - 62680-000 - Paracuru - CE - Brasil,,,https://www.sold.com.br/evento/petrobras-pea0377022-783806?searchType=opened&preOrderBy=orderByFirstOpenedOffers&pageNumber=1&pageSize=30&orderBy=lotNumber:asc;subLotNumber:asc&,,mapa,,,https://www.sold.com.br/evento/petrobras-pea0377022-783806?searchType=opened&preOrderBy=orderByFirstOpenedOffers&pageNumber=1&pageSize=30&orderBy=lotNumber:asc;subLotNumber:asc&
marcador-265,[EMPRESA] - AUTOMETAL - Guararema / SP,31-07-26,2026-08-04,04/08/2026,9:00,passado,SP,"CORONEL RAMALHO, 113 - CENTRO - 08900-000 - Guararema - SP - Brasil",,,https://www.sold.com.br/evento/autometal-784361?searchType=opened&preOrderBy=orderByFirstOpenedOffers&pageNumber=1&pageSize=30&orderBy=lotNumber:asc;subLotNumber:asc&,,mapa,,,https://www.sold.com.br/evento/autometal-784361?searchType=opened&preOrderBy=orderByFirstOpenedOffers&pageNumber=1&pageSize=30&orderBy=lotNumber:asc;subLotNumber:asc& | OBSERVAÇÃO: LOTES EM DIFERENTES LOCAIS DO BRASIL.
marcador-266,[EMPRESA] - PERENCO - Guararema / SP,31-07-26,2026-08-04,04/08/2026,9:00,passado,SP,"Coronel Ramalho, 113 - CENTRO - 08900-000 - Guararema - SP - Brasil",,,https://www.sold.com.br/evento/perenco-790022?searchType=opened&preOrderBy=orderByFirstOpenedOffers&pageNumber=1&pageSize=30&orderBy=lotNumber:asc;subLotNumber:asc&,,mapa,,,https://www.sold.com.br/evento/perenco-790022?searchType=opened&preOrderBy=orderByFirstOpenedOffers&pageNumber=1&pageSize=30&orderBy=lotNumber:asc;subLotNumber:asc& | OBSERVAÇÃO: LOTES EM DIFERENTES LOCAIS DO BRASIL.
marcador-267,[EMPRESA] - CAOA - Equipamentos - Guararema / SP,31-07-26,2026-08-04,04/08/2026,9:00,passado,SP,"Rua Coronel Ramalho, 113 - CENTRO - 08900-000 - Guararema - SP - Brasil",,,https://www.sold.com.br/evento/caoa-784258?searchType=opened&preOrderBy=orderByFirstOpenedOffers&pageNumber=1&pageSize=30&orderBy=lotNumber:asc;subLotNumber:asc&,,mapa,,,https://www.sold.com.br/evento/caoa-784258?searchType=opened&preOrderBy=orderByFirstOpenedOffers&pageNumber=1&pageSize=30&orderBy=lotNumber:asc;subLotNumber:asc&
marcador-268,[EMPRESA] - ENTREVIAS - Caminhões - Guararema / SP,31-07-26,2026-08-04,04/08/2026,9:00,passado,SP,"08900-000, 113 - CENTRO - 08900-000 - Guararema - SP - Brasil",,,https://www.sold.com.br/evento/entrevias-790108?searchType=opened&preOrderBy=orderByFirstOpenedOffers&pageNumber=1&pageSize=30&orderBy=lotNumber:asc;subLotNumber:asc&,,mapa,,,https://www.sold.com.br/evento/entrevias-790108?searchType=opened&preOrderBy=orderByFirstOpenedOffers&pageNumber=1&pageSize=30&orderBy=lotNumber:asc;subLotNumber:asc& | OBSERVAÇÃO: LOTES EM DIFERENTES LOCAIS DO BRASIL.
marcador-269,"[EMPRESA] - PECEM - Veículos, Vans, Caminhonetes, Produtos - São Gonçalo do Amarante / CE",31-07-26,2026-08-04,04/08/2026,9:00,passado,CE,62670000 - São Gonçalo do Amarante - CE - Brasil,,,https://montenegroleiloes.com.br/leiloes/2634,,mapa,,,https://montenegroleiloes.com.br/leiloes/2634
marcador-270,[EMPRESA] - SUZANO - Máquinas - Suzano / SP,31-07-26,2026-08-04,04/08/2026,9:00,passado,SP,08699-999 - Suzano - SP - Brasil,,,https://mercado.bomvalor.com.br/maquinas-e-equipamentos/pa-carregadeira/pa-carregadeira-sobre-rodas-volvo-l180f-com-garra-florestal-125241,,mapa,,,https://mercado.bomvalor.com.br/maquinas-e-equipamentos/pa-carregadeira/pa-carregadeira-sobre-rodas-volvo-l180f-com-garra-florestal-125241
marcador-271,"[EMPRESA] - EPAGRI - Máquinas, Produtos, Equipamentos, Sucatas - Lages / SC",31-07-26,2026-08-04,04/08/2026,9:00,passado,SC,Rua Coronel Córdova - Centro - 88502-970 - Lages - SC - Brasil,,,https://www.mgl.com.br/leilao/epagri-sc/7254/#&Pagina=1&Index=1,,mapa,,,https://www.mgl.com.br/leilao/epagri-sc/7254/#&Pagina=1&Index=1 | OBSERVAÇÃO: LOTES EM DIFERENTES LOCAIS DO BRAISL.
marcador-272,"[PREFEITURA] - Máquinas, Veículos, Ônibus, Equipamentos - Ponte Preta / RS",31-07-26,2026-08-05,05/08/2026,4:00,passado,RS,99735-000 - Ponte Preta - RS - Brasil,,,https://www.levyleiloes.com.br/leilao/55/lotes,,mapa,,,https://www.levyleiloes.com.br/leilao/55/lotes
marcador-273,[PREFEITURA] - Animais - Águas de Santa Bárbara / SP,31-07-26,2026-08-05,05/08/2026,4:00,passado,SP,Rodovia Osni Matheus km 01 - Chácara das Palmeiras - 18770-000 - Águas de Santa Bárbara - SP - Brasil,,,https://drive.google.com/file/d/1_3jiibG5tvw7xBlWpLuRwSpui9LQMm42/view?usp=drive_link,,mapa,,,https://drive.google.com/file/d/1_3jiibG5tvw7xBlWpLuRwSpui9LQMm42/view?usp=drive_link
marcador-274,"[PREFEITURA] - SÃO BERNARDO DO CAMPO - Sucatas, Motos - Campinas / SP",31-07-26,2026-08-05,05/08/2026,4:00,passado,SP,Rodovia Lix da Cunha - Três Vendas - 13052-520 - Campinas - SP - Brasil,,,https://www.hastasp.com.br/evento/sucata-leilao-01-2026-municipal-sao-bern-do-campo-784145?searchType=opened&preOrderBy=orderByFirstOpenedOffers&pageNumber=1&pageSize=30&orderBy=lotNumber:asc;subLotNumber:asc,,mapa,,,https://www.hastasp.com.br/evento/sucata-leilao-01-2026-municipal-sao-bern-do-campo-784145?searchType=opened&preOrderBy=orderByFirstOpenedOffers&pageNumber=1&pageSize=30&orderBy=lotNumber:asc;subLotNumber:asc
marcador-275,"[PREFEITURA] - Veículos, Caminhonetes, Máquinas, Equipamentos, Produtos, Vans, Sucatas, Presencial - Lagoa Real / BA",31-07-26,2026-08-05,05/08/2026,4:00,passado,BA,46425-000 - Lagoa Real - BA - Brasil,,,https://www.hatoryleiloes.com.br/externo/leilao/109,,mapa,,,https://www.hatoryleiloes.com.br/externo/leilao/109 | OBSERVAÇÃO: LOTES EM DIFERENTES LOCAIS DA CIDADE.
marcador-276,[PREFEITURA] - Imóveis - Inhumas / GO,31-07-26,2026-08-05,05/08/2026,4:00,passado,GO,75400000 - Inhumas - GO - Brasil,,,https://drive.google.com/file/d/1VG4EC_-y1J61rtNKYuFc1-ZZTSOWTriW/view?usp=drive_link,,mapa,,,https://drive.google.com/file/d/1VG4EC_-y1J61rtNKYuFc1-ZZTSOWTriW/view?usp=drive_link
marcador-277,"[PREFEITURA] - Ônibus, Caminhonetes, Veículos, Máquinas, Sucatas - Bom Jesus do Galho / MG",31-07-26,2026-08-05,05/08/2026,4:00,passado,MG,"Elias Neves, S/N - Centro - 35340-000 - Bom Jesus do Galho - MG - Brasil",,,https://www.mgl.com.br/leilao/prefeitura-municipal-de-bom-jesus-do-galho-mg/7256/#&Pagina=1&Index=1,,mapa,,,https://www.mgl.com.br/leilao/prefeitura-municipal-de-bom-jesus-do-galho-mg/7256/#&Pagina=1&Index=1
marcador-278,[PREFEITURA] - Imóveis - José Bonifácio / SP,31-07-26,2026-08-05,05/08/2026,4:00,passado,SP,Avenida São João - Centro - 15200-049 - José Bonifácio - SP - Brasil,,,https://drive.google.com/file/d/1Jl1DxTdSUCXZF3P3YwAgfZoYDWcnkOlm/view?usp=drive_link,,mapa,,,https://drive.google.com/file/d/1Jl1DxTdSUCXZF3P3YwAgfZoYDWcnkOlm/view?usp=drive_link | OBSERVAÇÃO: LOTES EM DIFERENTES LOCAIS DA CIDADE.
marcador-279,"[PREFEITURA] - Motos, Caminhonetes, Veículos, Equipamentos, Máquinas, Caminhões, Sucatas - Barra de São Miguel / AL",31-07-26,2026-08-05,05/08/2026,4:00,passado,AL,57180-000 - Barra de São Miguel - AL - Brasil,,,https://www.leiloesfreire.com.br/leilao/1136,,mapa,,,https://www.leiloesfreire.com.br/leilao/1136
marcador-280,"[PREFEITURA] - Veículos, Caminhonetes, Vans, Ônibus, Máquinas, Produtos, Sucatas - Alpestre / RS",31-07-26,2026-08-05,05/08/2026,4:00,passado,RS,98480-000 - Alpestre - RS - Brasil,,,https://www.eckertleiloes.com.br/evento/municipio-de-alpestre-rs-789692?searchType=opened&preOrderBy=orderByFirstOpenedOffers&pageNumber=1&pageSize=30&orderBy=lotNumber:asc;subLotNumber:asc&,,mapa,,,https://www.eckertleiloes.com.br/evento/municipio-de-alpestre-rs-789692?searchType=opened&preOrderBy=orderByFirstOpenedOffers&pageNumber=1&pageSize=30&orderBy=lotNumber:asc;subLotNumber:asc&
marcador-281,[PREFEITURA] - VEÍCULOS/CAMINHONETES/VANS/ÔNIBUS/MÁQUINAS/PRODUTOS/SUCATAS - Alpestre - RS,31-07-26,2026-08-05,05/08/2026,4:00,passado,RS,"Alpestre, RS, 98480-000, Brasil",,,https://www.eckertleiloes.com.br/evento/municipio-de-alpestre-rs-789692?searchType=opened&preOrderBy=orderByFirstOpenedOffers&pageNumber=1&pageSize=30&orderBy=lotNumber:asc;subLotNumber:asc&,,mapa,,,https://www.eckertleiloes.com.br/evento/municipio-de-alpestre-rs-789692?searchType=opened&preOrderBy=orderByFirstOpenedOffers&pageNumber=1&pageSize=30&orderBy=lotNumber:asc;subLotNumber:asc& •
marcador-282,[PREFEITURA] - IMÓVEIS - Inhumas - GO,31-07-26,2026-08-05,05/08/2026,4:00,passado,GO,"Rua 04, R. 04, Inhumas - GO, 75400-000, Brasil",,,https://drive.google.com/file/d/1VG4EC_-y1J61rtNKYuFc1-ZZTSOWTriW/view?usp=drive_link,,mapa,,,https://drive.google.com/file/d/1VG4EC_-y1J61rtNKYuFc1-ZZTSOWTriW/view?usp=drive_link •
marcador-283,[ÓRGÃO PÚBLICO] - DETRAN/TO - Sucatas - Araguaína / TO,31-07-26,2026-08-05,05/08/2026,5:00,passado,TO,Rua 10 - Jardim dos Ipês I - 77820012 - Araguaína - TO - Brasil,,,https://www.sancarleiloes.com.br/veiculos/#88/online/leilao/05-08-2026,,mapa,,,https://www.sancarleiloes.com.br/veiculos/#88/online/leilao/05-08-2026
marcador-284,[EMPRESA] - Veículos - Contagem / MG,31-07-26,2026-08-05,05/08/2026,5:00,passado,MG,Via Vereador Joaquim Costa - Campina Verde - 32150-240 - Contagem - MG - Brasil,,,https://www.palaciodosleiloes.com.br/site/?leilao_pesquisa=8542,,mapa,,,https://www.palaciodosleiloes.com.br/site/?leilao_pesquisa=8542
marcador-285,"[EMPRESA] - Veículos, Caminhonetes, Motos - Juatuba / MG",31-07-26,2026-08-05,05/08/2026,5:00,passado,MG,35675-000 - Juatuba - MG - Brasil,,,https://www.palaciodosleiloes.com.br/site/?leilao_pesquisa=8541,,mapa,,,https://www.palaciodosleiloes.com.br/site/?leilao_pesquisa=8541
marcador-286,"[EMPRESA] - Veículos, Caminhonetes, Motos - Juatuba / MG",31-07-26,2026-08-05,05/08/2026,5:00,passado,MG,35675-000 - Juatuba - MG - Brasil,,,https://www.palaciodosleiloes.com.br/site/?leilao_pesquisa=8538,,mapa,,,https://www.palaciodosleiloes.com.br/site/?leilao_pesquisa=8538
marcador-287,[PRODUTOS] - Produtos - Juatuba / MG,31-07-26,2026-08-05,05/08/2026,5:00,passado,MG,35675000 - Juatuba - MG - Brasil,,,https://www.palaciodosleiloes.com.br/site/?leilao_pesquisa=8538,,mapa,,,https://www.palaciodosleiloes.com.br/site/?leilao_pesquisa=8538
marcador-288,"[ÓRGÃO PÚBLICO] - SMAP - Veículos, Caminhonetes, Máquinas, Caminhões, Equipamentos, Ônibus, Produtos - Porto Alegre / RS",31-07-26,2026-08-05,05/08/2026,5:00,passado,RS,"Rua Siqueira Campos, 1300 - Centro Histórico - 90010-001 - Porto Alegre - RS - Brasil",,,https://drive.google.com/file/d/1Qsq7WwMj7JihZ5A7UvTgHyHINI6gY_lQ/view?usp=drive_link,,mapa,,,https://drive.google.com/file/d/1Qsq7WwMj7JihZ5A7UvTgHyHINI6gY_lQ/view?usp=drive_link | OBSERVAÇÃO: Leilão vindo de prorrogação.
marcador-289,"[ÓRGÃO PÚBLICO] - DETRAN - Sucatas, Motos, Veículos - Governador Valadares / MG",31-07-26,2026-08-05,05/08/2026,5:00,passado,MG,35000-001 - Governador Valadares - MG - Brasil,,,https://leilao.detran.mg.gov.br/lotes/lista-lotes/3437/2026,,mapa,,,https://leilao.detran.mg.gov.br/lotes/lista-lotes/3437/2026
marcador-290,"[ÓRGÃO PÚBLICO] - DETRAN - Sucatas, Motos, Veículos, Caminhonetes - Serro / MG",31-07-26,2026-08-05,05/08/2026,5:00,passado,MG,39150-000 - Serro - MG - Brasil,,,https://leilao.detran.mg.gov.br/lotes/lista-lotes/3314/2026,,mapa,,,https://leilao.detran.mg.gov.br/lotes/lista-lotes/3314/2026
marcador-291,"[ÓRGÃO PÚBLICO] - DETRAN - Sucatas, Motos, Veículos - Teófilo Otoni / MG",31-07-26,2026-08-05,05/08/2026,5:00,passado,MG,39800-000 - Teófilo Otoni - MG - Brasil,,,https://leilao.detran.mg.gov.br/lotes/lista-lotes/3419/2026,,mapa,,,https://leilao.detran.mg.gov.br/lotes/lista-lotes/3419/2026
marcador-292,[ÓRGÃO PÚBLICO] - DETRAN SP - Sucatas - Várzea Paulista / SP,31-07-26,2026-08-05,05/08/2026,5:00,passado,SP,"Rua Indaiatuba, 450 - Chácaras Santa Martha - 13222-690 - Várzea Paulista - SP - Brasil",,,https://www.lanceleiloes.com.br/leilao/869/lotes,,mapa,,,https://www.lanceleiloes.com.br/leilao/869/lotes | OBSERVAÇÃO: LOTES EM DIFERENTES LOCAIS DO BRASIL.
marcador-293,"[ÓRGÃO PÚBLICO] - IFT - TO - Caminhonetes, Veículos, Caminhões, Vans - Palmas / TO",31-07-26,2026-08-05,05/08/2026,5:00,passado,TO,Quadra ACSU SE 20 Avenida Siqueira Campos - Plano Diretor Sul - 77020-450 - Palmas - TO - Brasil,,,https://www.mgrleiloes.com.br/evento/instituto-federal-de-educacao-ift-to-784045?searchType=opened&preOrderBy=orderByFirstOpenedOffers&pageNumber=1&pageSize=30&orderBy=lotNumber:asc;subLotNumber:asc&,,mapa,,,https://www.mgrleiloes.com.br/evento/instituto-federal-de-educacao-ift-to-784045?searchType=opened&preOrderBy=orderByFirstOpenedOffers&pageNumber=1&pageSize=30&orderBy=lotNumber:asc;subLotNumber:asc& | OBSERVAÇÃO: LOTES EM DIFERENTES LOCAIS DO BRASIL.
marcador-294,"[ÓRGÃO PÚBLICO] - CORREIOS PORTO ALEGRE /RS - Produtos, Equipamentos - São Paulo / SP",31-07-26,2026-08-05,05/08/2026,5:00,passado,RS,"Mergenthaler, 592 - VILA LEOPOLDINA - 05311-993 - São Paulo - SP - Brasil",,,https://drive.google.com/file/d/1wqzJBARmshZlM-LKMUZZo3rphyPuTYCr/view?usp=drive_link,,mapa,,,https://drive.google.com/file/d/1wqzJBARmshZlM-LKMUZZo3rphyPuTYCr/view?usp=drive_link
marcador-295,[ÓRGÃO PÚBLICO]CORREIOS Porto Alegre /RS - PRODUTOS/EQUIPAMENTOS - Porto Alegre - RS,31-07-26,2026-08-05,05/08/2026,5:00,passado,RS,"R. Mergenthaler, 592 - Vila Leopoldina, São Paulo - SP, 05311-030, Brasil",,,https://drive.google.com/file/d/1wqzJBARmshZlM-LKMUZZo3rphyPuTYCr/view?usp=drive_link,,mapa,,,https://drive.google.com/file/d/1wqzJBARmshZlM-LKMUZZo3rphyPuTYCr/view?usp=drive_link •
marcador-296,"[FINANCEIRA] - Motos, Veículos, Ônibus - Manaus / AM",31-07-26,2026-08-05,05/08/2026,7:00,passado,AM,"Rua Waldemar Jardim Maués, 1270 - Aleixo - 69083015 - Manaus - AM - Brasil",,,https://leilo.com.br/leilao/?leilao.nome=LEIL%C3%83O%20NORTE%20DE%20VE%C3%8DCULOS%20-%2005.08.26,,mapa,,,https://leilo.com.br/leilao/?leilao.nome=LEIL%C3%83O%20NORTE%20DE%20VE%C3%8DCULOS%20-%2005.08.26 | OBSERVAÇÃO: LOTES EM DIFERENTES LOCAIS O BRASIL.
marcador-297,"[FINANCEIRA] - Sucatas, Motos, Veículos, Caminhonetes, Máquinas - Curitiba / PR",31-07-26,2026-08-05,05/08/2026,7:00,passado,PR,"Rua Eduardo Pinto da Rocha, 4545 - Sítio Cercado - 81935-000 - Curitiba - PR - Brasil",,,https://www.favaretoleiloes.com.br/edital/1638/,,mapa,,,https://www.favaretoleiloes.com.br/edital/1638/
marcador-298,"[FINANCEIRA] - Sucatas, Veículos - Rio de Janeiro / RJ",31-07-26,2026-08-05,05/08/2026,7:00,passado,RJ,"Avenida Brasil, 51467 - Campo Grande - 23065-480 - Rio de Janeiro - RJ - Brasil",,,https://www.rogeriomenezes.com.br/leilao/779,,mapa,,,https://www.rogeriomenezes.com.br/leilao/779 | OBSERVAÇÃO: EM LOTEAMENTO
marcador-299,[FINANCEIRA] - Motos - Mogi das Cruzes / SP,31-07-26,2026-08-05,05/08/2026,7:00,passado,SP,Avenida Francisco Ferreira Lopes - Braz Cubas - 08740-000 - Mogi das Cruzes - SP - Brasil,,,https://loopleiloes.com.br/eventos/exclusivo-itapeva/2688?numero_veiculos=36,,mapa,,,https://loopleiloes.com.br/eventos/exclusivo-itapeva/2688?numero_veiculos=36
marcador-300,[FINANCEIRA] - Veículos - Rio de Janeiro / RJ,31-07-26,2026-08-05,05/08/2026,7:00,passado,RJ,"Estrada dos Bandeirantes, 10639 - Camorim - 22783-116 - Rio de Janeiro - RJ - Brasil",,,https://www.pestanaleiloes.com.br/agenda-de-leiloes/6078?lotePage=1&loteQty=12,,mapa,,,https://www.pestanaleiloes.com.br/agenda-de-leiloes/6078?lotePage=1&loteQty=12
marcador-301,[PRODUTOS] - Produtos - Sorocaba / SP,31-07-26,2026-08-05,05/08/2026,8:00,passado,SP,"Rua Paulo Ruan Faria, 111 - Parque Empresarial das Mangueiras - 18086-420 - Sorocaba - SP - Brasil",,,https://www.lance360.com.br/leilao/702,,mapa,,,https://www.lance360.com.br/leilao/702
marcador-302,"[EMPRESA] - PATRUS - Produtos, Equipamentos - Contagem / MG",31-07-26,2026-08-05,05/08/2026,8:00,passado,MG,32000-000 - Contagem - MG - Brasil,,,https://www.gpleiloes.com.br/gp/#/leilao/3872,,mapa,,,https://www.gpleiloes.com.br/gp/#/leilao/3872
marcador-303,[PRODUTOS] - Produtos - Embu das Artes / SP,31-07-26,2026-08-05,05/08/2026,8:00,passado,SP,Rua Sebastião Aniceto de Jesus Lins - Jardim Elisa - 06833-160 - Embu das Artes - SP - Brasil,,,https://www.kwara.com.br/evento/leilao-de-moveis-utensilios-domesticos-calcados-e-cosmeticos-galpao-kwara-K-2853?currentPage=1,,mapa,,,https://www.kwara.com.br/evento/leilao-de-moveis-utensilios-domesticos-calcados-e-cosmeticos-galpao-kwara-K-2853?currentPage=1
marcador-304,[PRODUTOS] - Produtos - São Paulo / SP,31-07-26,2026-08-05,05/08/2026,8:00,passado,SP,Rua Mateus José - Jardim Andaraí - 02166-000 - São Paulo - SP - Brasil,,,https://www.kwara.com.br/evento/leilao-de-hardware-consoles-gamer-itens-de-informatica-e-perifericos-K-2897,,mapa,,,https://www.kwara.com.br/evento/leilao-de-hardware-consoles-gamer-itens-de-informatica-e-perifericos-K-2897
marcador-305,[PRODUTOS] - Produtos - São Paulo / SP,31-07-26,2026-08-05,05/08/2026,8:00,passado,SP,Rua Mateus José - Jardim Andaraí - 02166-000 - São Paulo - SP - Brasil,,,https://www.kwara.com.br/evento/leilao-de-itens-de-informatica-eletrodomesticos-vestuario-moda-e-moveis-prata-K-2813,,mapa,,,https://www.kwara.com.br/evento/leilao-de-itens-de-informatica-eletrodomesticos-vestuario-moda-e-moveis-prata-K-2813
marcador-306,[PRODUTOS] - Guarulhos / SP,31-07-26,2026-08-05,05/08/2026,8:00,passado,SP,07000-000 - Guarulhos - SP - Brasil,,,https://www.sodresantoro.com.br/leilao/28849?sort=lot_number_asc,,mapa,,,https://www.sodresantoro.com.br/leilao/28849?sort=lot_number_asc
marcador-307,[PRODUTOS] - Produtos - Rio de Janeiro / RJ,31-07-26,2026-08-05,05/08/2026,8:00,passado,RJ,"Estrada dos Bandeirantes, 10639 - Camorim - 22783-116 - Rio de Janeiro - RJ - Brasil",,,https://www.joaoemilio.com.br/leilao/6013/lotes,,mapa,,,https://www.joaoemilio.com.br/leilao/6013/lotes
marcador-308,[PRODUTOS] - Cruzeiro / SP,31-07-26,2026-08-05,05/08/2026,8:00,passado,SP,12739-999 - Cruzeiro - SP - Brasil,,,https://www.lottileiloes.com.br/leilao/751/lotes,,mapa,,,https://www.lottileiloes.com.br/leilao/751/lotes
marcador-309,"[EMPRESA] - S.A PAULISTA - Máquinas, Caminhonetes, Produtos - Guararema / SP",31-07-26,2026-08-05,05/08/2026,9:00,passado,SP,"Coronel Ramalho, 113 - CENTRO - 08900-000 - Guararema - SP - Brasil",,,https://www.sold.com.br/evento/sa-paulista-789627?searchType=opened&preOrderBy=orderByFirstOpenedOffers&pageNumber=1&pageSize=30&orderBy=lotNumber:asc;subLotNumber:asc&,,mapa,,,https://www.sold.com.br/evento/sa-paulista-789627?searchType=opened&preOrderBy=orderByFirstOpenedOffers&pageNumber=1&pageSize=30&orderBy=lotNumber:asc;subLotNumber:asc&
marcador-310,"[EMPRESA] - SLC AGRÍCOLA - Máquinas, Caminhões, Equipamentos - Embu das Artes / SP",31-07-26,2026-08-05,05/08/2026,9:00,passado,SP,"Rua Doutor João Marques Maurício, 269 - Gramado - 06816-040 - Embu das Artes - SP - Brasil",,,https://www.sold.com.br/evento/slc-agricola-784303?searchType=opened&preOrderBy=orderByFirstOpenedOffers&pageNumber=1&pageSize=30&orderBy=lotNumber:asc;subLotNumber:asc&,,mapa,,,https://www.sold.com.br/evento/slc-agricola-784303?searchType=opened&preOrderBy=orderByFirstOpenedOffers&pageNumber=1&pageSize=30&orderBy=lotNumber:asc;subLotNumber:asc&
marcador-311,[EMPRESA] - PETROBRAS - Sucatas - Ipojuca / PE,31-07-26,2026-08-05,05/08/2026,9:00,passado,PE,Rodovia Atlântico - Distrito Industrial de Ipojuca - Suape - 55598-110 - Ipojuca - PE - Brasil,,,https://www.sold.com.br/evento/petrobras-pea0386401-789548?searchType=opened&preOrderBy=orderByFirstOpenedOffers&pageNumber=1&pageSize=30&orderBy=lotNumber:asc;subLotNumber:asc&,,mapa,,,https://www.sold.com.br/evento/petrobras-pea0386401-789548?searchType=opened&preOrderBy=orderByFirstOpenedOffers&pageNumber=1&pageSize=30&orderBy=lotNumber:asc;subLotNumber:asc&
marcador-312,"[EMPRESA] - LOG SYSTEMS - Produtos, Equipamentos - Guararema / SP",31-07-26,2026-08-05,05/08/2026,9:00,passado,SP,"Coronel Ramalho, 113 - CENTRO - 08900-000 - Guararema - SP - Brasil",,,https://www.sold.com.br/evento/log-systems-784290?searchType=opened&preOrderBy=orderByFirstOpenedOffers&pageNumber=1&pageSize=30&orderBy=lotNumber:asc;subLotNumber:asc&,,mapa,,,https://www.sold.com.br/evento/log-systems-784290?searchType=opened&preOrderBy=orderByFirstOpenedOffers&pageNumber=1&pageSize=30&orderBy=lotNumber:asc;subLotNumber:asc&
marcador-313,[EMPRESA] - PETROBRAS - Rio de Janeiro / RJ,31-07-26,2026-08-05,05/08/2026,9:00,passado,RJ,"Rua Carlos Seidl, 188 - Caju - 20931-902 - Rio de Janeiro - RJ - Brasil",,,https://www.sold.com.br/evento/petrobras-pea0367868-790043?searchType=opened&preOrderBy=orderByFirstOpenedOffers&pageNumber=1&pageSize=30&orderBy=lotNumber:asc;subLotNumber:asc&,,mapa,,,https://www.sold.com.br/evento/petrobras-pea0367868-790043?searchType=opened&preOrderBy=orderByFirstOpenedOffers&pageNumber=1&pageSize=30&orderBy=lotNumber:asc;subLotNumber:asc&
marcador-314,"[EMPRESA] - PETROBRAS - Produtos, Equipamentos - Macaé / RJ",31-07-26,2026-08-05,05/08/2026,9:00,passado,RJ,Rua Corcovado - Cabiúnas - 27977-335 - Macaé - RJ - Brasil,,,https://www.sold.com.br/evento/petrobras-pea0377241-789938?searchType=opened&preOrderBy=orderByFirstOpenedOffers&pageNumber=1&pageSize=30&orderBy=lotNumber:asc;subLotNumber:asc&,,mapa,,,https://www.sold.com.br/evento/petrobras-pea0377241-789938?searchType=opened&preOrderBy=orderByFirstOpenedOffers&pageNumber=1&pageSize=30&orderBy=lotNumber:asc;subLotNumber:asc&
marcador-315,[EMPRESA] - MERCEDES-BENZ - Guararema / SP,31-07-26,2026-08-05,05/08/2026,9:00,passado,SP,"Coronel Ramalho, 113 - CENTRO - 08900-000 - Guararema - SP - Brasil",,,https://www.sold.com.br/evento/mercedes-benz-784479?searchType=opened&preOrderBy=orderByFirstOpenedOffers&pageNumber=1&pageSize=30&orderBy=lotNumber:asc;subLotNumber:asc&,,mapa,,,https://www.sold.com.br/evento/mercedes-benz-784479?searchType=opened&preOrderBy=orderByFirstOpenedOffers&pageNumber=1&pageSize=30&orderBy=lotNumber:asc;subLotNumber:asc& | OBSERVAÇÃO: LOTES EM DIFERENTES LOCAIS DO BRASIL.
marcador-316,[EMPRESA] - VOTORANTIM - Sobral / CE,31-07-26,2026-08-05,05/08/2026,9:00,passado,CE,62010-000 - Sobral - CE - Brasil,,,https://mercado.bomvalor.com.br/sucatas-pesados-em-geral-36303,,mapa,,,https://mercado.bomvalor.com.br/sucatas-pesados-em-geral-36303
marcador-317,[EMPRESA] - LGR - Candeias / BA,31-07-26,2026-08-05,05/08/2026,9:00,passado,BA,Rua Treze de Maio - Centro - 43805000 - Candeias - BA - Brasil,,,https://www.gutembergaraujoleiloes.com.br/leilao/230/lotes,,mapa,,,https://www.gutembergaraujoleiloes.com.br/leilao/230/lotes
marcador-318,"[EMPRESA] - SAFRAMAQ - Ônibus, Equipamentos, Máquinas, Produtos, Veículos, Caminhonetes - Aguaí / SP",31-07-26,2026-08-05,05/08/2026,9:00,passado,SP,13860-000 - Aguaí - SP - Brasil,,,https://www.rossileiloes.com.br/leilao/detalhe/4767/SAFRAMAQ,,mapa,,,https://www.rossileiloes.com.br/leilao/detalhe/4767/SAFRAMAQ
marcador-319,"[EMPRESA] - BS SERVIÇOS - Caminhões, Sucatas - Capivari / SP",31-07-26,2026-08-05,05/08/2026,9:00,passado,SP,13360-000 - Capivari - SP - Brasil,,,https://leilaoonline.com.br/leilao/detalhe/4669/leilao-caminhao,,mapa,,,https://leilaoonline.com.br/leilao/detalhe/4669/leilao-caminhao | OBSERVAÇÃO: LOTES EM DIFERENTES LOCAIS DO BRASIL.
marcador-320,"[EMPRESA] - INDUSMAQ - Equipamentos, Produtos - Bauru / SP",31-07-26,2026-08-05,05/08/2026,9:00,passado,SP,17000-001 - Bauru - SP - Brasil,,,https://www.rossileiloes.com.br/leilao/detalhe/4768/INDUSMAQ,,mapa,,,https://www.rossileiloes.com.br/leilao/detalhe/4768/INDUSMAQ | OBSERVAÇÃO: LOTES EM DIFERENTES LOCAIS DO BRASIL.
marcador-321,[EMPRESA] - LIONS MATUAL - Belo Horizonte / MG,31-07-26,2026-08-05,05/08/2026,9:00,passado,MG,"Avenida Raja Gabaglia, 4697 - Santa Lúcia - 30360-670 - Belo Horizonte - MG - Brasil",,,https://www.casaleiloeira.com.br/evento/veiculo-sinistrado-recuperavel-790020?searchType=opened&preOrderBy=orderByFirstOpenedOffers&pageNumber=1&pageSize=30&orderBy=lotNumber:asc;subLotNumber:asc,,mapa,,,https://www.casaleiloeira.com.br/evento/veiculo-sinistrado-recuperavel-790020?searchType=opened&preOrderBy=orderByFirstOpenedOffers&pageNumber=1&pageSize=30&orderBy=lotNumber:asc;subLotNumber:asc
marcador-322,[PÁTIO] - LGR - Candeias / BA,31-07-26,2026-08-05,05/08/2026,9:00,passado,BA,Rua Treze de Maio - Centro - 43805000 - Candeias - BA - Brasil,,,https://www.gutembergaraujoleiloes.com.br/leilao/230/lotes,,mapa,,,https://www.gutembergaraujoleiloes.com.br/leilao/230/lotes
marcador-323,"[PREFEITURA] - SÃO BERNADO DO CAMPO - Sucatas, Motos - Campinas / SP",31-07-26,2026-08-06,06/08/2026,4:00,passado,SP,13000-001 - Campinas - SP - Brasil,,,https://www.hastasp.com.br/evento/sucata-leilao-01-2026-municipal-sao-bern-do-campo-784146?searchType=opened&preOrderBy=orderByFirstOpenedOffers&pageNumber=1&pageSize=30&orderBy=lotNumber:asc;subLotNumber:asc,,mapa,,,https://www.hastasp.com.br/evento/sucata-leilao-01-2026-municipal-sao-bern-do-campo-784146?searchType=opened&preOrderBy=orderByFirstOpenedOffers&pageNumber=1&pageSize=30&orderBy=lotNumber:asc;subLotNumber:asc
marcador-324,"[PREFEITURA] - Máquinas, Produtos, Sucatas - Caucaia / CE",31-07-26,2026-08-06,06/08/2026,4:00,passado,CE,"ROD BR 222, KM 11-50 - Catuana - 61680-000 - Caucaia - CE - Brasil",,,https://www.vipleiloes.com.br/evento/detalhes/060826iguatuce,,mapa,,,https://www.vipleiloes.com.br/evento/detalhes/060826iguatuce
marcador-325,"[PREFEITURA] - Imóveis, Presencial - Santa Clara d'Oeste / SP",31-07-26,2026-08-06,06/08/2026,4:00,passado,SP,Centro - 15785-000 - Santa Clara d'Oeste - SP - Brasil,,,https://drive.google.com/file/d/1_3jiibG5tvw7xBlWpLuRwSpui9LQMm42/view?usp=drive_link,,mapa,,,https://drive.google.com/file/d/1_3jiibG5tvw7xBlWpLuRwSpui9LQMm42/view?usp=drive_link
marcador-326,"[PREFEITURA] - Veículos, Máquinas, Equipamentos, Sucatas, Presencial - Guabiju / RS",31-07-26,2026-08-06,06/08/2026,4:00,passado,RS,"José Bonifácio, 816 - Centro - 95355-000 - Guabiju - RS - Brasil",,,https://www.juleiloes.com.br/leilao/leilao-de-bens-do-municipio-de-guabiju-rs-16-07-2026-14-03-35/lotes/lista,,mapa,,,https://www.juleiloes.com.br/leilao/leilao-de-bens-do-municipio-de-guabiju-rs-16-07-2026-14-03-35/lotes/lista
marcador-327,"[PREFEITURA] - Veículos, Máquinas, Equipamentos, Sucatas, Presencial - Guabiju / RS",31-07-26,2026-08-06,06/08/2026,4:00,passado,RS,"José Bonifácio, 816 - Centro - 95355-000 - Guabiju - RS - Brasil",,,,,mapa,,,Guabiju - RS
marcador-328,[PREFEITURA] - Imóveis - Santa Fé do Sul / SP,31-07-26,2026-08-06,06/08/2026,4:00,passado,SP,"Avenida Conselheiro Antônio Prado, 1616 - Centro - 15775-043 - Santa Fé do Sul - SP - Brasil",,,https://drive.google.com/file/d/1_8O2QcngkbQvkqWBj_KzXpKRHr29Syws/view?usp=drive_link,,mapa,,,https://drive.google.com/file/d/1_8O2QcngkbQvkqWBj_KzXpKRHr29Syws/view?usp=drive_link
marcador-329,"[PREFEITURA] - Veículos, Caminhonetes, Vans, Ônibus, Máquinas, Caminhões, Equipamentos - São Manoel do Paraná / PR",31-07-26,2026-08-06,06/08/2026,4:00,passado,PR,"Paraíso, 641 - Centro - 87215-000 - São Manoel do Paraná - PR - Brasil",,,https://drive.google.com/file/d/1qPyfn5qd7VNIQNhZe0yvFyeNWzVJTm9j/view?usp=drive_link,,mapa,,,https://drive.google.com/file/d/1qPyfn5qd7VNIQNhZe0yvFyeNWzVJTm9j/view?usp=drive_link | OBSERVAÇÃO: Leilão vindo de prorrogação. LOTES EM DIFERENTES LOCAIS DA CIDADE.
marcador-330,"[PREFEITURA] - Veículos, Caminhonetes, Vans, Ônibus, Máquinas, Caminhões, Equipamentos - São Manoel do Paraná / PR",31-07-26,2026-08-06,06/08/2026,4:00,passado,PR,"Paraíso, 641 - Centro - 87215-000 - São Manoel do Paraná - PR - Brasil",,,https://drive.google.com/file/d/1qPyfn5qd7VNIQNhZe0yvFyeNWzVJTm9j/view?usp=drive_link,,mapa,,,https://drive.google.com/file/d/1qPyfn5qd7VNIQNhZe0yvFyeNWzVJTm9j/view?usp=drive_link | OBSERVAÇÃO: Leilão vindo de prorrogação.
marcador-331,"[PREFEITURA] - Veículos, Caminhonetes, Vans, Ônibus, Máquinas, Caminhões, Equipamentos - São Manoel do Paraná / PR",31-07-26,2026-08-06,06/08/2026,4:00,passado,PR,87215-000 - São Manoel do Paraná - PR - Brasil,,,https://drive.google.com/file/d/1qPyfn5qd7VNIQNhZe0yvFyeNWzVJTm9j/view?usp=drive_link,,mapa,,,https://drive.google.com/file/d/1qPyfn5qd7VNIQNhZe0yvFyeNWzVJTm9j/view?usp=drive_link | OBSERVAÇÃO: Leilão vindo de prorrogação.
marcador-332,[PREFEITURA] - Imóveis - Tangará da Serra / MT,31-07-26,2026-08-06,06/08/2026,4:00,passado,MT,78300000 - Tangará da Serra - MT - Brasil,,,https://www.mgl.com.br/leilao/prefeitura-municipal-de-tangara-da-serra-mt/7188/#&Pagina=1&Index=1,,mapa,,,https://www.mgl.com.br/leilao/prefeitura-municipal-de-tangara-da-serra-mt/7188/#&Pagina=1&Index=1 | OBSERVAÇÃO: LOTES EM DIFERENTES LOCAIS DA CIDADE.
marcador-333,[PREFEITURA] - Imóveis - Rio de Janeiro / RJ,31-07-26,2026-08-06,06/08/2026,4:00,passado,RJ,"Rua Afonso Cavalcanti, 455 - Cidade Nova - 20211-110 - Rio de Janeiro - RJ - Brasil",,,https://drive.google.com/file/d/1dbFyD803Qplt3edjaHWQBcIyILiaQFiL/view?usp=drive_link,,mapa,,,https://drive.google.com/file/d/1dbFyD803Qplt3edjaHWQBcIyILiaQFiL/view?usp=drive_link
marcador-334,[PREFEITURA] - Imóveis - Dourado / SP,31-07-26,2026-08-06,06/08/2026,4:00,passado,SP,"Dr. Marques Ferreira, 591 - CENTRO - 13590000 - Dourado - SP - Brasil",,,https://www.ricoleiloes.com.br/leilao/2078/lotes,,mapa,,,https://www.ricoleiloes.com.br/leilao/2078/lotes
marcador-335,[PREFEITURA] - Imóveis - Novo Repartimento / PA,31-07-26,2026-08-06,06/08/2026,4:00,passado,PA,68473-000 - Novo Repartimento - PA - Brasil,,,https://drive.google.com/file/d/1oIZPKvqFPGoxtr6MD9nmvBXxvOAnPaA1/view?usp=drive_link,,mapa,,,https://drive.google.com/file/d/1oIZPKvqFPGoxtr6MD9nmvBXxvOAnPaA1/view?usp=drive_link | OBSERVAÇÃO: LOTES EM DIFERENTES LOCAIS DA CIDADE.
marcador-336,"[PREFEITURA] - Veículos, Ônibus, Máquinas, Vans, Caminhonetes - Coroaci / MG",31-07-26,2026-08-06,06/08/2026,4:00,passado,MG,"Dona Cotinha Gonçalves, 11 - Centro - 39710-000 - Coroaci - MG - Brasil",,,https://drive.google.com/file/d/1CXpd7NNA5kbjRHoK2tyJ5tfvY9gUx-Wh/view?usp=drive_link,,mapa,,,https://drive.google.com/file/d/1CXpd7NNA5kbjRHoK2tyJ5tfvY9gUx-Wh/view?usp=drive_link
marcador-337,"[PREFEITURA] - Veículos, Vans, Caminhonetes, Ônibus, Sucatas, Produtos - Japonvar / MG",31-07-26,2026-08-06,06/08/2026,4:00,passado,MG,Rua Getúlio Vargas - 39335-000 - Japonvar - MG - Brasil,,,https://marcusviniciusleiloes.com.br/leilao/717/prefeitura-municipal-de-japonvar-mg-veiculos-caminhonete-onibus-van-microonibus-ambulancia-sucatas-diversas-e-outros,,mapa,,,https://marcusviniciusleiloes.com.br/leilao/717/prefeitura-municipal-de-japonvar-mg-veiculos-caminhonete-onibus-van-microonibus-ambulancia-sucatas-diversas-e-outros
marcador-338,[PREFEITURA] - VEÍCULOS/VANS/CAMINHONETES/ÔNIBUS/PNEUS/SUCATAS - Japonvar - MG,31-07-26,2026-08-06,06/08/2026,4:00,passado,MG,"Rua Getúlio Vargas, R. Getúlio Vargas - Japonvar, MG, 39335-000, Brasil",,,https://marcusviniciusleiloes.com.br/leilao/717/prefeitura-municipal-de-japonvar-mg-veiculos-caminhonete-onibus-van-microonibus-ambulancia-sucatas-diversas-e-outros,,mapa,,,https://marcusviniciusleiloes.com.br/leilao/717/prefeitura-municipal-de-japonvar-mg-veiculos-caminhonete-onibus-van-microonibus-ambulancia-sucatas-diversas-e-outros •
marcador-339,[PREFEITURA] - IMÓVEIS - Tangará da Serra - MT,31-07-26,2026-08-06,06/08/2026,4:00,passado,MT,"Tangará da Serra, MT, 78300-000, Brasil",,,https://www.mgl.com.br/leilao/prefeitura-municipal-de-tangara-da-serra-mt/7188/#&Pagina=1&Index=1,,mapa,,,https://www.mgl.com.br/leilao/prefeitura-municipal-de-tangara-da-serra-mt/7188/#&Pagina=1&Index=1 • | OBSERVAÇÃO: LOTES EM DIFERENTES LOCAIS DA CIDADE.
marcador-340,"[ÓRGÃO PÚBLICO] - DETRAN/TO - Motos, Veículos - Araguaína / TO",31-07-26,2026-08-06,06/08/2026,5:00,passado,TO,Rua 10 - Jardim dos Ipês I -  77820012 - Araguaína - TO - Brasil,,,https://www.sancarleiloes.com.br/veiculos/#pagina=1&LET_ID=1&LED_DIA=&LEILOES_ANTERIORES=&comitente=&onlyFilters=0&LEI_ID=87&VTS_ID=&VEC_ID=&VMM_ID=&VMD_ID=&VEI_ANOFAB=&VEI_COMBUSTIVEL=&VEI_COR=&LEL_ID=&LEL_ORDEM_LEILAO=,,mapa,,,https://www.sancarleiloes.com.br/veiculos/#pagina=1&LET_ID=1&LED_DIA=&LEILOES_ANTERIORES=&comitente=&onlyFilters=0&LEI_ID=87&VTS_ID=&VEC_ID=&VMM_ID=&VMD_ID=&VEI_ANOFAB=&VEI_COMBUSTIVEL=&VEI_COR=&LEL_ID=&LEL_ORDEM_LEILAO=
marcador-341,[ÓRGÃO PÚBLICO] - CRF - Produtos - Salvador / BA,31-07-26,2026-08-06,06/08/2026,5:00,passado,BA,"Rua Dom Basílio Mendes Ribeiro, 127 - Ondina - 40170-120 - Salvador - BA - Brasil",,,https://www.rjleiloes.com.br/leilao/4767/lotes,,mapa,,,https://www.rjleiloes.com.br/leilao/4767/lotes
marcador-342,"[ÓRGÃO PÚBLICO] - DETRAN - Sucatas, Motos, Veículos - Pompéu / MG",31-07-26,2026-08-06,06/08/2026,5:00,passado,MG,35640-000 - Pompéu - MG - Brasil,,,https://drive.google.com/file/d/1Pc8mmKcsd3H4MDHtDGqSBuoYtVvhlp5W/view?usp=drive_link,,mapa,,,https://drive.google.com/file/d/1Pc8mmKcsd3H4MDHtDGqSBuoYtVvhlp5W/view?usp=drive_link
marcador-343,[ÓRGÃO PÚBLICO] - COREN-TO - Imóveis - Palmas / TO,31-07-26,2026-08-06,06/08/2026,5:00,passado,TO,77000-000 - Palmas - TO - Brasil,,,https://danielgarcialeiloes.com.br/leilao/7698/lotes,,mapa,,,https://danielgarcialeiloes.com.br/leilao/7698/lotes
marcador-344,"[ÓRGÃO PÚBLICO] - IPT - Equipamentos, Produtos - São Paulo / SP",31-07-26,2026-08-06,06/08/2026,5:00,passado,SP,"Avenida Professor Almeida Prado, 532 - Butantã - 05508-901 - São Paulo - SP - Brasil",,,https://danielgarcialeiloes.com.br/leilao/7744/lotes,,mapa,,,https://danielgarcialeiloes.com.br/leilao/7744/lotes | OBSERVAÇÃO: LOTES EM DIFRENTES LOCAIS DO BRASIL.
marcador-345,[EXÉRCITO] - Sucatas - Marabá / PA,31-07-26,2026-08-06,06/08/2026,5:00,passado,PA,"Rodovia BR-230, km 9  - Nova Marabá - 68507-765 - Marabá - PA - Brasil",,,https://danielgarcialeiloes.com.br/leilao/7691/lotes,,mapa,,,https://danielgarcialeiloes.com.br/leilao/7691/lotes
marcador-346,"[EXÉRCITO] - Equipamentos, Vans, Veículos, Caminhonetes - Marabá / PA",31-07-26,2026-08-06,06/08/2026,5:00,passado,PA,"Rodovia BR-230, km 9 - Nova Marabá - 68507-765 - Marabá - PA - Brasil",,,https://danielgarcialeiloes.com.br/leilao/7691/lotes,,mapa,,,https://danielgarcialeiloes.com.br/leilao/7691/lotes
marcador-347,[ÓRGÃO PÚBLICO] - PRF - Sucatas - Arcoverde / PE,31-07-26,2026-08-06,06/08/2026,5:00,passado,PE,"Rua Neuza Ferraz, 08 - São Cristóvão - 565122700 - Arcoverde - PE - Brasil",,,https://www.lancecertoleiloes.com.br/leilao/060826PRFSU,,mapa,,,https://www.lancecertoleiloes.com.br/leilao/060826PRFSU | OBSERVAÇÃO: LOTES EM DIFERENTES LOCAIS
marcador-348,"[FINANCEIRA] - Sucatas, Motos, Veículos - Rio de Janeiro / RJ",31-07-26,2026-08-06,06/08/2026,7:00,passado,RJ,"Avenida Brasil, 51467 - Campo Grande - 23065-480 - Rio de Janeiro - RJ - Brasil",,,https://www.rogeriomenezes.com.br/leilao/751,,mapa,,,https://www.rogeriomenezes.com.br/leilao/751 | OBSERVAÇÃO: LEILÃO EM LOTEAMENTO.
marcador-349,[PRODUTOS] - Contagem / MG,31-07-26,2026-08-06,06/08/2026,7:00,passado,MG,Via Vereador Joaquim Costa - Campina Verde - 32150-240 - Contagem - MG - Brasil,,,https://www.palaciodosleiloes.com.br/site/?leilao_pesquisa=8539,,mapa,,,https://www.palaciodosleiloes.com.br/site/?leilao_pesquisa=8539
marcador-350,[FINANCEIRA] - Veículos - Caçapava / SP,31-07-26,2026-08-06,06/08/2026,7:00,passado,SP,"Rua Vereador Geraldo Nogueira da Silva, 3501 - Bairro do Grama - 12286-285 - Caçapava - SP - Brasil",,,https://www.guariglialeiloes.com.br/leilao/811/lotes,,mapa,,,https://www.guariglialeiloes.com.br/leilao/811/lotes
marcador-351,[FINANCEIRA] - Toledo / PR,31-07-26,2026-08-06,06/08/2026,7:00,passado,PR,"Rua Santos Dumont, 203 - Centro - 85905000 - Toledo - PR - Brasil",,,https://www.jmleiloes.leilao.br/evento/corporativo-789829?searchType=opened&preOrderBy=orderByFirstOpenedOffers&pageNumber=1&pageSize=30&orderBy=lotNumber:asc;subLotNumber:asc,,mapa,,,https://www.jmleiloes.leilao.br/evento/corporativo-789829?searchType=opened&preOrderBy=orderByFirstOpenedOffers&pageNumber=1&pageSize=30&orderBy=lotNumber:asc;subLotNumber:asc
marcador-352,[FINANCEIRA] - Veículos - Toledo / PR,31-07-26,2026-08-06,06/08/2026,7:00,passado,PR,"Rua Santos Dumont, 3791 - Centro - 85905000 - Toledo - PR - Brasil",,,https://www.jmleiloes.leilao.br/evento/corporativo-789981?searchType=opened&preOrderBy=orderByFirstOpenedOffers&pageNumber=1&pageSize=30&orderBy=lotNumber:asc;subLotNumber:asc,,mapa,,,https://www.jmleiloes.leilao.br/evento/corporativo-789981?searchType=opened&preOrderBy=orderByFirstOpenedOffers&pageNumber=1&pageSize=30&orderBy=lotNumber:asc;subLotNumber:asc
marcador-353,"[FINANCEIRA] - Caminhões, Veículos, Vans, Motos - Toledo / PR",31-07-26,2026-08-06,06/08/2026,7:00,passado,PR,"Rua Santos Dumont, 3791 - Centro - 85905000 - Toledo - PR - Brasil",,,https://www.jmleiloes.leilao.br/evento/corporativo-784048?searchType=opened&preOrderBy=orderByFirstOpenedOffers&pageNumber=1&pageSize=30&orderBy=lotNumber:asc;subLotNumber:asc,,mapa,,,https://www.jmleiloes.leilao.br/evento/corporativo-784048?searchType=opened&preOrderBy=orderByFirstOpenedOffers&pageNumber=1&pageSize=30&orderBy=lotNumber:asc;subLotNumber:asc
marcador-354,"[FINANCEIRA] - Veículos, Máquinas - Prudentópolis / PR",31-07-26,2026-08-06,06/08/2026,7:00,passado,PR,84400-000 - Prudentópolis - PR - Brasil,,,https://www.andreluizleiloes.com.br/evento/corporativo-784138?searchType=opened&preOrderBy=orderByFirstOpenedOffers&pageNumber=1&pageSize=30&orderBy=lotNumber:asc;subLotNumber:asc,,mapa,,,https://www.andreluizleiloes.com.br/evento/corporativo-784138?searchType=opened&preOrderBy=orderByFirstOpenedOffers&pageNumber=1&pageSize=30&orderBy=lotNumber:asc;subLotNumber:asc
marcador-355,[PRODUTOS] - 3 - Produtos - Jundiaí / SP,31-07-26,2026-08-06,06/08/2026,8:00,passado,SP,13200-001 - Jundiaí - SP - Brasil,,,https://www.leilaoprime.com.br/leilao/56/lotes,,mapa,,,https://www.leilaoprime.com.br/leilao/56/lotes
marcador-356,[PRODUTOS] - Produtos - Jundiaí / SP,31-07-26,2026-08-06,06/08/2026,8:00,passado,SP,13200-001 - Jundiaí - SP - Brasil,,,https://www.leilaoprime.com.br/leilao/54/lotes,,mapa,,,https://www.leilaoprime.com.br/leilao/54/lotes
marcador-357,[PRODUTOS] - Jundiaí / SP,31-07-26,2026-08-06,06/08/2026,8:00,passado,SP,13200-001 - Jundiaí - SP - Brasil,,,https://www.leilaoprime.com.br/leilao/53/lotes,,mapa,,,https://www.leilaoprime.com.br/leilao/53/lotes
marcador-358,[PRODUTOS] - Produtos - Itaúna / MG,31-07-26,2026-08-06,06/08/2026,8:00,passado,MG,Rua Caetano Burrini - Centro - 35680-001 - Itaúna - MG - Brasil,,,https://www.gspleiloes.com.br/leilao/126/lotes,,mapa,,,https://www.gspleiloes.com.br/leilao/126/lotes
marcador-359,[PRODUTOS] - Produtos - Sorocaba / SP,31-07-26,2026-08-06,06/08/2026,8:00,passado,SP,"Rua Paulo Ruan Faria, 111 - Parque Empresarial das Mangueiras - 18086-420 - Sorocaba - SP - Brasil",,,https://www.lance360.com.br/leilao/703,,mapa,,,https://www.lance360.com.br/leilao/703
marcador-360,[PRODUTOS] - Produtos - Alhandra / PB,31-07-26,2026-08-06,06/08/2026,8:00,passado,PB,58320000 - Alhandra - PB - Brasil,,,https://www.kwara.com.br/evento/leilao-de-moveis-eletrodomesticos-informatica-eletroportateis-e-eletronicos-K-2889,,mapa,,,https://www.kwara.com.br/evento/leilao-de-moveis-eletrodomesticos-informatica-eletroportateis-e-eletronicos-K-2889
marcador-361,[PRODUTOS] - São Paulo / SP,31-07-26,2026-08-06,06/08/2026,8:00,passado,SP,03181-000 - São Paulo - SP - Brasil,,,https://www.kwara.com.br/evento/leilao-de-eletroportateis-itens-de-informatica-ferramentas-e-vestuario-armazem-7-K-2883,,mapa,,,https://www.kwara.com.br/evento/leilao-de-eletroportateis-itens-de-informatica-ferramentas-e-vestuario-armazem-7-K-2883
marcador-362,[PRODUTOS] - Produtos - São Paulo / SP,31-07-26,2026-08-06,06/08/2026,8:00,passado,SP,04500-000 - São Paulo - SP - Brasil,,,https://www.kwara.com.br/evento/leilao-de-mobiliarios-K-2834,,mapa,,,https://www.kwara.com.br/evento/leilao-de-mobiliarios-K-2834
marcador-363,"[PRODUTOS] - Máquinas, Produtos, Equipamentos - Hortolândia / SP",31-07-26,2026-08-06,06/08/2026,8:00,passado,SP,"Avenida Maria Francisca da Silva, 390 - Parque Terras de Santa Maria - 13183-856 - Hortolândia - SP - Brasil",,,https://www.sodresantoro.com.br/leilao/28850,,mapa,,,https://www.sodresantoro.com.br/leilao/28850 | OBSERVAÇÃO: LOTES EM DIFERENTES LOCAIS DO BRASIL.
marcador-364,[PRODUTOS] - Produtos - São Paulo / SP,31-07-26,2026-08-06,06/08/2026,8:00,passado,SP,"Rua Vinte e Quatro de Maio, 247 - República - 01041-001 - São Paulo - SP - Brasil",,,https://www.rivaldodantasleiloes.com.br/leilao.asp?Num=63398,,mapa,,,https://www.rivaldodantasleiloes.com.br/leilao.asp?Num=63398
marcador-365,[PRODUTOS] - Produtos - Itaúna / MG,31-07-26,2026-08-06,06/08/2026,8:00,passado,MG,35680-000 - Itaúna - MG - Brasil,,,https://www.mgl.com.br/leilao/bens-diversos-alienacao-antecipada/7122/#&Pagina=1&Index=1,,mapa,,,https://www.mgl.com.br/leilao/bens-diversos-alienacao-antecipada/7122/#&Pagina=1&Index=1
marcador-366,[EMPRESA] - Máquinas - Cláudio / MG,31-07-26,2026-08-06,06/08/2026,9:00,passado,MG,35530000 - Cláudio - MG - Brasil,,,https://www.gspleiloes.com.br/leilao/6/lotes,,mapa,,,https://www.gspleiloes.com.br/leilao/6/lotes
marcador-367,"[EMPRESA] - Veículos, Caminhonetes, Sucatas, Caminhões - Contagem / MG",31-07-26,2026-08-06,06/08/2026,9:00,passado,MG,"Rua Doutor Antônio de Carvalho Lage, 170 - Cidade Industrial - 32210-070 - Contagem - MG - Brasil",,,https://www.goldenlance.com.br/eventos/leilao/180/leilao-de-veiculos-e-pecas,,mapa,,,https://www.goldenlance.com.br/eventos/leilao/180/leilao-de-veiculos-e-pecas
marcador-368,[EMPRESA] - Máquinas - Formiga / MG,31-07-26,2026-08-06,06/08/2026,9:00,passado,MG,Rua João Fernandes Souto - Centro - 35570-001 - Formiga - MG - Brasil,,,https://www.adrianoleiloeiro.com.br/evento/carregadeira-938g-784679?searchType=opened&preOrderBy=orderByFirstOpenedOffers&pageNumber=1&pageSize=30&orderBy=lotNumber:asc;subLotNumber:asc,,mapa,,,https://www.adrianoleiloeiro.com.br/evento/carregadeira-938g-784679?searchType=opened&preOrderBy=orderByFirstOpenedOffers&pageNumber=1&pageSize=30&orderBy=lotNumber:asc;subLotNumber:asc
marcador-369,[EMPRESA] - Máquinas - Arcos / MG,31-07-26,2026-08-06,06/08/2026,9:00,passado,MG,Rua Getúlio Vargas - Centro - 35598-018 - Arcos - MG - Brasil,,,https://www.adrianoleiloeiro.com.br/evento/retroescavadeiras-case-784669?searchType=opened&preOrderBy=orderByFirstOpenedOffers&pageNumber=1&pageSize=30&orderBy=lotNumber:asc;subLotNumber:asc,,mapa,,,https://www.adrianoleiloeiro.com.br/evento/retroescavadeiras-case-784669?searchType=opened&preOrderBy=orderByFirstOpenedOffers&pageNumber=1&pageSize=30&orderBy=lotNumber:asc;subLotNumber:asc
marcador-370,"[EMPRESA] - Equipamentos, Motos, Produtos - Igarapava / SP",31-07-26,2026-08-06,06/08/2026,9:00,passado,SP,14540-000 - Igarapava - SP - Brasil,,,https://mercado.bomvalor.com.br/apabrfleiloes/mega-leilao-agro-36330,,mapa,,,https://mercado.bomvalor.com.br/apabrfleiloes/mega-leilao-agro-36330 | OBSERVAÇÃO: LOTES EM DIFERNTES LOCAIS DO BRASIL.
marcador-371,[EMPRESA] - PETROBRAS - Itaboraí / RJ,31-07-26,2026-08-06,06/08/2026,9:00,passado,RJ,"Acesso A1 da RJ 116, KM 5,2 - Alto do Jacú (Sambaetiba) - 24841-203 - Itaboraí - RJ - Brasil",,,https://www.sold.com.br/evento/petrobras-pea0250729-789986?searchType=opened&preOrderBy=orderByFirstOpenedOffers&pageNumber=1&pageSize=30&orderBy=lotNumber:asc;subLotNumber:asc&,,mapa,,,https://www.sold.com.br/evento/petrobras-pea0250729-789986?searchType=opened&preOrderBy=orderByFirstOpenedOffers&pageNumber=1&pageSize=30&orderBy=lotNumber:asc;subLotNumber:asc&
marcador-372,[EMPRESA] - PETROBRAS - Rio de Janeiro / RJ,31-07-26,2026-08-06,06/08/2026,9:00,passado,RJ,"Rua Francisco de Sousa e Melo, 1580 - Cordovil - 21010-410 - Rio de Janeiro - RJ - Brasil",,,https://www.sold.com.br/evento/petrobras-pea0379718-790242?searchType=opened&preOrderBy=orderByFirstOpenedOffers&pageNumber=1&pageSize=30&orderBy=lotNumber:asc;subLotNumber:asc&,,mapa,,,https://www.sold.com.br/evento/petrobras-pea0379718-790242?searchType=opened&preOrderBy=orderByFirstOpenedOffers&pageNumber=1&pageSize=30&orderBy=lotNumber:asc;subLotNumber:asc&
marcador-373,[EMPRESA] - MMS SMART SOLUTIONS - Equipamentos - Guararema / SP,31-07-26,2026-08-06,06/08/2026,9:00,passado,SP,"Coronel Ramalho, 113 - CENTRO - 08900-000 - Guararema - SP - Brasil",,,https://www.sold.com.br/evento/mms-smart-solutions-784623?searchType=opened&preOrderBy=orderByFirstOpenedOffers&pageNumber=1&pageSize=30&orderBy=lotNumber:asc;subLotNumber:asc&,,mapa,,,https://www.sold.com.br/evento/mms-smart-solutions-784623?searchType=opened&preOrderBy=orderByFirstOpenedOffers&pageNumber=1&pageSize=30&orderBy=lotNumber:asc;subLotNumber:asc& | OBSERVAÇÃO: LOTES EM DIFERENTES LOCAIS DO BRASIL.
marcador-374,"[EMPRESA] - SBM OFFSHORE - Produtos, Equipamentos - Guararema / SP",31-07-26,2026-08-06,06/08/2026,9:00,passado,SP,"CORONEL RAMALHO , 113 - CENTRO - 08900-000 - Guararema - SP - Brasil",,,https://www.sold.com.br/evento/sbm-offshore-790100?searchType=opened&preOrderBy=orderByFirstOpenedOffers&pageNumber=1&pageSize=30&orderBy=lotNumber:asc;subLotNumber:asc&,,mapa,,,https://www.sold.com.br/evento/sbm-offshore-790100?searchType=opened&preOrderBy=orderByFirstOpenedOffers&pageNumber=1&pageSize=30&orderBy=lotNumber:asc;subLotNumber:asc& | OBSERVAÇÃO: LOTES EM DIFERENTES LOCAIS DO BRASIL.
marcador-375,[EMPRESA] - MAQLOC - Equipamentos - Guararema / SP,31-07-26,2026-08-06,06/08/2026,9:00,passado,SP,"Coronel Ramalho, 113 - CENTRO - 08900-000 - Guararema - SP - Brasil",,,https://www.sold.com.br/evento/maqloc-790289?searchType=opened&preOrderBy=orderByFirstOpenedOffers&pageNumber=1&pageSize=30&orderBy=lotNumber:asc;subLotNumber:asc&,,mapa,,,https://www.sold.com.br/evento/maqloc-790289?searchType=opened&preOrderBy=orderByFirstOpenedOffers&pageNumber=1&pageSize=30&orderBy=lotNumber:asc;subLotNumber:asc&
marcador-376,[EMPRESA] - INDORAMA - Produtos - Mauá / SP,31-07-26,2026-08-06,06/08/2026,9:00,passado,SP,09300-000 - Mauá - SP - Brasil,,,https://www.sold.com.br/evento/indorama-789626?searchType=opened&preOrderBy=orderByFirstOpenedOffers&pageNumber=1&pageSize=30&orderBy=lotNumber:asc;subLotNumber:asc&,,mapa,,,https://www.sold.com.br/evento/indorama-789626?searchType=opened&preOrderBy=orderByFirstOpenedOffers&pageNumber=1&pageSize=30&orderBy=lotNumber:asc;subLotNumber:asc&
marcador-377,[EMPRESA] - REVITA - Caminhões - São Bernardo do Campo / SP,31-07-26,2026-08-06,06/08/2026,9:00,passado,SP,"Estrada da Cooperativa, 711 - Alves Dias - 09850-480 - São Bernardo do Campo - SP - Brasil",,,https://www.rossileiloes.com.br/leilao/detalhe/4763,,mapa,,,https://www.rossileiloes.com.br/leilao/detalhe/4763
marcador-378,[EMPRESA] - Máquinas - Valinhos / SP,31-07-26,2026-08-06,06/08/2026,9:00,passado,SP,13279-999 - Valinhos - SP - Brasil,,,https://www.rossileiloes.com.br/leilao/detalhe/4769,,mapa,,,https://www.rossileiloes.com.br/leilao/detalhe/4769
marcador-379,"[EMPRESA] - K-MAQUINAS - Máquinas, Equipamentos, Produtos - Ubirajara / SP",31-07-26,2026-08-06,06/08/2026,9:00,passado,SP,17440-000 - Ubirajara - SP - Brasil,,,https://www.rossileiloes.com.br/leilao/detalhe/4774/K-MAQUINAS,,mapa,,,https://www.rossileiloes.com.br/leilao/detalhe/4774/K-MAQUINAS
marcador-380,"[EMPRESA] - Caminhões, Equipamentos, Máquinas - São José do Rio Preto / SP",31-07-26,2026-08-06,06/08/2026,9:00,passado,SP,15104-999 - São José do Rio Preto - SP - Brasil,,,https://leilaoonline.com.br/leilao/detalhe/4675/leilao-maquinas,,mapa,,,https://leilaoonline.com.br/leilao/detalhe/4675/leilao-maquinas
marcador-381,"[EMPRESA] - JATAI TRATORES - Máquinas, Equipamentos - Jataizinho / PR",31-07-26,2026-08-06,06/08/2026,9:00,passado,PR,86210-000 - Jataizinho - PR - Brasil,,,https://www.rossileiloes.com.br/leilao/detalhe/4780/JATAI-TRATORES,,mapa,,,https://www.rossileiloes.com.br/leilao/detalhe/4780/JATAI-TRATORES
marcador-382,"[EMPRESA] - Máquinas, Equipamentos, Motos - São Sebastião do Paraíso / MG",31-07-26,2026-08-06,06/08/2026,9:00,passado,MG,37959-999 - São Sebastião do Paraíso - MG - Brasil,,,https://mercado.bomvalor.com.br/mega-leilao-agro-36330,,mapa,,,https://mercado.bomvalor.com.br/mega-leilao-agro-36330 | OBSERVAÇÃO: LOTES EM DIFERENTES LOCAIS DO BRASIL.
marcador-383,"[EMPRESA] - Motos, Veículos - Campos dos Goytacazes / RJ",31-07-26,2026-08-06,06/08/2026,9:00,passado,RJ,"Avenida Nossa Senhora do Carmo, 1427 - Parque Rui Barbosa - 28025-487 - Campos dos Goytacazes - RJ - Brasil",,,https://eblonline.com.br/lotes/322?page=1&size=6&removerEncerrados=false,,mapa,,,https://eblonline.com.br/lotes/322?page=1&size=6&removerEncerrados=false
marcador-384,[EMPRESA] - CAÇAMBAS - Equipamentos - Duque de Caxias / RJ,31-07-26,2026-08-06,06/08/2026,9:00,passado,RJ,"Rua Delfos, 83 - Chácaras Rio-Petrópolis - 25243-190 - Duque de Caxias - RJ - Brasil",,,https://www.joaoemilio.com.br/leilao/6055/lotes,,mapa,,,https://www.joaoemilio.com.br/leilao/6055/lotes
marcador-385,"[EMPRESA] - GL EMPREENDIMENTOS - Máquinas, Sucatas, Caminhões, Equipamentos - Paulo Afonso / BA",31-07-26,2026-08-06,06/08/2026,9:00,passado,BA,Rodovia BR-110 - Tancredo Neves III - 48611274 - Paulo Afonso - BA - Brasil,,,https://www.lancecertoleiloes.com.br/leilao/060826VE,,mapa,,,https://www.lancecertoleiloes.com.br/leilao/060826VE
marcador-386,"[PREFEITURA] - SÃO BERNADO DO CAMPO - Sucatas, Motos - Campinas / SP",31-07-26,2026-08-07,07/08/2026,4:00,passado,SP,13000-001 - Campinas - SP - Brasil,,,https://www.hastasp.com.br/evento/sucata-leilao-01-2026-municipal-sao-bern-do-campo-784147?searchType=opened&preOrderBy=orderByFirstOpenedOffers&pageNumber=1&pageSize=30&orderBy=lotNumber:asc;subLotNumber:asc,,mapa,,,https://www.hastasp.com.br/evento/sucata-leilao-01-2026-municipal-sao-bern-do-campo-784147?searchType=opened&preOrderBy=orderByFirstOpenedOffers&pageNumber=1&pageSize=30&orderBy=lotNumber:asc;subLotNumber:asc
marcador-387,"[PREFEITURA] - Ônibus, Caminhonetes - Santa Maria do Cambucá / PE",31-07-26,2026-08-07,07/08/2026,4:00,passado,PE,"Rua Dr. Miguel Braz, 349 - CENTRO - 55765-000 - Santa Maria do Cambucá - PE - Brasil",,,https://www.lancecertoleiloes.com.br/home,,mapa,,,https://www.lancecertoleiloes.com.br/home
marcador-388,[ÓRGÃO PÚBLICO] - DETRAN 2 - Sucatas - São Luís / MA,31-07-26,2026-08-07,07/08/2026,4:00,passado,MA,Avenida Engenheiro Emiliano Macieira - Maracanã - 65095-602 - São Luís - MA - Brasil,,,https://www.vipleiloes.com.br/evento/detalhes/070826tdmas,,mapa,,,https://www.vipleiloes.com.br/evento/detalhes/070826tdmas
marcador-389,"[PREFEITURA] - Máquinas, Equipamentos, Produtos, Sucatas, Presencial - José de Freitas / PI",31-07-26,2026-08-07,07/08/2026,4:00,passado,PI,"Jose Costa Sobrinho , S/N - Matadouro - 64110-000 - José de Freitas - PI - Brasil",,,https://drive.google.com/file/d/1XEOQ65NBGxO8As42gftMgZRv_T22MV6Y/view?usp=drive_link,,mapa,,,https://drive.google.com/file/d/1XEOQ65NBGxO8As42gftMgZRv_T22MV6Y/view?usp=drive_link
marcador-390,"[PREFEITURA] - Equipamentos, Máquinas, Produtos - Alto Feliz / RS",31-07-26,2026-08-07,07/08/2026,4:00,passado,RS,95773-000 - Alto Feliz - RS - Brasil,,,https://drive.google.com/file/d/1NqopdGhDDjNf4yR6Oi2xZL33-nqcvLSV/view?usp=drive_link,,mapa,,,https://drive.google.com/file/d/1NqopdGhDDjNf4yR6Oi2xZL33-nqcvLSV/view?usp=drive_link | OBSERVAÇÃO: Leilão vindo de retificação e prorrogação.
marcador-391,"[PREFEITURA] - Veículos, Caminhonetes, Vans, Máquinas, Ônibus, Caminhões, Sucatas - Amparo do São Francisco / SE",31-07-26,2026-08-07,07/08/2026,4:00,passado,SE,"Deputado Martinho Guimarães, 12 - Centro - 49920-000 - Amparo do São Francisco - SE - Brasil",,,https://www.rjleiloes.com.br/leilao/4768/lotes,,mapa,,,https://www.rjleiloes.com.br/leilao/4768/lotes
marcador-392,"[PREFEITURA] - Ônibus, Veículos, Caminhonetes, Máquinas, Equipamentos - Itaporanga d'Ajuda / SE",31-07-26,2026-08-07,07/08/2026,4:00,passado,SE,"Praça Doutor Getúlio Vargas, S/N - CENTRO - 49120-000 - Itaporanga d'Ajuda - SE - Brasil",,,https://www.rjleiloes.com.br/leilao/4687/lotes,,mapa,,,https://www.rjleiloes.com.br/leilao/4687/lotes
marcador-393,"[PREFEITURA] - Produtos, Equipamentos, Máquinas, Veículos, Sucatas - Parobé / RS",31-07-26,2026-08-07,07/08/2026,4:00,passado,RS,95630-000 - Parobé - RS - Brasil,,,https://drive.google.com/file/d/1Qbc-_OBUsaN4k71HJYYEd0sXMPzSgcpm/view?usp=drive_link,,mapa,,,https://drive.google.com/file/d/1Qbc-_OBUsaN4k71HJYYEd0sXMPzSgcpm/view?usp=drive_link
marcador-394,"[PREFEITURA] - Equipamentos, Produtos, Motos, Veículos, Caminhonetes, Vans, Ônibus, Máquinas, Sucatas, Presencial - Braúnas / MG",31-07-26,2026-08-07,07/08/2026,4:00,passado,MG,"São Bento, 562 - Centro - 35189-000 - Braúnas - MG - Brasil",,,https://www.pwleiloes.com.br/leilao/prefeitura-municipal-de-braunas/589/#Pagina=1&Index=1,,mapa,,,https://www.pwleiloes.com.br/leilao/prefeitura-municipal-de-braunas/589/#Pagina=1&Index=1
marcador-395,"[PREFEITURA] - Veículos, Vans, Ônibus - Itaipé / MG",31-07-26,2026-08-07,07/08/2026,4:00,passado,MG,39815-000 - Itaipé - MG - Brasil,,,https://drive.google.com/file/d/1zBTte3RsrgjQDEH8VtnuxqzR0-adwquU/view?usp=drive_link,,mapa,,,https://drive.google.com/file/d/1zBTte3RsrgjQDEH8VtnuxqzR0-adwquU/view?usp=drive_link
marcador-396,"[PREFEITURA] - Veículos, Caminhonetes, Máquinas, Equipamentos, Sucatas - Campestre da Serra / RS",31-07-26,2026-08-07,07/08/2026,4:00,passado,RS,BR 116 KM 78 - Industrial - 95255-000 - Campestre da Serra - RS - Brasil,,,https://www.mgl.com.br/leilao/prefeitura-municipal-de-campestre-da-serra-rs/7284/#&Pagina=1&Index=1,,mapa,,,https://www.mgl.com.br/leilao/prefeitura-municipal-de-campestre-da-serra-rs/7284/#&Pagina=1&Index=1
marcador-397,"[PREFEITURA] - Veículos, Caminhonetes, Ônibus - São João da Mata / MG",31-07-26,2026-08-07,07/08/2026,4:00,passado,MG,"Maria Onilia Vieira, 500 - Centro - 37568-000 - São João da Mata - MG - Brasil",,,https://www.mgl.com.br/leilao/prefeitura-municipal-de-sao-joao-da-mata-mg/7282/#&Pagina=1&Index=1,,mapa,,,https://www.mgl.com.br/leilao/prefeitura-municipal-de-sao-joao-da-mata-mg/7282/#&Pagina=1&Index=1
marcador-398,"[PREFEITURA] - Máquinas, Veículos, Caminhões, Presencial - Vereda / BA",31-07-26,2026-08-07,07/08/2026,4:00,passado,BA,Hercules Favarato - 45955-000 - Vereda - BA - Brasil,,,https://www.hatoryleiloes.com.br/externo/leilao/108,,mapa,,,https://www.hatoryleiloes.com.br/externo/leilao/108
marcador-399,"[PREFEITURA] - Equipamentos, Máquinas, Produtos - Alto Feliz / RS",31-07-26,2026-08-07,07/08/2026,4:00,passado,RS,95773-000 - Alto Feliz - RS - Brasil,,,,,mapa,,,| OBSERVAÇÃO: Leilão vindo de retificação e prorrogação.
marcador-400,"[PREFEITURA] - MONTE APRAZÍVEL 2 - Ônibus, Equipamentos, Máquinas, Veículos, Caminhonetes, Vans, Sucatas - Monte Aprazível / SP",31-07-26,2026-08-07,07/08/2026,4:00,passado,SP,"Praça São João, 117 - Centro - 15150-033 - Monte Aprazível - SP - Brasil",,,https://www.danielgarcialeiloes.com.br/leilao/7709/lotes,,mapa,,,https://www.danielgarcialeiloes.com.br/leilao/7709/lotes
marcador-401,[PREFEITURA] - MONTE APRAZÍVEL 1 - Sucatas - Monte Aprazível / SP,31-07-26,2026-08-07,07/08/2026,4:00,passado,SP,"Praça São João, 117 - Centro - 15150-033 - Monte Aprazível - SP - Brasil",,,https://www.danielgarcialeiloes.com.br/leilao/7714/lotes,,mapa,,,https://www.danielgarcialeiloes.com.br/leilao/7714/lotes
marcador-402,[PREFEITURA] - SUCATAS - Monte Aprazível - SP,31-07-26,2026-08-07,07/08/2026,4:00,passado,SP,"Praça São João, 117 - Centro, Monte Aprazível - SP, 15150-033, Brasil",,,https://www.danielgarcialeiloes.com.br/leilao/7714/lotes,,mapa,,,https://www.danielgarcialeiloes.com.br/leilao/7714/lotes •
marcador-403,[PREFEITURA] - ÔNIBUS/EQUIPAMENTOS/MÁQUINAS/VEÍCULOS/CAMINHONETES/VANS/SUCATAS - Monte Aprazível - SP,31-07-26,2026-08-07,07/08/2026,4:00,passado,SP,"Praça São João, 117 - Centro, Monte Aprazível - SP, 15150-033, Brasil",,,https://www.danielgarcialeiloes.com.br/leilao/7709/lotes,,mapa,,,https://www.danielgarcialeiloes.com.br/leilao/7709/lotes •
marcador-404,"[ÓRGÃO PÚBLICO] - DETRAN - Motos, Veículos, Caminhonetes - São Luís / MA",31-07-26,2026-08-07,07/08/2026,5:00,passado,MA,Avenida Engenheiro Emiliano Macieira - Maracanã - 65095-602 - São Luís - MA - Brasil,,,https://www.vipleiloes.com.br/evento/detalhes/070826tdma,,mapa,,,https://www.vipleiloes.com.br/evento/detalhes/070826tdma | OBSERVAÇÃO: LOTES EM DIFEETES LOCAIS DO BRASIL.
marcador-405,[ÓRGÃO PÚBLICO] - DETRAN SP - Sucatas - Itupeva / SP,31-07-26,2026-08-07,07/08/2026,5:00,passado,SP,"Avenida Brasil, 787 - Jardim São Vicente - 13295-000 - Itupeva - SP - Brasil",,,https://www.lanceleiloes.com.br/leilao/870/lotes,,mapa,,,https://www.lanceleiloes.com.br/leilao/870/lotes | OBSERVAÇÃO: LOTES EM DIFERENTES LOCAIS DO BRASIL.
marcador-406,"[ÓRGÃO PÚBLICO] - DETRAN - Motos, Veículos, Sucatas - Manaus / AM",31-07-26,2026-08-07,07/08/2026,5:00,passado,AM,"Av. Senador Raimundo Parente, lote 45 - Alvorada - 69048-660 - Manaus - AM - Brasil",,,https://www.wrleiloes.com.br/leilao/774/leilao-departamento-estadual-de-transito-do-amazonas-detran-am,,mapa,,,https://www.wrleiloes.com.br/leilao/774/leilao-departamento-estadual-de-transito-do-amazonas-detran-am
marcador-407,[ÓRGÃO PÚBLICO] - SENAD - Aeronaves - Salvador / BA,31-07-26,2026-08-07,07/08/2026,5:00,passado,BA,40000000 - Salvador - BA - Brasil,,,https://www.bezerraleiloes.com.br/evento/leilao-aeronave-senad-004-2026-policia-federal-783866?searchType=opened&preOrderBy=orderByFirstOpenedOffers&pageNumber=1&pageSize=30&orderBy=lotNumber:asc;subLotNumber:asc,,mapa,,,https://www.bezerraleiloes.com.br/evento/leilao-aeronave-senad-004-2026-policia-federal-783866?searchType=opened&preOrderBy=orderByFirstOpenedOffers&pageNumber=1&pageSize=30&orderBy=lotNumber:asc;subLotNumber:asc
marcador-408,[EXÉRCITO] - MARINHA EMGEPRON - Sucatas - Rio de Janeiro / RJ,31-07-26,2026-08-07,07/08/2026,6:00,passado,RJ,Estrada do Quilombo - Freguesia (Ilha do Governador) - 21911-016 - Rio de Janeiro - RJ - Brasil,,,https://www.joaoemilio.com.br/leilao/5930/lotes,,mapa,,,https://www.joaoemilio.com.br/leilao/5930/lotes
marcador-409,[MARINHA] EMGEPRON - SUCATAS - Rio de Janeiro - RJ,31-07-26,2026-08-07,07/08/2026,6:00,passado,RJ,"Estrada do Quilombo, Estr. do Quilombo - Freguesia (Ilha do Governador), Rio de Janeiro - RJ, 21911-016, Brasil",,,https://www.joaoemilio.com.br/leilao/5930/lotes,,mapa,,,https://www.joaoemilio.com.br/leilao/5930/lotes •
marcador-410,"[PREFEITURA] - Veículos, Caminhonetes, Caminhões, Vans - São Miguel do Aleixo / SE",31-07-26,2026-08-07,07/08/2026,7:00,passado,SE,Av 26 de Novembro - CENTRO - 49535000 - São Miguel do Aleixo - SE - Brasil,,,https://ccjleiloes.com.br/leilao/534/lotes,,mapa,,,https://ccjleiloes.com.br/leilao/534/lotes
marcador-411,"[EMPRESA] - LIGHT ENERGIA - Produtos, Caminhões, Equipamentos - Guararema / SP",31-07-26,2026-08-07,07/08/2026,7:00,passado,SP,"CORONEL RAMALHO, 113 - CENTRO - 08900-000 - Guararema - SP - Brasil",,,https://www.sold.com.br/evento/light-energia-784577?searchType=opened&preOrderBy=orderByFirstOpenedOffers&pageNumber=1&pageSize=30&orderBy=lotNumber:asc;subLotNumber:asc&,,mapa,,,https://www.sold.com.br/evento/light-energia-784577?searchType=opened&preOrderBy=orderByFirstOpenedOffers&pageNumber=1&pageSize=30&orderBy=lotNumber:asc;subLotNumber:asc& | OBSERVAÇÃO: LOTES EM DIFERENTES LOCAIS DO BRASIL.
marcador-412,"[EMPRESA] - LIGHT ENERGIA - Produtos, Caminhões, Equipamentos - Guararema / SP",31-07-26,2026-08-07,07/08/2026,7:00,passado,SP,"CORONEL RAMALHO, 113 - CENTRO - 08900-000 - Guararema - SP - Brasil",,,https://www.sold.com.br/evento/light-energia-784577?searchType=opened&preOrderBy=orderByFirstOpenedOffers&pageNumber=1&pageSize=30&orderBy=lotNumber:asc;subLotNumber:asc&,,mapa,,,https://www.sold.com.br/evento/light-energia-784577?searchType=opened&preOrderBy=orderByFirstOpenedOffers&pageNumber=1&pageSize=30&orderBy=lotNumber:asc;subLotNumber:asc&
marcador-413,[FINANCEIRA] - Equipamentos - Guaiçara / SP,31-07-26,2026-08-07,07/08/2026,7:00,passado,SP,"Estr. Munic, km 12 - Tamara - 16430-000 - Guaiçara - SP - Brasil",,,https://www.rossileiloes.com.br/leilao/detalhe/4766,,mapa,,,https://www.rossileiloes.com.br/leilao/detalhe/4766 | OBSERVAÇÃO: LOTES EM DIFERENTES LOCAIS DO BRASIL.
marcador-414,"[PREFEITURA] - Veículos, Máquinas, Caminhões, Sucatas - Santa Rita do Passa Quatro / SP",31-07-26,2026-08-07,07/08/2026,7:00,passado,SP,"Rua Victor Meirelles, 89 - Centro - 13670-019 - Santa Rita do Passa Quatro - SP - Brasil",,,https://www.gustavomorettoleiloeiro.com.br/leiloes/5273,,mapa,,,https://www.gustavomorettoleiloeiro.com.br/leiloes/5273
marcador-415,[EMPRESA] - GP SELECT - Produtos - Belo Horizonte / MG,31-07-26,2026-08-07,07/08/2026,8:00,passado,MG,30000-000 - Belo Horizonte - MG - Brasil,,,https://www.gpleiloes.com.br/gp/#/leilao/3866,,mapa,,,https://www.gpleiloes.com.br/gp/#/leilao/3866
marcador-416,[PRODUTOS] - Produtos - São Paulo / SP,31-07-26,2026-08-07,07/08/2026,8:00,passado,SP,Rua Heitor dos Prazeres - Ferreira - 05522-000 - São Paulo - SP - Brasil,,,https://www.kwara.com.br/evento/leilao-de-itens-de-cozinha-industrial-utensilios-e-informatica-K-2833,,mapa,,,https://www.kwara.com.br/evento/leilao-de-itens-de-cozinha-industrial-utensilios-e-informatica-K-2833
marcador-417,"[PRODUTOS] - Produtos, Vans - Extrema / MG",31-07-26,2026-08-07,07/08/2026,8:00,passado,MG,Estrada Municipal Luiz Lopes Neto - Distrito Industrial Tenentes - 37645-050 - Extrema - MG - Brasil,,,https://www.kwara.com.br/evento/leilao-de-acessorios-calcados-e-roupas-dafiti-K-2906,,mapa,,,https://www.kwara.com.br/evento/leilao-de-acessorios-calcados-e-roupas-dafiti-K-2906
marcador-418,"[PRODUTOS] - Produtos, Máquinas, Equipamentos, Sucatas - Hortolândia / SP",31-07-26,2026-08-07,07/08/2026,8:00,passado,SP,"Avenida Maria Francisca da Silva, 390 - Parque Terras de Santa Maria - 13183-856 - Hortolândia - SP - Brasil",,,https://www.sodresantoro.com.br/leilao/28851?sort=lot_number_asc,,mapa,,,https://www.sodresantoro.com.br/leilao/28851?sort=lot_number_asc | OBSERVAÇÃO: LOTES EM DIFERENTES LOCAIS DO BRASIL.
marcador-419,[PRODUTOS] - Produtos - Extrema / MG,31-07-26,2026-08-07,07/08/2026,8:00,passado,MG,"Estrada Municipal Luiz Lopes Neto, 617 - Distrito Industrial Tenentes - 37640-000 - Extrema - MG - Brasil",,,https://www.hisaleiloes.com.br/leilao/2475,,mapa,,,https://www.hisaleiloes.com.br/leilao/2475
marcador-420,[PRODUTOS] - Produtos - São Paulo / SP,31-07-26,2026-08-07,07/08/2026,8:00,passado,SP,01000-001 - São Paulo - SP - Brasil,,,https://www.bolsadeleiloes.com.br/leilao/699,,mapa,,,https://www.bolsadeleiloes.com.br/leilao/699
marcador-421,[EMPRESA] - PATRUS - Produtos - Contagem / MG,31-07-26,2026-08-07,07/08/2026,9:00,passado,MG,32399-999 - Contagem - MG - Brasil,,,https://www.gpleiloes.com.br/gp/#/leilao/3868,,mapa,,,https://www.gpleiloes.com.br/gp/#/leilao/3868
marcador-422,"[EMPRESA] - EPAMIG - Equipamentos, Produtos - Prudente de Morais / MG",31-07-26,2026-08-07,07/08/2026,9:00,passado,MG,35738-000 - Prudente de Morais - MG - Brasil,,,https://www.gpleiloes.com.br/gp/#/leilao/3857,,mapa,,,https://www.gpleiloes.com.br/gp/#/leilao/3857 | OBSERVAÇÃO: LOTES EM DIFERENTES LOCAIS DO BRASIL.
marcador-423,[EMPRESA] - Máquinas - Curitiba / PR,31-07-26,2026-08-07,07/08/2026,9:00,passado,PR,80000-000 - Curitiba - PR - Brasil,,,https://www.sold.com.br/evento/compartilhado-bens-de-capital-mobilidade-784394?searchType=opened&preOrderBy=orderByFirstOpenedOffers&pageNumber=1&pageSize=30&orderBy=lotNumber:asc;subLotNumber:asc&,,mapa,,,https://www.sold.com.br/evento/compartilhado-bens-de-capital-mobilidade-784394?searchType=opened&preOrderBy=orderByFirstOpenedOffers&pageNumber=1&pageSize=30&orderBy=lotNumber:asc;subLotNumber:asc&
marcador-424,"[EMPRESA] - GPA - Equipamentos, Produtos - Embu das Artes / SP",31-07-26,2026-08-07,07/08/2026,9:00,passado,SP,"Rua Doutor João Marques Maurício, 269 - Gramado - 06816-040 - Embu das Artes - SP - Brasil",,,https://www.sold.com.br/evento/gpa-784639?searchType=opened&preOrderBy=orderByFirstOpenedOffers&pageNumber=1&pageSize=30&orderBy=lotNumber:asc;subLotNumber:asc&,,mapa,,,https://www.sold.com.br/evento/gpa-784639?searchType=opened&preOrderBy=orderByFirstOpenedOffers&pageNumber=1&pageSize=30&orderBy=lotNumber:asc;subLotNumber:asc& | OBSERVAÇÃO: LOTES EM DIFERENTES LOCAIS DO BRASIL.
marcador-425,[EMPRESA] - PETROBRAS - Equipamentos - Itaboraí / RJ,31-07-26,2026-08-07,07/08/2026,9:00,passado,RJ,Acesso A1 da RJ 116 - Alto do Jacú (Sambaetiba) - 24841-203 - Itaboraí - RJ - Brasil,,,https://www.sold.com.br/evento/petrobras-pea0199131-784280?searchType=opened&preOrderBy=orderByFirstOpenedOffers&pageNumber=1&pageSize=30&orderBy=lotNumber:asc;subLotNumber:asc&,,mapa,,,https://www.sold.com.br/evento/petrobras-pea0199131-784280?searchType=opened&preOrderBy=orderByFirstOpenedOffers&pageNumber=1&pageSize=30&orderBy=lotNumber:asc;subLotNumber:asc& | OBSERVAÇÃO: lotes em diferentes locais do BRASIL.
marcador-426,[EMPRESA] - PETROBRAS - Equipamentos - Itaboraí / RJ,31-07-26,2026-08-07,07/08/2026,9:00,passado,RJ,Acesso A1 da RJ 116 - Alto do Jacú (Sambaetiba) - 24841-203 - Itaboraí - RJ - Brasil,,,,,mapa,,,| OBSERVAÇÃO: lotes em diferentes locais do BRASIL.
marcador-427,[EMPRESA] - PETROBRAS - Produtos - Itaboraí / RJ,31-07-26,2026-08-07,07/08/2026,9:00,passado,RJ,Acesso A1 da RJ 116 - Alto do Jacú (Sambaetiba) - 24841-203 - Itaboraí - RJ - Brasil,,,https://www.sold.com.br/evento/petrobras-pea0231446-790047?searchType=opened&preOrderBy=orderByFirstOpenedOffers&pageNumber=1&pageSize=30&orderBy=lotNumber:asc;subLotNumber:asc&,,mapa,,,https://www.sold.com.br/evento/petrobras-pea0231446-790047?searchType=opened&preOrderBy=orderByFirstOpenedOffers&pageNumber=1&pageSize=30&orderBy=lotNumber:asc;subLotNumber:asc&
marcador-428,"[EMPRESA] - GRUPO AVENORTE - Caminhonetes, Caminhões, Motos, Equipamentos - Cianorte / PR",31-07-26,2026-08-07,07/08/2026,9:00,passado,PR,87200-000 - Cianorte - PR - Brasil,,,https://www.sold.com.br/evento/grupo-avenorte-784566?searchType=opened&preOrderBy=orderByFirstOpenedOffers&pageNumber=1&pageSize=30&orderBy=lotNumber:asc;subLotNumber:asc&,,mapa,,,https://www.sold.com.br/evento/grupo-avenorte-784566?searchType=opened&preOrderBy=orderByFirstOpenedOffers&pageNumber=1&pageSize=30&orderBy=lotNumber:asc;subLotNumber:asc& | OBSERVAÇÃO: LOTES EM DIFERENTES LOCAIS DO BRASIL.
marcador-429,"[EMPRESA] - CONSTRUTORA REMO - Caminhonetes, Caminhões, Produtos - Guararema / SP",31-07-26,2026-08-07,07/08/2026,9:00,passado,SP,"CORONEL RAMALHO, 113 - CENTRO - 08900-000 - Guararema - SP - Brasil",,,https://www.sold.com.br/evento/construtora-remo-784521?searchType=opened&preOrderBy=orderByFirstOpenedOffers&pageNumber=1&pageSize=30&orderBy=lotNumber:asc;subLotNumber:asc&,,mapa,,,https://www.sold.com.br/evento/construtora-remo-784521?searchType=opened&preOrderBy=orderByFirstOpenedOffers&pageNumber=1&pageSize=30&orderBy=lotNumber:asc;subLotNumber:asc& | OBSERVAÇÃO: LOTES EM DIFERENTES LOCAIS DO BRASIL.
marcador-430,"[EMPRESA] - BC2 - Caminhões, Máquinas, Equipamentos, Sucatas - Guararema / SP",31-07-26,2026-08-07,07/08/2026,9:00,passado,SP,"Coronel Ramalho, 113 - CENTRO - 08900-000 - Guararema - SP - Brasil",,,https://www.sold.com.br/evento/bc2-construtora-790425?searchType=opened&preOrderBy=orderByFirstOpenedOffers&pageNumber=1&pageSize=30&orderBy=lotNumber:asc;subLotNumber:asc&,,mapa,,,https://www.sold.com.br/evento/bc2-construtora-790425?searchType=opened&preOrderBy=orderByFirstOpenedOffers&pageNumber=1&pageSize=30&orderBy=lotNumber:asc;subLotNumber:asc& | OBSERVAÇÃO: LOTES EM DIFERENTES LOCAIS DO BRASIL.
marcador-431,[EMPRESA] - DELEI STORE - Embu das Artes / SP,31-07-26,2026-08-07,07/08/2026,9:00,passado,SP,"Rua Doutor João Marques Maurício, 269 - Gramado - 06816-040 - Embu das Artes - SP - Brasil",,,https://www.sold.com.br/evento/delei-store-784334?searchType=opened&preOrderBy=orderByFirstOpenedOffers&pageNumber=1&pageSize=30&orderBy=lotNumber:asc;subLotNumber:asc&,,mapa,,,https://www.sold.com.br/evento/delei-store-784334?searchType=opened&preOrderBy=orderByFirstOpenedOffers&pageNumber=1&pageSize=30&orderBy=lotNumber:asc;subLotNumber:asc& | OBSERVAÇÃO: LOTES EM DIFERENTES LOCAIS DO BRASIL.
marcador-432,[EMPRESA] - Produtos - Guararema / SP,31-07-26,2026-08-07,07/08/2026,9:00,passado,SP,"Rua Coronel Ramalho, 113 - CENTRO - 08900-000 - Guararema - SP - Brasil",,,https://www.sold.com.br/evento/tupy-784423?searchType=opened&preOrderBy=orderByFirstOpenedOffers&pageNumber=1&pageSize=30&orderBy=lotNumber:asc;subLotNumber:asc&,,mapa,,,https://www.sold.com.br/evento/tupy-784423?searchType=opened&preOrderBy=orderByFirstOpenedOffers&pageNumber=1&pageSize=30&orderBy=lotNumber:asc;subLotNumber:asc& | OBSERVAÇÃO: LOTES EM DIFERENTES LOCAIS DO BRAIL.
marcador-433,"[EMPRESA] - DEXCO - Ônibus, Sucatas, Produtos - Guararema / SP",31-07-26,2026-08-07,07/08/2026,9:00,passado,SP,"Rua Coronel Ramalho, 113 - CENTRO - 08900-000 - Guararema - SP - Brasil",,,https://www.sold.com.br/evento/dexco-784558?searchType=opened&preOrderBy=orderByFirstOpenedOffers&pageNumber=1&pageSize=30&orderBy=lotNumber:asc;subLotNumber:asc&,,mapa,,,https://www.sold.com.br/evento/dexco-784558?searchType=opened&preOrderBy=orderByFirstOpenedOffers&pageNumber=1&pageSize=30&orderBy=lotNumber:asc;subLotNumber:asc& | OBSERVAÇÃO: LOTES EM DIFERENTES LOCAIS DO BRASIL.
marcador-434,"[EMPRESA] - AIR PARTS COMPRESSORES - Equipamentos, Produtos, Imóveis - Rio de Janeiro / RJ",31-07-26,2026-08-07,07/08/2026,9:00,passado,RJ,20000-000 - Rio de Janeiro - RJ - Brasil,,,https://www.dantasleiloes.com.br/evento/compressores-secadores-perfuradoras-etc-789804?searchType=opened&preOrderBy=orderByFirstOpenedOffers&pageNumber=1&pageSize=30&orderBy=lotNumber:asc;subLotNumber:asc,,mapa,,,https://www.dantasleiloes.com.br/evento/compressores-secadores-perfuradoras-etc-789804?searchType=opened&preOrderBy=orderByFirstOpenedOffers&pageNumber=1&pageSize=30&orderBy=lotNumber:asc;subLotNumber:asc
marcador-435,[PREFEITURA] - SÃO BERNADO DO CAMPO - Campinas / SP,31-07-26,2026-08-08,08/08/2026,4:00,passado,SP,13000-001 - Campinas - SP - Brasil,,,https://www.hastasp.com.br/evento/sucata-leilao-01-2026-municipal-sao-bern-do-campo-784148?searchType=opened&preOrderBy=orderByFirstOpenedOffers&pageNumber=1&pageSize=30&orderBy=lotNumber:asc;subLotNumber:asc,,mapa,,,https://www.hastasp.com.br/evento/sucata-leilao-01-2026-municipal-sao-bern-do-campo-784148?searchType=opened&preOrderBy=orderByFirstOpenedOffers&pageNumber=1&pageSize=30&orderBy=lotNumber:asc;subLotNumber:asc
marcador-436,"[ÓRGÃO PÚBLICO] - PRF - Veículos, Motos, Caminhonetes - Arcoverde / PE",31-07-26,2026-08-08,08/08/2026,5:00,passado,PE,"Rua Neuza Ferraz, 08 - São Cristóvão - 56512270 - Arcoverde - PE - Brasil",,,https://www.lancecertoleiloes.com.br/leilao/050826PRFVE?pag=1,,mapa,,,https://www.lancecertoleiloes.com.br/leilao/050826PRFVE?pag=1 | OBSERVAÇÃO: LOTES EM DIFERENTES LOCAI.
marcador-437,"[EMPRESA] - PRF - Veículos, Motos, Caminhonetes - Arcoverde / PE",31-07-26,2026-08-08,08/08/2026,5:00,passado,PE,"Rua Neuza Ferraz, 08 - São Cristóvão - 56512270 - Arcoverde - PE - Brasil",,,https://www.lancecertoleiloes.com.br/leilao/050826PRFVE?pag=1,,mapa,,,https://www.lancecertoleiloes.com.br/leilao/050826PRFVE?pag=1 | OBSERVAÇÃO: LOTES EM DIFERENTES LOCAI.
marcador-438,[EMPRESA] - PRF - Arcoverde / PE,31-07-26,2026-08-08,08/08/2026,5:00,passado,PE,"Rua Neuza Ferraz, 08 - São Cristóvão - 56512270 - Arcoverde - PE - Brasil",,,https://www.lancecertoleiloes.com.br/leilao/050826PRFVE?pag=1,,mapa,,,https://www.lancecertoleiloes.com.br/leilao/050826PRFVE?pag=1 | OBSERVAÇÃO: LOTES EM DIFERENTES LOCAI.
marcador-439,[PRODUTOS] - Produtos - Sorocaba / SP,31-07-26,2026-08-08,08/08/2026,8:00,passado,SP,"Rua Paulo Ruan Faria, 111 - Parque Empresarial das Mangueiras - 18086-420 - Sorocaba - SP - Brasil",,,https://www.lance360.com.br/leilao/710,,mapa,,,https://www.lance360.com.br/leilao/710
marcador-440,[EMPRESA] - Mogi das Cruzes / SP,31-07-26,2026-08-08,08/08/2026,9:00,passado,SP,Avenida Francisco Ferreira Lopes - Braz Cubas - 08740-000 - Mogi das Cruzes - SP - Brasil,,,https://loopleiloes.com.br/eventos,,mapa,,,https://loopleiloes.com.br/eventos
marcador-441,"[PREFEITURA] - SÃO BERNADO DO CAMPO - Sucatas, Motos - Campinas / SP",31-07-26,2026-08-09,09/08/2026,4:00,passado,SP,13000-001 - Campinas - SP - Brasil,,,https://www.hastasp.com.br/evento/sucata-leilao-01-2026-municipal-sao-bern-do-campo-789918?searchType=opened&preOrderBy=orderByFirstOpenedOffers&pageNumber=1&pageSize=30&orderBy=lotNumber:asc;subLotNumber:asc,,mapa,,,https://www.hastasp.com.br/evento/sucata-leilao-01-2026-municipal-sao-bern-do-campo-789918?searchType=opened&preOrderBy=orderByFirstOpenedOffers&pageNumber=1&pageSize=30&orderBy=lotNumber:asc;subLotNumber:asc
marcador-442,[PREFEITURA] - SÃO BERNADO DO CAMPO - Motos - Campinas / SP,31-07-26,2026-08-10,10/08/2026,4:00,passado,SP,13000-001 - Campinas - SP - Brasil,,,https://www.hastasp.com.br/evento/sucata-leilao-01-2026-municipal-sao-bern-do-campo-789919?searchType=opened&preOrderBy=orderByFirstOpenedOffers&pageNumber=1&pageSize=30&orderBy=lotNumber:asc;subLotNumber:asc,,mapa,,,https://www.hastasp.com.br/evento/sucata-leilao-01-2026-municipal-sao-bern-do-campo-789919?searchType=opened&preOrderBy=orderByFirstOpenedOffers&pageNumber=1&pageSize=30&orderBy=lotNumber:asc;subLotNumber:asc
marcador-443,"[ÓRGÃO PÚBLICO] - DETRAN - Sucatas, Motos, Veículos - Morada Nova de Minas / MG",31-07-26,2026-08-10,10/08/2026,4:00,passado,MG,35628-000 - Morada Nova de Minas - MG - Brasil,,,https://drive.google.com/file/d/1hEamAwCmd2bt3a137m8OKWftpWf73BLh/view?usp=drive_link,,mapa,,,https://drive.google.com/file/d/1hEamAwCmd2bt3a137m8OKWftpWf73BLh/view?usp=drive_link
marcador-444,"[ÓRGÃO PÚBLICO] - UEM - Equipamentos, Produtos, Presencial - Maringá / PR",31-07-26,2026-08-10,10/08/2026,4:00,passado,PR,"Avenida Colombo, 5790 - Zona 7 - 87020-900 - Maringá - PR - Brasil",,,https://drive.google.com/file/d/1TfaRGtui8rVoxWfRVzAhwcT_k6_9QhSo/view?usp=drive_link,,mapa,,,https://drive.google.com/file/d/1TfaRGtui8rVoxWfRVzAhwcT_k6_9QhSo/view?usp=drive_link
marcador-445,"[PREFEITURA] - Produtos, Sucatas - Luisburgo / MG",31-07-26,2026-08-10,10/08/2026,4:00,passado,MG,36923-000 - Luisburgo - MG - Brasil,,,https://drive.google.com/file/d/1szKOyFGPLa45WcdIFmmhBimbZ0bNiRxC/view?usp=drive_link,,mapa,,,https://drive.google.com/file/d/1szKOyFGPLa45WcdIFmmhBimbZ0bNiRxC/view?usp=drive_link
marcador-446,"[PREFEITURA] - Ônibus, Sucatas - Santo Antônio do Jacinto / MG",31-07-26,2026-08-10,10/08/2026,4:00,passado,MG,39935-000 - Santo Antônio do Jacinto - MG - Brasil,,,https://www.sandroleiloeiro.com.br/leilao/prefeitura-municipal-de-santo-antonio-do-jacinto-mg-17-07-2026-10-20-41/lotes/lista,,mapa,,,https://www.sandroleiloeiro.com.br/leilao/prefeitura-municipal-de-santo-antonio-do-jacinto-mg-17-07-2026-10-20-41/lotes/lista
marcador-447,"[PREFEITURA] - Caminhonetes, Veículos, Vans, Ônibus - Virgolândia / MG",31-07-26,2026-08-10,10/08/2026,4:00,passado,MG,"PADRE BARROS, S/N - 39715-000 - Virgolândia - MG - Brasil",,,https://www.sandroleiloeiro.com.br/leilao/prefeitura-municipal-de-virgolandia-mg-16-07-2026-10-45-45/lotes/lista,,mapa,,,https://www.sandroleiloeiro.com.br/leilao/prefeitura-municipal-de-virgolandia-mg-16-07-2026-10-45-45/lotes/lista
marcador-448,"[PREFEITURA] - Vans, Veículos, Caminhonetes, Sucatas - Cambuí / MG",31-07-26,2026-08-10,10/08/2026,4:00,passado,MG,"Felipe dos Santos, 271 - 37600-000 - Cambuí - MG - Brasil",,,https://www.mgl.com.br/leilao/prefeitura-municipal-de-cambui-mg/7291/#&Pagina=1&Index=1,,mapa,,,https://www.mgl.com.br/leilao/prefeitura-municipal-de-cambui-mg/7291/#&Pagina=1&Index=1
marcador-449,"[PREFEITURA] - Produtos, Equipamentos, Máquinas, Veículos, Vans, Sucatas - Picada Café / RS",31-07-26,2026-08-10,10/08/2026,4:00,passado,RS,95166-000 - Picada Café - RS - Brasil,,,https://drive.google.com/file/d/1Ct-6GIqmd5tJAcdnCVv-Th6qBWVSBoeR/view?usp=drive_link,,mapa,,,https://drive.google.com/file/d/1Ct-6GIqmd5tJAcdnCVv-Th6qBWVSBoeR/view?usp=drive_link
marcador-450,"[PREFEITURA] - Vans, Veículos, Ônibus, Caminhões, Equipamentos, Sucatas - Paranacity / PR",31-07-26,2026-08-10,10/08/2026,4:00,passado,PR,87660-000 - Paranacity - PR - Brasil,,,https://lbleiloes.com.br/leilao/25/prefeitura-municipal-de-paranacity-pr,,mapa,,,https://lbleiloes.com.br/leilao/25/prefeitura-municipal-de-paranacity-pr
marcador-451,"[PREFEITURA] - Imóveis, Presencial - Dois Vizinhos / PR",31-07-26,2026-08-10,10/08/2026,4:00,passado,PR,85660-000 - Dois Vizinhos - PR - Brasil,,,https://drive.google.com/file/d/1KDqx8ragB3saPffthMKmyCxT1A9jzwpu/view?usp=drive_link,,mapa,,,https://drive.google.com/file/d/1KDqx8ragB3saPffthMKmyCxT1A9jzwpu/view?usp=drive_link
marcador-452,"[PREFEITURA] - Veículos, Caminhões, Máquinas, Ônibus, Equipamentos, Sucatas - Botuverá / SC",31-07-26,2026-08-10,10/08/2026,4:00,passado,SC,"Francisco Vicentini, S/N - Centro - 88295-000 - Botuverá - SC - Brasil",,,https://www.eckertleiloes.com.br/evento/municipio-de-botuvera-sc-784181?searchType=opened&preOrderBy=orderByFirstOpenedOffers&pageNumber=1&pageSize=30&orderBy=lotNumber:asc;subLotNumber:asc&,,mapa,,,https://www.eckertleiloes.com.br/evento/municipio-de-botuvera-sc-784181?searchType=opened&preOrderBy=orderByFirstOpenedOffers&pageNumber=1&pageSize=30&orderBy=lotNumber:asc;subLotNumber:asc&
marcador-453,"[PREFEITURA] - Caminhões, Ônibus, Veículos, Vans, Caminhonetes, Equipamentos, Sucatas - Francisco Alves / PR",31-07-26,2026-08-10,10/08/2026,4:00,passado,PR,87570-000 - Francisco Alves - PR - Brasil,,,https://drive.google.com/file/d/1drSW8pA76beDMOQfIZIzK3WpAJbQJx7r/view?usp=drive_link,,mapa,,,https://drive.google.com/file/d/1drSW8pA76beDMOQfIZIzK3WpAJbQJx7r/view?usp=drive_link
marcador-454,"[PREFEITURA] - Veículos, Vans, Equipamentos, Máquinas, Produtos, Imóveis - Santópolis do Aguapeí / SP",31-07-26,2026-08-10,10/08/2026,4:00,passado,SP,"Avenida Antônio Francisco dos Santos Júnior, 112 - Centro - 16240-023 - Santópolis do Aguapeí - SP - Brasil",,,https://leiloesoliveira.com.br/eventos/leilao/5/prefeitura-de-tres-fronteiras-sp,,mapa,,,https://leiloesoliveira.com.br/eventos/leilao/5/prefeitura-de-tres-fronteiras-sp
marcador-455,"[PREFEITURA] - Imóveis, Presencial - Turmalina / SP",31-07-26,2026-08-10,10/08/2026,4:00,passado,SP,15755-000 - Turmalina - SP - Brasil,,,https://drive.google.com/file/d/1tt7yLpF-6O4w8mz73NYd_FsP6-lqIk2E/view?usp=drive_link,,mapa,,,https://drive.google.com/file/d/1tt7yLpF-6O4w8mz73NYd_FsP6-lqIk2E/view?usp=drive_link
marcador-456,"[PREFEITURA] - Imóveis, Presencial - Turmalina / SP",31-07-26,2026-08-10,10/08/2026,4:00,passado,SP,15755-000 - Turmalina - SP - Brasil,,,https://drive.google.com/file/d/1tt7yLpF-6O4w8mz73NYd_FsP6-lqIk2E/view?usp=drive_link,,mapa,,,https://drive.google.com/file/d/1tt7yLpF-6O4w8mz73NYd_FsP6-lqIk2E/view?usp=drive_link
marcador-457,"[PREFEITURA] - Veículos, Caminhonetes, Vans, Ônibus, Sucatas, Equipamentos - Rio Bonito do Iguaçu / PR",31-07-26,2026-08-10,10/08/2026,4:00,passado,PR,85340000 - Rio Bonito do Iguaçu - PR - Brasil,,,https://www.andreluizleiloes.com.br/evento/municipio-de-rio-bonito-do-iguacu-784186?searchType=opened&preOrderBy=orderByFirstOpenedOffers&pageNumber=1&pageSize=30&orderBy=lotNumber:asc;subLotNumber:asc,,mapa,,,https://www.andreluizleiloes.com.br/evento/municipio-de-rio-bonito-do-iguacu-784186?searchType=opened&preOrderBy=orderByFirstOpenedOffers&pageNumber=1&pageSize=30&orderBy=lotNumber:asc;subLotNumber:asc
marcador-458,[PREFEITURA] - Imóveis - Rio Verde / GO,31-07-26,2026-08-10,10/08/2026,4:00,passado,GO,Rua Osório Coelho de Moraes - Setor Central - 75901020 - Rio Verde - GO - Brasil,,,https://drive.google.com/file/d/1_3g0kFQEELew9V5wPFldmlFKy_gTWmui/view?usp=drive_link,,mapa,,,https://drive.google.com/file/d/1_3g0kFQEELew9V5wPFldmlFKy_gTWmui/view?usp=drive_link
marcador-459,"[PREFEITURA] - Caminhonetes, Veículos, Ônibus, Máquinas, Produtos, Sucatas, Equipamentos - Senador Modestino Gonçalves / MG",31-07-26,2026-08-10,10/08/2026,4:00,passado,MG,"Av. Nossa Senhora das Mercês, 128 - Centro - 39190-000 - Senador Modestino Gonçalves - MG - Brasil",,,https://www.casaleiloeira.com.br/evento/veiculos-da-prefeitura-municipal-de-senador-modes-789721?searchType=opened&preOrderBy=orderByFirstOpenedOffers&pageNumber=1&pageSize=30&orderBy=lotNumber:asc;subLotNumber:asc&,,mapa,,,https://www.casaleiloeira.com.br/evento/veiculos-da-prefeitura-municipal-de-senador-modes-789721?searchType=opened&preOrderBy=orderByFirstOpenedOffers&pageNumber=1&pageSize=30&orderBy=lotNumber:asc;subLotNumber:asc&
marcador-460,"[PREFEITURA] - Caminhonetes, Ônibus, Veículos, Vans, Produtos, Sucatas - Fortim / CE",31-07-26,2026-08-10,10/08/2026,4:00,passado,CE,62815-000 - Fortim - CE - Brasil,,,https://mjleiloes.com.br/leiloes/123?slug=leilao-da-prefeitura-de-fortim-ce-em-loteamento-bens-inserviveis-veiculos-moveis-e-outros,,mapa,,,https://mjleiloes.com.br/leiloes/123?slug=leilao-da-prefeitura-de-fortim-ce-em-loteamento-bens-inserviveis-veiculos-moveis-e-outros
marcador-461,"[PREFEITURA] - Imóveis, Presencial - Turmalina / SP",31-07-26,2026-08-10,10/08/2026,4:00,passado,SP,"Avenida Santa Helena, 611 - Centro - 15755-003 - Turmalina - SP - Brasil",,,https://drive.google.com/file/d/1tt7yLpF-6O4w8mz73NYd_FsP6-lqIk2E/view?usp=drive_link,,mapa,,,https://drive.google.com/file/d/1tt7yLpF-6O4w8mz73NYd_FsP6-lqIk2E/view?usp=drive_link
marcador-462,"[PREFEITURA] - Imóveis, Presencial - Turmalina / SP",31-07-26,2026-08-10,10/08/2026,4:00,passado,SP,15755-003 - Turmalina - SP - Brasil,,,https://drive.google.com/file/d/1tt7yLpF-6O4w8mz73NYd_FsP6-lqIk2E/view?usp=drive_link,,mapa,,,https://drive.google.com/file/d/1tt7yLpF-6O4w8mz73NYd_FsP6-lqIk2E/view?usp=drive_link
marcador-463,"[PREFEITURA] - Imóveis, Presencial - Turmalina / SP",31-07-26,2026-08-10,10/08/2026,4:00,passado,SP,15755-000 - Turmalina - SP - Brasil,,,https://drive.google.com/file/d/1tt7yLpF-6O4w8mz73NYd_FsP6-lqIk2E/view?usp=drive_link,,mapa,,,https://drive.google.com/file/d/1tt7yLpF-6O4w8mz73NYd_FsP6-lqIk2E/view?usp=drive_link
marcador-464,[PREFEITURA] - IMÓVEIS	- Rio Verde - GO,31-07-26,2026-08-10,10/08/2026,4:00,passado,GO,"Rio Verde, GO, Brasil",,,https://drive.google.com/file/d/1_3g0kFQEELew9V5wPFldmlFKy_gTWmui/view?usp=drive_link,,mapa,,,https://drive.google.com/file/d/1_3g0kFQEELew9V5wPFldmlFKy_gTWmui/view?usp=drive_link •
marcador-465,"[ÓRGÃO PÚBLICO] - DETRAN - MA - Motos, Veículos - São Luís / MA",31-07-26,2026-08-10,10/08/2026,5:00,passado,MA,"Avenida Engenheiro Emiliano Macieira, 301 - Maracanã - 65095602 - São Luís - MA - Brasil",,,https://www.vipleiloes.com.br/evento/detalhes/100826tdma,,mapa,,,https://www.vipleiloes.com.br/evento/detalhes/100826tdma
marcador-466,"[ÓRGÃO PÚBLICO] - UEM - Equipamentos, Produtos, Presencial - Maringá / PR",31-07-26,2026-08-10,10/08/2026,5:00,passado,PR,"Avenida Colombo, 5790 - Zona 7 - 87020-900 - Maringá - PR - Brasil",,,https://drive.google.com/file/d/1TfaRGtui8rVoxWfRVzAhwcT_k6_9QhSo/view?usp=drive_link,,mapa,,,https://drive.google.com/file/d/1TfaRGtui8rVoxWfRVzAhwcT_k6_9QhSo/view?usp=drive_link
marcador-467,[ÓRGÃO PÚBLICO] - RECEITA FEDERAL - Produtos - Belo Horizonte / MG,31-07-26,2026-08-10,10/08/2026,5:00,passado,MG,"Rua Itapecerica, 508 - Lagoinha - 31210-030 - Belo Horizonte - MG - Brasil",,,https://www25.receita.fazenda.gov.br/sle-sociedade/portal/edital/600100/3/2026,,mapa,,,https://www25.receita.fazenda.gov.br/sle-sociedade/portal/edital/600100/3/2026
marcador-468,"[ÓRGÃO PÚBLICO] - SENAD - Veículos, Caminhonetes, Caminhões, Equipamentos - Vila Velha / ES",31-07-26,2026-08-10,10/08/2026,5:00,passado,ES,"Avenida Delegado Federal Geraldo Guimarães, 01 - São Torquato - 29114105 - Vila Velha - ES - Brasil",,,https://www.rofremleiloes.com.br/eventos/leilao/185/secretaria-nacional-de-politicas-sobre-drogas-e-gestao-de-ativos-senad,,mapa,,,https://www.rofremleiloes.com.br/eventos/leilao/185/secretaria-nacional-de-politicas-sobre-drogas-e-gestao-de-ativos-senad
marcador-469,[FINANCEIRA] - Veículos - Belo Horizonte / MG,31-07-26,2026-08-10,10/08/2026,7:00,passado,MG,30000000 - Belo Horizonte - MG - Brasil,,,https://www.bolsadeleiloes.com.br/leilao/707,,mapa,,,https://www.bolsadeleiloes.com.br/leilao/707
marcador-470,[PRODUTOS] - Equipamentos - Formiga / MG,31-07-26,2026-08-10,10/08/2026,8:00,passado,MG,Rua João Fernandes Souto - Centro - 35570-001 - Formiga - MG - Brasil,,,https://www.pwleiloes.com.br/lote/leilao-de-equipamentos-para-producao-de-argamassa/8700/,,mapa,,,https://www.pwleiloes.com.br/lote/leilao-de-equipamentos-para-producao-de-argamassa/8700/
marcador-471,"[ÓRGÃO PÚBLICO] - DETRAN - Sucatas, Motos, Veículos - São Paulo / SP",31-07-26,2026-08-10,10/08/2026,8:00,passado,SP,Rua João Brícola - Centro - 01014-010 - São Paulo - SP - Brasil,,,https://www.eduardosorgileiloeiro.com.br/leiloes/3463,,mapa,,,https://www.eduardosorgileiloeiro.com.br/leiloes/3463 | OBSERVAÇÃO: LOTES EM DIFERENTES LOCAIAS DO BRASIL.
marcador-472,[PRODUTOS] - São Paulo / SP,31-07-26,2026-08-10,10/08/2026,8:00,passado,SP,"Rua Vinte e Quatro de Maio, 247 - República - 01041-001 - São Paulo - SP - Brasil",,,https://www.rivaldodantasleiloes.com.br/leilao.asp?Num=63399,,mapa,,,https://www.rivaldodantasleiloes.com.br/leilao.asp?Num=63399
marcador-473,[PRODUTOS] - MANERA - Produtos - Campo Largo / PR,31-07-26,2026-08-10,10/08/2026,8:00,passado,PR,"Rua Ayrton Senna da Silva, 3540 - Jardim Busmayer - 83606390 - Campo Largo - PR - Brasil",,,https://tulioleiloes.com.br/leilao/125/leilao-extrajudicial-particular,,mapa,,,https://tulioleiloes.com.br/leilao/125/leilao-extrajudicial-particular
marcador-474,[EMPRESA] - Caminhonetes - Sete Lagoas / MG,31-07-26,2026-08-10,10/08/2026,9:00,passado,MG,Avenida Coronel Altino França - Centro - 35700-642 - Sete Lagoas - MG - Brasil,,,https://www.pwleiloes.com.br/lote/leilao-caminhonete-s10/8801/,,mapa,,,https://www.pwleiloes.com.br/lote/leilao-caminhonete-s10/8801/
marcador-475,"[EMPRESA] - Motos, Veículos, Caminhonetes - Teófilo Otoni / MG",31-07-26,2026-08-10,10/08/2026,9:00,passado,MG,Praça Tiradentes - Centro - 39800-001 - Teófilo Otoni - MG - Brasil,,,https://www.pwleiloes.com.br/leilao/leilao-de-motos-e-carros/581/#Pagina=1&Index=1,,mapa,,,https://www.pwleiloes.com.br/leilao/leilao-de-motos-e-carros/581/#Pagina=1&Index=1
marcador-476,[PRODUTOS] - Produtos - Serra / ES,31-07-26,2026-08-10,10/08/2026,9:00,passado,ES,Rua Samuel Meira Brasil - Taquara II - 29167-650 - Serra - ES - Brasil,,,https://www.kwara.com.br/evento/leilao-de-moveis-e-itens-de-decoracao-casa-e-cozinha-italinea-K-2874,,mapa,,,https://www.kwara.com.br/evento/leilao-de-moveis-e-itens-de-decoracao-casa-e-cozinha-italinea-K-2874
marcador-477,"[EMPRESA] - FERRARI AGROINDUSTRIA - Veículos, Caminhões, Máquinas, Equipamentos, Produtos - Embu das Artes / SP",31-07-26,2026-08-10,10/08/2026,9:00,passado,SP,"Rua Doutor João Marques Maurício, 269 - Gramado - 06816-040 - Embu das Artes - SP - Brasil",,,https://www.sold.com.br/evento/ferrari-agroindustria-784353?searchType=opened&preOrderBy=orderByFirstOpenedOffers&pageNumber=1&pageSize=30&orderBy=lotNumber:asc;subLotNumber:asc&,,mapa,,,https://www.sold.com.br/evento/ferrari-agroindustria-784353?searchType=opened&preOrderBy=orderByFirstOpenedOffers&pageNumber=1&pageSize=30&orderBy=lotNumber:asc;subLotNumber:asc&
marcador-478,"[EMPRESA] - GM - Equipamentos, Produtos - Guararema / SP",31-07-26,2026-08-10,10/08/2026,9:00,passado,SP,"coronel ramalho, 113 - centro  - 08900-000 - Guararema - SP - Brasil",,,https://www.sold.com.br/evento/gm-789353?searchType=opened&preOrderBy=orderByFirstOpenedOffers&pageNumber=1&pageSize=30&orderBy=lotNumber:asc;subLotNumber:asc&,,mapa,,,https://www.sold.com.br/evento/gm-789353?searchType=opened&preOrderBy=orderByFirstOpenedOffers&pageNumber=1&pageSize=30&orderBy=lotNumber:asc;subLotNumber:asc& | OBSERVAÇÃO: LOTES EM DIFERENTES LOCAIS DO BRASIL.
marcador-479,[EMPRESA] - TECVIA - Máquinas - Guararema / SP,31-07-26,2026-08-10,10/08/2026,9:00,passado,SP,"coronel ramalho, 113 - centro - 08900-000 - Guararema - SP - Brasil",,,https://www.sold.com.br/evento/tecvia-789888?searchType=opened&preOrderBy=orderByFirstOpenedOffers&pageNumber=1&pageSize=30&orderBy=lotNumber:asc;subLotNumber:asc&,,mapa,,,https://www.sold.com.br/evento/tecvia-789888?searchType=opened&preOrderBy=orderByFirstOpenedOffers&pageNumber=1&pageSize=30&orderBy=lotNumber:asc;subLotNumber:asc&
marcador-480,[EMPRESA] - SEG AUTOMOTIVE - Equipamentos - Itupeva / SP,31-07-26,2026-08-10,10/08/2026,9:00,passado,SP,Rua Oresta Zachi Liboni - Residencial Jardim Perolla II - 13295-001 - Itupeva - SP - Brasil,,,https://www.sold.com.br/evento/seg-automotive-784218?searchType=opened&preOrderBy=orderByFirstOpenedOffers&pageNumber=1&pageSize=30&orderBy=lotNumber:asc;subLotNumber:asc&,,mapa,,,https://www.sold.com.br/evento/seg-automotive-784218?searchType=opened&preOrderBy=orderByFirstOpenedOffers&pageNumber=1&pageSize=30&orderBy=lotNumber:asc;subLotNumber:asc&
marcador-481,"[EMPRESA] - Produtos, Sucatas, Máquinas - Bragança Paulista / SP",31-07-26,2026-08-10,10/08/2026,9:00,passado,SP,Rua Argemiro Rocha de Moraes - Cidade Planejada II - 12922-670 - Bragança Paulista - SP - Brasil,,,https://www.sodresantoro.com.br/leilao/28858?sort=lot_number_asc,,mapa,,,https://www.sodresantoro.com.br/leilao/28858?sort=lot_number_asc | OBSERVAÇÃO: LOTES EM DIFERENTES LOCAIS DO BRASIL.
marcador-482,"[EMPRESA] - SENAI - Vans, Produtos, Sucatas - Goiana / PE",31-07-26,2026-08-10,10/08/2026,9:00,passado,PE,Rodovia PE 62 - 55900-000 - Goiana - PE - Brasil,,,https://www.lancecertoleiloes.com.br/home,,mapa,,,https://www.lancecertoleiloes.com.br/home
marcador-483,"[EMPRESA] - Caminhões, Máquinas, Produtos, Sucatas - São Paulo / SP",31-07-26,2026-08-10,10/08/2026,9:00,passado,SP,"Rua Vitório, 142 - Vila Prel - 05780-410 - São Paulo - SP - Brasil",,,https://www.lanceleiloes.com.br/leilao/862/lotes,,mapa,,,https://www.lanceleiloes.com.br/leilao/862/lotes
marcador-484,"[EMPRESA] - VOTORANTIM - Caminhões, Equipamentos - Sobral / CE",31-07-26,2026-08-10,10/08/2026,9:00,passado,CE,62000-000 - Sobral - CE - Brasil,,,https://mercado.bomvalor.com.br/leilao-votorantim-cimentos-sucatas-pesados-em-geral-36405,,mapa,,,https://mercado.bomvalor.com.br/leilao-votorantim-cimentos-sucatas-pesados-em-geral-36405 | OBSERVAÇÃO: LOTES EM DIFERENTES LOCAIS DO BRASIL.
marcador-485,[EMPRESA] - VALE - Produtos - Canaã dos Carajás / PA,31-07-26,2026-08-10,10/08/2026,9:00,passado,PA,68537-000 - Canaã dos Carajás - PA - Brasil,,,https://mercado.bomvalor.com.br/partes-e-pecas-de-mro-vale-36390,,mapa,,,https://mercado.bomvalor.com.br/partes-e-pecas-de-mro-vale-36390 | OBSERVAÇÃO: LOTES EM DIFERENTES LOCAIS DO BRASIL.
marcador-486,[PRODUTOS] - MANERA - Produtos - Campo Largo / PR,31-07-26,2026-08-10,10/08/2026,9:00,passado,PR,"Rua Ayrton Senna da Silva, 3540 - Jardim Busmayer - 83606390 - Campo Largo - PR - Brasil",,,https://tulioleiloes.com.br/leilao/125/leilao-extrajudicial-particular,,mapa,,,https://tulioleiloes.com.br/leilao/125/leilao-extrajudicial-particular
marcador-487,"[PREFEITURA] - SÃO BERNADO DO CAMPOS - Veículos, Caminhonetes - Campinas / SP",31-07-26,2026-08-11,11/08/2026,4:00,passado,SP,13000-001 - Campinas - SP - Brasil,,,https://www.hastasp.com.br/evento/leilao-02-2026-munic-sao-b-do-campo-conservados-784297?searchType=opened&preOrderBy=orderByFirstOpenedOffers&pageNumber=4&pageSize=30&orderBy=lotNumber:asc;subLotNumber:asc,,mapa,,,https://www.hastasp.com.br/evento/leilao-02-2026-munic-sao-b-do-campo-conservados-784297?searchType=opened&preOrderBy=orderByFirstOpenedOffers&pageNumber=4&pageSize=30&orderBy=lotNumber:asc;subLotNumber:asc
marcador-488,"[PREFEITURA] - Veículos, Caminhonetes, Vans, Caminhões, Máquinas, Equipamentos, Sucatas, Presencial - Santa Helena / PB",31-07-26,2026-08-11,11/08/2026,4:00,passado,PB,"Rua Gonçalo José Vitóriano, 236 - Centro - 58925-000 - Santa Helena - PB - Brasil",,,https://drive.google.com/file/d/1CWQnB2hsjUrwJeocZDGACSdrqjxSY0iU/view?usp=drive_link,,mapa,,,https://drive.google.com/file/d/1CWQnB2hsjUrwJeocZDGACSdrqjxSY0iU/view?usp=drive_link
marcador-489,"[PREFEITURA] - Veículos, Vans, Produtos, Sucatas, Máquinas - Tanquinho / BA",31-07-26,2026-08-11,11/08/2026,4:00,passado,BA,44160-000 - Tanquinho - BA - Brasil,,,https://www.kildareleiloes.com.br/leilao/4765/lotes,,mapa,,,https://www.kildareleiloes.com.br/leilao/4765/lotes
marcador-490,[PREFEITURA] - SEMMATRAN 2 - Sucatas - São Gonçalo / RJ,31-07-26,2026-08-11,11/08/2026,4:00,passado,RJ,"Rua Doutor Nilo Peçanha, 246 - Centro - 24445-360 - São Gonçalo - RJ - Brasil",,,https://eblonline.com.br/lotes/327?page=1&size=6&removerEncerrados=false,,mapa,,,https://eblonline.com.br/lotes/327?page=1&size=6&removerEncerrados=false
marcador-491,"[PREFEITURA] - SEMTRAN - Veículos, Motos - São Gonçalo / RJ",31-07-26,2026-08-11,11/08/2026,4:00,passado,RJ,"Rua Doutor Nilo Peçanha, 246 - Centro - 24445-360 - São Gonçalo - RJ - Brasil",,,https://eblonline.com.br/lotes/326?page=1&size=6&removerEncerrados=false,,mapa,,,https://eblonline.com.br/lotes/326?page=1&size=6&removerEncerrados=false
marcador-492,"[PREFEITURA] - Veículos, Caminhões, Máquinas, Produtos, Equipamentos, Sucatas, Presencial - Paverama / RS",31-07-26,2026-08-11,11/08/2026,4:00,passado,RS,95865-000 - Paverama - RS - Brasil,,,https://www.rangelleiloes.com.br/leilao/leilao-do-municipio-de-paverama-rs-20-07-2026-15-39-28/lotes/lista,,mapa,,,https://www.rangelleiloes.com.br/leilao/leilao-do-municipio-de-paverama-rs-20-07-2026-15-39-28/lotes/lista
marcador-493,"[PREFEITURA] - Caminhonetes, Máquinas, Veículos, Vans - Santa Cruz de Monte Castelo / PR",31-07-26,2026-08-11,11/08/2026,4:00,passado,PR,"Paulo Libânio, 700 - Centro - 87920-000 - Santa Cruz de Monte Castelo - PR - Brasil",,,https://drive.google.com/file/d/1BPnsFj8_ZI9PV4uCQCwuEN9D1Uk_Ej9I/view?usp=drive_link,,mapa,,,https://drive.google.com/file/d/1BPnsFj8_ZI9PV4uCQCwuEN9D1Uk_Ej9I/view?usp=drive_link
marcador-494,"[PREFEITURA] - Veículos, Caminhonetes, Ônibus, Máquinas, Equipamentos, Presencial - Lambari D'Oeste / MT",31-07-26,2026-08-11,11/08/2026,4:00,passado,MT,"Francisco Moreira Neto, S/N - Boa Esperança - 78278-000 - Lambari D'Oeste - MT - Brasil",,,https://drive.google.com/file/d/1YyXXZ0MZ9-Fswn4zXcwrbm84LIBIWmtB/view?usp=drive_link,,mapa,,,https://drive.google.com/file/d/1YyXXZ0MZ9-Fswn4zXcwrbm84LIBIWmtB/view?usp=drive_link
marcador-495,"[PREFEITURA] - Caminhonetes, Vans, Veículos - Porto Alegre do Tocantins / TO",31-07-26,2026-08-11,11/08/2026,4:00,passado,TO,77395-000 - Porto Alegre do Tocantins - TO - Brasil,,,https://victordortaleiloes.com.br/leilao/1420/lotes,,mapa,,,https://victordortaleiloes.com.br/leilao/1420/lotes
marcador-496,[PREFEITURA] - Imóveis - Divinésia / MG,31-07-26,2026-08-11,11/08/2026,4:00,passado,MG,36546-000 - Divinésia - MG - Brasil,,,https://drive.google.com/file/d/1cBUxaA4Z9Ez6tU9dxzH78AtXhwBQeL-H/view?usp=drive_link,,mapa,,,https://drive.google.com/file/d/1cBUxaA4Z9Ez6tU9dxzH78AtXhwBQeL-H/view?usp=drive_link | OBSERVAÇÃO: LOTES EM DIFERENTES LOCAIS DA CIDADE.
marcador-497,"[PREFEITURA] - Produtos, Equipamentos, Ônibus, Vans, Sucatas - Iacanga / SP",31-07-26,2026-08-11,11/08/2026,4:00,passado,SP,"Avenida das Acácias, 149 - Jardim das Flores - 17180-418 - Iacanga - SP - Brasil",,,https://sfleiloes.com.br/leilao/218/leilao-da-prefeitura-iacanga-sp,,mapa,,,https://sfleiloes.com.br/leilao/218/leilao-da-prefeitura-iacanga-sp | OBSERVAÇÃO: LOTES EM DIFERENTES LOCAIS DA CIDADE.
marcador-498,"[PREFEITURA] - SMGP - Vans, Veículos, Caminhonetes, Caminhões, Sucatas - Londrina / PR",31-07-26,2026-08-11,11/08/2026,4:00,passado,PR,86020-970 - Londrina - PR - Brasil,,,https://www.nakakogueleiloes.com.br/lotes/137532/,,mapa,,,https://www.nakakogueleiloes.com.br/lotes/137532/
marcador-499,"[PREFEITURA] - Veículos, Vans, Máquinas, Produtos - Couto de Magalhães de Minas / MG",31-07-26,2026-08-11,11/08/2026,4:00,passado,MG,"Sebastião Francisco Mota, 45 - Centro - 39188-000 - Couto de Magalhães de Minas - MG - Brasil",,,https://www.gustavomorettoleiloeiro.com.br/leiloes/5279,,mapa,,,https://www.gustavomorettoleiloeiro.com.br/leiloes/5279
marcador-500,"[PREFEITURA] - Sucatas, Equipamentos, Motos, Produtos - Igrejinha / RS",31-07-26,2026-08-11,11/08/2026,4:00,passado,RS,95650-000 - Igrejinha - RS - Brasil,,,https://www.swleiloes.com.br/leilao/leilao-da-prefeitura-municipal-de-igrejinha-rs-16-07-2026-10-20-05/lotes/lista,,mapa,,,https://www.swleiloes.com.br/leilao/leilao-da-prefeitura-municipal-de-igrejinha-rs-16-07-2026-10-20-05/lotes/lista
marcador-501,"[PREFEITURA] - Caminhonetes, Caminhões, Imóveis - São Sebastião do Rio Preto / MG",31-07-26,2026-08-11,11/08/2026,4:00,passado,MG,"Praça São Sebastião, 37 - Centro - 35815-000 - São Sebastião do Rio Preto - MG - Brasil",,,https://www.mgl.com.br/leilao/prefeitura-municipal-de-sao-sebastiao-do-rio-preto-mg/7278/#&Pagina=1&Index=1,,mapa,,,https://www.mgl.com.br/leilao/prefeitura-municipal-de-sao-sebastiao-do-rio-preto-mg/7278/#&Pagina=1&Index=1
marcador-502,"[PREFEITURA] - Vans, Veículos, Máquinas, Equipamentos, Sucatas - Couto de Magalhães de Minas / MG",31-07-26,2026-08-11,11/08/2026,4:00,passado,MG,"Diamantina, 1520 - 39188-000 - Couto de Magalhães de Minas - MG - Brasil",,,https://sumareleiloes.com.br/leiloes/5279,,mapa,,,https://sumareleiloes.com.br/leiloes/5279 | OBSERVAÇÃO: LOTES EM DIFERENTES LOCAIS DA CIDADE.
marcador-503,"[PREFEITURA] - Veículos, Vans, Máquinas, Motos, Caminhões, Ônibus, Equipamentos, Produtos, Sucatas - São Geraldo da Piedade / MG",31-07-26,2026-08-11,11/08/2026,4:00,passado,MG,"João da Mata Farias, S/N - 39723-000 - São Geraldo da Piedade - MG - Brasil",,,https://www.mgl.com.br/leilao/prefeitura-municipal-de-sao-geraldo-da-piedade-mg/7293/#&Pagina=1&Index=1,,mapa,,,https://www.mgl.com.br/leilao/prefeitura-municipal-de-sao-geraldo-da-piedade-mg/7293/#&Pagina=1&Index=1
marcador-504,"[PREFEITURA] - Veículos, Vans, Sucatas - Floreal / SP",31-07-26,2026-08-11,11/08/2026,4:00,passado,SP,"Rua Procópio Davidoff, 130 - Centro - 15320-011 - Floreal - SP - Brasil",,,https://drive.google.com/file/d/1MEX2ejbmCEgCiUWrjJe3srQ9t3sajhsQ/view?usp=drive_link,,mapa,,,https://drive.google.com/file/d/1MEX2ejbmCEgCiUWrjJe3srQ9t3sajhsQ/view?usp=drive_link
marcador-505,"[PREFEITURA] - Equipamentos, Veículos, Caminhões, Vans, Produtos, Ônibus, Máquinas, Imóveis, Presencial - Pedrinópolis / MG",31-07-26,2026-08-11,11/08/2026,4:00,passado,MG,"Praça São Sebastião, 112 - Centro - 38178-000 - Pedrinópolis - MG - Brasil",,,https://www.pwleiloes.com.br/leilao/prefeitura-municipal-de-pedrinopolis/582/#Pagina=1&Index=1,,mapa,,,https://www.pwleiloes.com.br/leilao/prefeitura-municipal-de-pedrinopolis/582/#Pagina=1&Index=1 | OBSERVAÇÃO: LOTES EM DIFERENTES LOCAIS DA CIDADE.
marcador-506,"[PREFEITURA] - Veículos, Vans, Ônibus, Caminhões, Máquinas, Equipamentos, Sucatas - Bom Jesus do Oeste / SC",31-07-26,2026-08-11,11/08/2026,4:00,passado,SC,"Avenida Nossa Senhora de Fátima, 120 - Centro - 89873-000 - Bom Jesus do Oeste - SC - Brasil",,,https://www.eckertleiloes.com.br/evento/municipio-de-bom-jesus-do-oeste-sc-783930?searchType=opened&preOrderBy=orderByFirstOpenedOffers&pageNumber=1&pageSize=30&orderBy=lotNumber:asc;subLotNumber:asc&,,mapa,,,https://www.eckertleiloes.com.br/evento/municipio-de-bom-jesus-do-oeste-sc-783930?searchType=opened&preOrderBy=orderByFirstOpenedOffers&pageNumber=1&pageSize=30&orderBy=lotNumber:asc;subLotNumber:asc&
marcador-507,"[PREFEITURA] - Veículos, Ônibus, Caminhões, Máquinas, Imóveis - São Sebastião da Amoreira / PR",31-07-26,2026-08-11,11/08/2026,4:00,passado,PR,86240-000 - São Sebastião da Amoreira - PR - Brasil,,,https://lbleiloes.com.br/leilao/24/prefeitura-municipal-de-sao-sebastiao-da-amoreira-pr,,mapa,,,https://lbleiloes.com.br/leilao/24/prefeitura-municipal-de-sao-sebastiao-da-amoreira-pr
marcador-508,"[PREFEITURA] - Veículos, Ônibus, Caminhões, Máquinas, Imóveis - São Sebastião da Amoreira / PR",31-07-26,2026-08-11,11/08/2026,4:00,passado,PR,86240-000 - São Sebastião da Amoreira - PR - Brasil,,,https://lbleiloes.com.br/leilao/24/prefeitura-municipal-de-sao-sebastiao-da-amoreira-pr,,mapa,,,https://lbleiloes.com.br/leilao/24/prefeitura-municipal-de-sao-sebastiao-da-amoreira-pr
marcador-509,"[EXÉRCITO] - SEMTRAN - Motos, Veículos - São Gonçalo / RJ",31-07-26,2026-08-11,11/08/2026,5:00,passado,RJ,"Rua Doutor Nilo Peçanha, 246 - Centro - 24445-360 - São Gonçalo - RJ - Brasil",,,https://eblonline.com.br/lotes/326?page=16&size=6&removerEncerrados=false,,mapa,,,https://eblonline.com.br/lotes/326?page=16&size=6&removerEncerrados=false
marcador-510,[ÓRGÃO PÚBLICO] - SEMTRAN - Sucatas - São Gonçalo / RJ,31-07-26,2026-08-11,11/08/2026,5:00,passado,RJ,"Rua Doutor Nilo Peçanha, 246 - Centro - 24445-360 - São Gonçalo - RJ - Brasil",,,https://eblonline.com.br/lotes/327?page=1&size=6&removerEncerrados=false,,mapa,,,https://eblonline.com.br/lotes/327?page=1&size=6&removerEncerrados=false
marcador-511,"[ÓRGÃO PÚBLICO] - SEAD JOÃO PESSOA/PB - Vans, Caminhonetes, Veículos, Ônibus, Motos, Equipamentos, Caminhões, Sucatas, Presencial - Bayeux / PB",31-07-26,2026-08-11,11/08/2026,5:00,passado,PB,"Avenida Francisco Marques da Fonseca, 621 - Imaculada - 58111-030 - Bayeux - PB - Brasil",,,https://marcotulioleiloes.com.br/leiloes/321,,mapa,,,https://marcotulioleiloes.com.br/leiloes/321 | OBSERVAÇÃO: LOTES EM DIFERENTES LOCAIS DO BRASIL.
marcador-512,"[ÓRGÃO PÚBLICO] - DETRAN - Sucatas, Motos, Veículos - Uberlândia / MG",31-07-26,2026-08-11,11/08/2026,5:00,passado,MG,38439-499 - Uberlândia - MG - Brasil,,,https://drive.google.com/file/d/1_L0HHQAemoU36PZSP32ttBpY-ELQFvjq/view?usp=drive_link,,mapa,,,https://drive.google.com/file/d/1_L0HHQAemoU36PZSP32ttBpY-ELQFvjq/view?usp=drive_link
marcador-513,"[ÓRGÃO PÚBLICO] - SEPLAG - Motos, Veículos, Caminhonetes, Vans, Produtos, Equipamentos - Belo Horizonte / MG",31-07-26,2026-08-11,11/08/2026,5:00,passado,MG,"Avenida dos Andradas, 1220 - Santa Efigênia - 30260-070 - Belo Horizonte - MG - Brasil",,,https://pncp.gov.br/app/editais/05461142000170/2026/90 | https://drive.google.com/file/d/1tk3l0hq9nCKWDEKOaTZVjeIUlSmbqerV/view?usp=drive_link,,mapa,,,https://pncp.gov.br/app/editais/05461142000170/2026/90 | OBSERVAÇÃO: LOTES EM DIFERENTES LOCAIS DO BRASIL. https://drive.google.com/file/d/1tk3l0hq9nCKWDEKOaTZVjeIUlSmbqerV/view?usp=drive_link
marcador-514,"[ÓRGÃO PÚBLICO] - SEPLAG - Motos, Veículos, Caminhonetes, Vans, Produtos, Equipamentos - Belo Horizonte / MG",31-07-26,2026-08-11,11/08/2026,5:00,passado,MG,"Avenida dos Andradas, 1220 - Santa Efigênia - 30260-070 - Belo Horizonte - MG - Brasil",,,https://drive.google.com/file/d/1tk3l0hq9nCKWDEKOaTZVjeIUlSmbqerV/view?usp=drive_link,,mapa,,,| OBSERVAÇÃO: LOTES EM DIFERENTES LOCAIS DO BRASIL. https://drive.google.com/file/d/1tk3l0hq9nCKWDEKOaTZVjeIUlSmbqerV/view?usp=drive_link
marcador-515,"[ÓRGÃO PÚBLICO] - SEPLAG - Motos, Veículos, Caminhonetes, Vans, Produtos, Equipamentos - Belo Horizonte / MG",31-07-26,2026-08-11,11/08/2026,5:00,passado,MG,"Avenida dos Andradas, 1220 - Santa Efigênia - 30260-070 - Belo Horizonte - MG - Brasil",,,,,mapa,,,| OBSERVAÇÃO: LOTES EM DIFERENTES LOCAIS DO BRASIL.
marcador-516,"[ÓRGÃO PÚBLICO] - SEPLAG - Motos, Veículos, Caminhonetes, Vans, Produtos, Equipamentos - Belo Horizonte / MG",31-07-26,2026-08-11,11/08/2026,5:00,passado,MG,"Avenida dos Andradas, 1220 - Santa Efigênia - 30260-070 - Belo Horizonte - MG - Brasil",,,https://drive.google.com/file/d/1tk3l0hq9nCKWDEKOaTZVjeIUlSmbqerV/view?usp=drive_link,,mapa,,,https://drive.google.com/file/d/1tk3l0hq9nCKWDEKOaTZVjeIUlSmbqerV/view?usp=drive_link | OBSERVAÇÃO: LOTES EM DIFERENTES LOCAIS DO BRASIL.
marcador-517,[ÓRGÃO PÚBLICO] - CORREIOS PORTO ALEGRE/RS - Equipamentos - Manaus / AM,31-07-26,2026-08-11,11/08/2026,5:00,passado,RS,"Avenida Senador Raimundo Parente, 124 - Alvorada -  69048972 - Manaus - AM - Brasil",,,https://drive.google.com/file/d/1xNKNSr5-P5GhRBznXOIvPxYAqbmQdxU0/view?usp=drive_link,,mapa,,,https://drive.google.com/file/d/1xNKNSr5-P5GhRBznXOIvPxYAqbmQdxU0/view?usp=drive_link
marcador-518,"[EXÉRCITO] - CMA - Embarcações, Produtos - Manaus / AM",31-07-26,2026-08-11,11/08/2026,6:00,passado,AM,Ponta Negra - 69037-000 - Manaus - AM - Brasil,,,https://www.webleiloes.com.br/leiloes/393,,mapa,,,https://www.webleiloes.com.br/leiloes/393
marcador-519,[ÉXERCITO] CMA - EMBARCAÇÕES/PRODUTOS - Manaus - AM,31-07-26,2026-08-11,11/08/2026,6:00,passado,AM,"Ponta Negra, Manaus - AM, Brasil",,,https://www.webleiloes.com.br/leiloes/393,,mapa,,,https://www.webleiloes.com.br/leiloes/393 •
marcador-520,"[PRODUTOS] - Equipamentos, Produtos - Jundiaí / SP",31-07-26,2026-08-11,11/08/2026,8:00,passado,SP,"Avenida Osmundo dos Santos Pellegrini, 1665 - Recanto Quarto Centenário - 13211-745 - Jundiaí - SP - Brasil",,,https://www.sodresantoro.com.br/leilao/28912?sort=lot_number_asc,,mapa,,,https://www.sodresantoro.com.br/leilao/28912?sort=lot_number_asc | OBSERVAÇÃO: LOTES EM DIFERENTES LOCAIS DO BRASIL.
marcador-521,[PRODUTOS] - Equipamentos - Paulista / PE,31-07-26,2026-08-11,11/08/2026,8:00,passado,PE,53400-001 - Paulista - PE - Brasil,,,https://mercado.bomvalor.com.br/maquinas-e-equipamentos/impressoras/impressora-digital-de-grande-formato-durst-rho-p10-200-p-125237,,mapa,,,https://mercado.bomvalor.com.br/maquinas-e-equipamentos/impressoras/impressora-digital-de-grande-formato-durst-rho-p10-200-p-125237
marcador-522,[EMPRESA] - TERMAX FERTILIZANTES - Produtos - Santa Luzia / MG,31-07-26,2026-08-11,11/08/2026,9:00,passado,MG,33000-000 - Santa Luzia - MG - Brasil,,,https://www.gpleiloes.com.br/gp/#/leilao/3870,,mapa,,,https://www.gpleiloes.com.br/gp/#/leilao/3870
marcador-523,[EMPRESA] - TK SOLUÇÕES DE ENGENHARIA - Produtos - Conselheiro Lafaiete / MG,31-07-26,2026-08-11,11/08/2026,9:00,passado,MG,Rua Sandoval Azevedo - Rosário - 36400-001 - Conselheiro Lafaiete - MG - Brasil,,,https://www.gpleiloes.com.br/gp/#/leilao/3871,,mapa,,,https://www.gpleiloes.com.br/gp/#/leilao/3871
marcador-524,[EMPRESA] - UNIMED - Equipamentos - Belo Horizonte / MG,31-07-26,2026-08-11,11/08/2026,9:00,passado,MG,30000-000 - Belo Horizonte - MG - Brasil,,,https://www.gpleiloes.com.br/gp/#/leilao/3879,,mapa,,,https://www.gpleiloes.com.br/gp/#/leilao/3879
marcador-525,"[EMPRESA] - NITRAM - Equipamentos, Máquinas - Guararema / SP",31-07-26,2026-08-11,11/08/2026,9:00,passado,SP,"Coronel Ramalho, 113 - CENTRO - 08900-000 - Guararema - SP - Brasil",,,https://www.sold.com.br/evento/nitram-784571?searchType=opened&preOrderBy=orderByFirstOpenedOffers&pageNumber=1&pageSize=30&orderBy=lotNumber:asc;subLotNumber:asc&,,mapa,,,https://www.sold.com.br/evento/nitram-784571?searchType=opened&preOrderBy=orderByFirstOpenedOffers&pageNumber=1&pageSize=30&orderBy=lotNumber:asc;subLotNumber:asc& | OBSERVAÇÃO: LOOTES EM DIFERENTES LOCAIS DO BRASIL.
marcador-526,"[EMPRESA] - NOVA AMÉRICA - Veículos, Caminhões, Máquinas, Equipamentos - Embu das Artes / SP",31-07-26,2026-08-11,11/08/2026,9:00,passado,SP,"Rua Doutor João Marques Maurício, 269 - Gramado - 06816-040 - Embu das Artes - SP - Brasil",,,https://www.sold.com.br/evento/nova-america-790183?searchType=opened&preOrderBy=orderByFirstOpenedOffers&pageNumber=1&pageSize=30&orderBy=lotNumber:asc;subLotNumber:asc&,,mapa,,,https://www.sold.com.br/evento/nova-america-790183?searchType=opened&preOrderBy=orderByFirstOpenedOffers&pageNumber=1&pageSize=30&orderBy=lotNumber:asc;subLotNumber:asc& | OBSERVAÇÃO: LOTES EM DIFERENTES LOCAIS DO BRASIL.
marcador-527,[EMPRESA] - PETROBRAS - Produtos - Rio de Janeiro / RJ,31-07-26,2026-08-11,11/08/2026,9:00,passado,RJ,"Rua Francisco de Sousa e Melo, 1580 - Cordovil - 21010-410 - Rio de Janeiro - RJ - Brasil",,,https://www.sold.com.br/evento/petrobras-pea0369419-790228?searchType=opened&preOrderBy=orderByFirstOpenedOffers&pageNumber=1&pageSize=30&orderBy=lotNumber:asc;subLotNumber:asc&,,mapa,,,https://www.sold.com.br/evento/petrobras-pea0369419-790228?searchType=opened&preOrderBy=orderByFirstOpenedOffers&pageNumber=1&pageSize=30&orderBy=lotNumber:asc;subLotNumber:asc& | OBSERVAÇÃO: LOTES EM DIFERENTES LOCAIS DO BRASIL.
marcador-528,"[EMPRESA] - PETROBRAS - Veículos, Caminhões, Sucatas - Canoas / RS",31-07-26,2026-08-11,11/08/2026,9:00,passado,RS,"Av. Getúlio Vargas, 11001 - Brigadeira - 92420-221 - Canoas - RS - Brasil",,,https://www.sold.com.br/evento/petrobras-pea0392171-784476?searchType=opened&preOrderBy=orderByFirstOpenedOffers&pageNumber=1&pageSize=30&orderBy=lotNumber:asc;subLotNumber:asc&,,mapa,,,https://www.sold.com.br/evento/petrobras-pea0392171-784476?searchType=opened&preOrderBy=orderByFirstOpenedOffers&pageNumber=1&pageSize=30&orderBy=lotNumber:asc;subLotNumber:asc&
marcador-529,[EMPRESA] - TRANSAUTO - Caminhões - Guararema / SP,31-07-26,2026-08-11,11/08/2026,9:00,passado,SP,"CORONEL RAMALHO, 113 - CENTRO - 08900-000 - Guararema - SP - Brasil",,,https://www.sold.com.br/evento/transauto-790367?searchType=opened&preOrderBy=orderByFirstOpenedOffers&pageNumber=1&pageSize=30&orderBy=lotNumber:asc;subLotNumber:asc&,,mapa,,,https://www.sold.com.br/evento/transauto-790367?searchType=opened&preOrderBy=orderByFirstOpenedOffers&pageNumber=1&pageSize=30&orderBy=lotNumber:asc;subLotNumber:asc& | OBSERVAÇÃO: LOTES EM DIFERENTES LOCAIS DO BRASIL.
marcador-530,"[EMPRESA] - TABOCAS - Veículos, Caminhonetes, Sucatas, Caminhões, Produtos, Equipamentos - Guararema / SP",31-07-26,2026-08-11,11/08/2026,9:00,passado,SP,"CORONEL RAMALHO, 113 - CENTRO - 08900-000 - Guararema - SP - Brasil",,,,,mapa,,,LOTES EM DIFERENTES LOCAIS DO BRASIL.
marcador-531,"[EMPRESA] - PEPSICO - Caminhões, Equipamentos, Sucatas - Guararema / SP",31-07-26,2026-08-11,11/08/2026,9:00,passado,SP,"CORONEL RAMALHO, 113 - CENTRO  - 08900-000 - Guararema - SP - Brasil",,,https://www.sold.com.br/evento/pepsico-790467?searchType=opened&&preOrderBy=orderByFirstOpenedOffers&pageNumber=1&pageSize=30&orderBy=lotNumber:asc;subLotNumber:asc,,mapa,,,https://www.sold.com.br/evento/pepsico-790467?searchType=opened&&preOrderBy=orderByFirstOpenedOffers&pageNumber=1&pageSize=30&orderBy=lotNumber:asc;subLotNumber:asc | OBSERVAÇÃO: LOTES EM DIFERENTES LOCAIS DO BRASIL.
marcador-532,[EMPRESA] - Mogi das Cruzes / SP,31-07-26,2026-08-11,11/08/2026,9:00,passado,SP,Avenida Francisco Ferreira Lopes - Braz Cubas - 08740-000 - Mogi das Cruzes - SP - Brasil,,,https://loopleiloes.com.br/eventos,,mapa,,,https://loopleiloes.com.br/eventos
marcador-533,"[EMPRESA] - JALLES - Caminhões, Máquinas, Produtos - São Paulo / SP",31-07-26,2026-08-11,11/08/2026,9:00,passado,SP,"Praça dos Omaguás, 98 - Pinheiros - 05419-020 - São Paulo - SP - Brasil",,,https://leilaoonline.com.br/leilao/detalhe/4660/2?categoria=&numeroLote=&pesquisaLotes=&ordenacao=&flow=1,,mapa,,,https://leilaoonline.com.br/leilao/detalhe/4660/2?categoria=&numeroLote=&pesquisaLotes=&ordenacao=&flow=1
marcador-534,"[PREFEITURA] - Veículos, Caminhonetes, Ônibus - Liberdade / MG",31-07-26,2026-08-12,12/08/2026,4:00,passado,MG,"Rua Geraldo Magela de Barros Mendes, 121 - Centro - 37350-000 - Liberdade - MG - Brasil",,,https://www.mgl.com.br/leilao/prefeitura-municipal-de-liberdade-mg/7377/#&Pagina=1&Index=1,,mapa,,,https://www.mgl.com.br/leilao/prefeitura-municipal-de-liberdade-mg/7377/#&Pagina=1&Index=1
marcador-535,"[PREFEITURA] - Veículos, Ônibus - Liberdade / MG",31-07-26,2026-08-12,12/08/2026,4:00,passado,MG,"Rua Geraldo M. de Mendes, 121 - CENTRP - 37350-000 - Liberdade - MG - Brasil",,,https://www.mgl.com.br/leilao/prefeitura-municipal-de-liberdade-mg/7377/#&Pagina=1&Index=1,,mapa,,,https://www.mgl.com.br/leilao/prefeitura-municipal-de-liberdade-mg/7377/#&Pagina=1&Index=1
marcador-536,"[PREFEITURA] - Veículos, Caminhonetes, Caminhões, Ônibus, Máquinas - Iracema do Oeste / PR",31-07-26,2026-08-12,12/08/2026,4:00,passado,PR,"Rua Alfredo Lemos, S/N - 85833-000 - Iracema do Oeste - PR - Brasil",,,https://drive.google.com/file/d/1YPO61dZoLSfapjAzfdAYqCTd0DBjUZyI/view?usp=drive_link,,mapa,,,https://drive.google.com/file/d/1YPO61dZoLSfapjAzfdAYqCTd0DBjUZyI/view?usp=drive_link
marcador-537,"[PREFEITURA] - Máquinas, Caminhões, Vans, Veículos, Caminhonetes, Motos, Equipamentos, Presencial - Chapecó / SC",31-07-26,2026-08-12,12/08/2026,4:00,passado,SC,"Avenida Getúlio Dorneles Vargas - S, 957 - Centro - 89812-000 - Chapecó - SC - Brasil",,,https://drive.google.com/file/d/1mHeEZ_QfiScApLkIBSXx2yskw7zU80NY/view?usp=drive_link,,mapa,,,https://drive.google.com/file/d/1mHeEZ_QfiScApLkIBSXx2yskw7zU80NY/view?usp=drive_link
marcador-538,"[PREFEITURA] - Veículos, Motos, Vans, Caminhonetes, Ônibus, Caminhões, Máquinas, Equipamentos, Produtos, Sucatas - Campina da Lagoa / PR",31-07-26,2026-08-12,12/08/2026,4:00,passado,PR,"Vereador Homero Franco, 851 - 87345-000 - Campina da Lagoa - PR - Brasil",,,https://drive.google.com/file/d/1urAqImgDASUU0z8Mp9lqmi-zB5u_qzLe/view?usp=drive_link,,mapa,,,https://drive.google.com/file/d/1urAqImgDASUU0z8Mp9lqmi-zB5u_qzLe/view?usp=drive_link
marcador-539,"[PREFEITURA] - Veículos, Motos, Vans, Caminhonetes, Ônibus, Caminhões, Máquinas, Equipamentos, Produtos, Sucatas - Campina da Lagoa / PR",31-07-26,2026-08-12,12/08/2026,4:00,passado,PR,"Vereador Homero Franco, - 87345-000 - Campina da Lagoa - PR - Brasil",,,https://drive.google.com/file/d/1urAqImgDASUU0z8Mp9lqmi-zB5u_qzLe/view?usp=drive_link,,mapa,,,https://drive.google.com/file/d/1urAqImgDASUU0z8Mp9lqmi-zB5u_qzLe/view?usp=drive_link
marcador-540,"[PREFEITURA] - Veículos, Ônibus, Equipamentos, Sucatas - Arroio do Meio / RS",31-07-26,2026-08-12,12/08/2026,4:00,passado,RS,95940-000 - Arroio do Meio - RS - Brasil,,,https://drive.google.com/file/d/16H9jFsA9EvTcY5p6dlWegr3loPHc2SPY/view?usp=drive_link,,mapa,,,https://drive.google.com/file/d/16H9jFsA9EvTcY5p6dlWegr3loPHc2SPY/view?usp=drive_link
marcador-541,[PREFEITURA] - Sucatas - São Sepé / RS,31-07-26,2026-08-12,12/08/2026,4:00,passado,RS,"Cícero Brenner, 788 - Isolanda - 97340-000 - São Sepé - RS - Brasil",,,https://drive.google.com/file/d/17NfBLbYaavOWaUV1RjdvjkI7cJ-nc9p4/view?usp=drive_link,,mapa,,,https://drive.google.com/file/d/17NfBLbYaavOWaUV1RjdvjkI7cJ-nc9p4/view?usp=drive_link
marcador-542,"[PREFEITURA] - Produtos, Veículos, Caminhonetes, Ônibus, Máquinas - Alagoa / MG",31-07-26,2026-08-12,12/08/2026,4:00,passado,MG,Gumercindo Ferreira Pinto - CENTRO - 37458-000 - Alagoa - MG - Brasil,,,https://www.pwleiloes.com.br/leilao/prefeitura-municipal-de-alagoa/591/#Pagina=1&Index=1,,mapa,,,https://www.pwleiloes.com.br/leilao/prefeitura-municipal-de-alagoa/591/#Pagina=1&Index=1
marcador-543,[PREFEITURA] - Imóveis - Vinhedo / SP,31-07-26,2026-08-12,12/08/2026,4:00,passado,SP,13280-001 - Vinhedo - SP - Brasil,,,https://liderleiloes.com.br/eventos/leilao/118/terrenos-diversos-lotes-urbanos-em-regioes-valorizadas-de-vinhedo-sp,,mapa,,,https://liderleiloes.com.br/eventos/leilao/118/terrenos-diversos-lotes-urbanos-em-regioes-valorizadas-de-vinhedo-sp | OBSERVAÇÃO: LOTES EM DIFERENTES LOCAIS DA CIDADE.
marcador-544,"[PREFEITURA] - Caminhões, Veículos, Máquinas, Equipamentos, Produtos, Presencial - Sem-Peixe / MG",31-07-26,2026-08-12,12/08/2026,4:00,passado,MG,"Afonsina Repolês, S/N - Centro - 35441-000 - Sem-Peixe - MG - Brasil",,,https://lilianportugal.com.br/eventos/leilao/203/prefeitura-de-sem-peixe,,mapa,,,https://lilianportugal.com.br/eventos/leilao/203/prefeitura-de-sem-peixe
marcador-545,[PREFEITURA] - TIJUCAS DO SUL 2 - Sucatas - Tijucas do Sul / PR,31-07-26,2026-08-12,12/08/2026,4:00,passado,PR,Estrada Estadual PR-281 - Xaxim - 83198-890 - Tijucas do Sul - PR - Brasil,,,https://www.danielgarcialeiloes.com.br/leilao/7748/lotes,,mapa,,,https://www.danielgarcialeiloes.com.br/leilao/7748/lotes
marcador-546,"[PREFEITURA] - TIJUCAS DO SUL 1 - Veículos, Máquinas, Produtos, Sucatas - Tijucas do Sul / PR",31-07-26,2026-08-12,12/08/2026,4:00,passado,PR,Estrada Estadual PR-281 - Xaxim - 83198-890 - Tijucas do Sul - PR - Brasil,,,https://www.danielgarcialeiloes.com.br/leilao/7747/lotes,,mapa,,,https://www.danielgarcialeiloes.com.br/leilao/7747/lotes
marcador-547,[PREFEITURA] - Imóveis - Capitólio / MG,31-07-26,2026-08-12,12/08/2026,4:00,passado,MG,37930-000 - Capitólio - MG - Brasil,,,https://www.apabrfleiloes.com.br/leilao/prefeitura-de-capitolio-terrenos/462/#Pagina=1&Index=1,,mapa,,,https://www.apabrfleiloes.com.br/leilao/prefeitura-de-capitolio-terrenos/462/#Pagina=1&Index=1 | OBSERVAÇÃO: LOTES EM DIFERENTES LOCAIS DA CIDADE.
marcador-548,[PREFEITURA] - IMÓVEIS	- Capitólio - MG,31-07-26,2026-08-12,12/08/2026,4:00,passado,MG,"Capitólio, MG, 37930-000, Brasil",,,https://www.apabrfleiloes.com.br/leilao/prefeitura-de-capitolio-terrenos/462/#Pagina=1&Index=1,,mapa,,,https://www.apabrfleiloes.com.br/leilao/prefeitura-de-capitolio-terrenos/462/#Pagina=1&Index=1 • | OBSERVAÇÃO: LOTES EM DIFERENTES LOCAIS DA CIDADE.
marcador-549,"[ÓRGÃO PÚBLICO] - DETRAN/MG - 3 - Sucatas, Motos, Veículos - Belo Horizonte / MG",31-07-26,2026-08-12,12/08/2026,5:00,passado,MG,30000-000 - Belo Horizonte - MG - Brasil,,,https://leilao.detran.mg.gov.br/lotes/lista-lotes/3221/2026,,mapa,,,https://leilao.detran.mg.gov.br/lotes/lista-lotes/3221/2026
marcador-550,"[ÓRGÃO PÚBLICO] - DETRAN/MG - 2 - Sucatas, Motos, Veículos - Belo Horizonte / MG",31-07-26,2026-08-12,12/08/2026,5:00,passado,MG,30000-000 - Belo Horizonte - MG - Brasil,,,https://leilao.detran.mg.gov.br/lotes/lista-lotes/3492/2026,,mapa,,,https://leilao.detran.mg.gov.br/lotes/lista-lotes/3492/2026
marcador-551,[ÓRGÃO PÚBLICO] - DETRAN/MG - Sucatas - Belo Horizonte / MG,31-07-26,2026-08-12,12/08/2026,5:00,passado,MG,31999-999 - Belo Horizonte - MG - Brasil,,,https://leilao.detran.mg.gov.br/lotes/lista-lotes/3505/2026,,mapa,,,https://leilao.detran.mg.gov.br/lotes/lista-lotes/3505/2026
marcador-552,"[ÓRGÃO PÚBLICO] - DETRAN/MG - Sucatas, Motos, Veículos - Muriaé / MG",31-07-26,2026-08-12,12/08/2026,5:00,passado,MG,Avenida Presidente Juscelino Kubitschek - Centro - 36880-001 - Muriaé - MG - Brasil,,,https://drive.google.com/file/d/1-6Tk7EYH-IIRWrcy9MZodnvAwiC9Tjr2/view?usp=drive_link,,mapa,,,https://drive.google.com/file/d/1-6Tk7EYH-IIRWrcy9MZodnvAwiC9Tjr2/view?usp=drive_link
marcador-553,"[ÓRGÃO PÚBLICO] - CISMISEL - Produtos, Sucatas - Sete Lagoas / MG",31-07-26,2026-08-12,12/08/2026,5:00,passado,MG,"Avenida Arthur Lanza, 415 - Dante Lanza - 35701-487 - Sete Lagoas - MG - Brasil",,,https://www.mgl.com.br/leilao/cismisel-sete-lagoas-mg/7302/#&Pagina=1&Index=1,,mapa,,,https://www.mgl.com.br/leilao/cismisel-sete-lagoas-mg/7302/#&Pagina=1&Index=1
marcador-554,"[ÓRGÃO PÚBLICO] - SENAD - Veículos, Caminhonetes, Motos, Sucatas - Alfenas / MG",31-07-26,2026-08-12,12/08/2026,5:00,passado,MG,"Rua das Orquídeas, 116 - Vila Promessa - 37137-592 - Alfenas - MG - Brasil",,,https://www.mgl.com.br/leilao/bens-apreendidos-ministerio-da-justica-senad-mg/7326/#&Pagina=1&Index=1,,mapa,,,https://www.mgl.com.br/leilao/bens-apreendidos-ministerio-da-justica-senad-mg/7326/#&Pagina=1&Index=1 | OBSERVAÇÃO: LOTES EM DIFERENTESLOCAIS DO BRASIL.
marcador-555,"[FINANCEIRA] - Motos, Veículos - Curitiba / PR",31-07-26,2026-08-12,12/08/2026,7:00,passado,PR,"Rua Eduardo Pinto da Rocha, 4545 - Sítio Cercado - 81935-000 - Curitiba - PR - Brasil",,,https://www.favaretoleiloes.com.br/edital/1639/,,mapa,,,https://www.favaretoleiloes.com.br/edital/1639/
marcador-556,"[SEGURADORA] - Veículos, Motos, Sucatas - Porto Alegre / RS",31-07-26,2026-08-12,12/08/2026,7:00,passado,RS,"Avenida João Wallig, 1800 - Jardim Europa - 91349-900 - Porto Alegre - RS - Brasil",,,https://www.pestanaleiloes.com.br/agenda-de-leiloes/6079?lotePage=1&loteQty=12,,mapa,,,https://www.pestanaleiloes.com.br/agenda-de-leiloes/6079?lotePage=1&loteQty=12
marcador-557,[EMPRESA] - Vans - Guararema / SP,31-07-26,2026-08-12,12/08/2026,8:00,passado,SP,"Coronel Ramalho, 113 - CENTRO - 08900-000 - Guararema - SP - Brasil",,,https://www.sold.com.br/evento/ge-power-conversion-790231?searchType=opened&preOrderBy=orderByFirstOpenedOffers&pageNumber=1&pageSize=30&orderBy=lotNumber:asc;subLotNumber:asc&,,mapa,,,https://www.sold.com.br/evento/ge-power-conversion-790231?searchType=opened&preOrderBy=orderByFirstOpenedOffers&pageNumber=1&pageSize=30&orderBy=lotNumber:asc;subLotNumber:asc&
marcador-558,[PRODUTOS] - Produtos - São Caetano do Sul / SP,31-07-26,2026-08-12,12/08/2026,8:00,passado,SP,"Travessa Comandante Salgado, 75 - Fundação - 09520-330 - São Caetano do Sul - SP - Brasil",,,https://www.hisaleiloes.com.br/leilao/2486,,mapa,,,https://www.hisaleiloes.com.br/leilao/2486
marcador-559,[PRODUTOS] - Produtos - Rio de Janeiro / RJ,31-07-26,2026-08-12,12/08/2026,8:00,passado,RJ,Rua Balbina - Quintino Bocaiúva - 20740-000 - Rio de Janeiro - RJ - Brasil,,,https://www.edgarcarvalholeiloeiro.com.br/oferta/leilao/eletros-eletronicos/eletrodomesticos/11730/id-15041/philco-roku-tv-42-polegadas-funcionando,,mapa,,,https://www.edgarcarvalholeiloeiro.com.br/oferta/leilao/eletros-eletronicos/eletrodomesticos/11730/id-15041/philco-roku-tv-42-polegadas-funcionando
marcador-560,"[EMPRESA] - MULTITERMINAIS - Caminhões, Equipamentos - Rio de Janeiro / RJ",31-07-26,2026-08-12,12/08/2026,9:00,passado,RJ,20000-000 - Rio de Janeiro - RJ - Brasil,,,https://www.dantasleiloes.com.br/evento/multiterminais-terex-e-tratores-de-terminal-790030?searchType=opened&preOrderBy=orderByFirstOpenedOffers&pageNumber=1&pageSize=30&orderBy=lotNumber:asc;subLotNumber:asc,,mapa,,,https://www.dantasleiloes.com.br/evento/multiterminais-terex-e-tratores-de-terminal-790030?searchType=opened&preOrderBy=orderByFirstOpenedOffers&pageNumber=1&pageSize=30&orderBy=lotNumber:asc;subLotNumber:asc
marcador-561,"[EMPRESA] - SABORAKI - Caminhonetes, Caminhões - Jales / SP",31-07-26,2026-08-12,12/08/2026,9:00,passado,SP,15700-001 - Jales - SP - Brasil,,,https://www.superbid.net/evento/saboraki-789740?pageNumber=1&pageSize=30&orderBy=lotNumber:asc;subLotNumber:asc,,mapa,,,https://www.superbid.net/evento/saboraki-789740?pageNumber=1&pageSize=30&orderBy=lotNumber:asc;subLotNumber:asc
marcador-562,"[EMPRESA] - CALTEC - Caminhonetes, Caminhões, Máquinas - Itaperuçu / PR",31-07-26,2026-08-12,12/08/2026,9:00,passado,PR,83560-000 - Itaperuçu - PR - Brasil,,,https://www.sold.com.br/evento/caltec-790226?searchType=opened&preOrderBy=orderByFirstOpenedOffers&pageNumber=1&pageSize=30&orderBy=lotNumber:asc;subLotNumber:asc&,,mapa,,,https://www.sold.com.br/evento/caltec-790226?searchType=opened&preOrderBy=orderByFirstOpenedOffers&pageNumber=1&pageSize=30&orderBy=lotNumber:asc;subLotNumber:asc&
marcador-563,"[EMPRESA] - CENIBRA - Veículos, Vans, Caminhões, Equipamentos, Produtos, Caminhonetes - Belo Oriente / MG",31-07-26,2026-08-12,12/08/2026,9:00,passado,MG,35195000 - Belo Oriente - MG - Brasil,,,https://www.sold.com.br/evento/cenibra-784089?searchType=opened&preOrderBy=orderByFirstOpenedOffers&pageNumber=1&pageSize=30&orderBy=lotNumber:asc;subLotNumber:asc&,,mapa,,,https://www.sold.com.br/evento/cenibra-784089?searchType=opened&preOrderBy=orderByFirstOpenedOffers&pageNumber=1&pageSize=30&orderBy=lotNumber:asc;subLotNumber:asc&
marcador-564,"[EMPRESA] - MERCEDES-BENZ - Produtos, Sucatas - São Bernardo do Campo / SP",31-07-26,2026-08-12,12/08/2026,9:00,passado,SP,09600-000 - São Bernardo do Campo - SP - Brasil,,,https://www.sold.com.br/evento/mercedes-benz-790136?searchType=opened&preOrderBy=orderByFirstOpenedOffers&pageNumber=1&pageSize=30&orderBy=lotNumber:asc;subLotNumber:asc,,mapa,,,https://www.sold.com.br/evento/mercedes-benz-790136?searchType=opened&preOrderBy=orderByFirstOpenedOffers&pageNumber=1&pageSize=30&orderBy=lotNumber:asc;subLotNumber:asc
marcador-565,[EMPRESA] - PETROBRAS - Produtos - Três Lagoas / MS,31-07-26,2026-08-12,12/08/2026,9:00,passado,MS,Avenida Filinto Müller - Centro - 79600-001 - Três Lagoas - MS - Brasil,,,https://www.sold.com.br/evento/petrobras-pea0384749-790236?searchType=opened&preOrderBy=orderByFirstOpenedOffers&pageNumber=1&pageSize=30&orderBy=lotNumber:asc;subLotNumber:asc,,mapa,,,https://www.sold.com.br/evento/petrobras-pea0384749-790236?searchType=opened&preOrderBy=orderByFirstOpenedOffers&pageNumber=1&pageSize=30&orderBy=lotNumber:asc;subLotNumber:asc
marcador-566,"[EMPRESA] - MRN - Máquinas, Equipamentos, Sucatas - Oriximiná / PA",31-07-26,2026-08-12,12/08/2026,9:00,passado,PA,68270-000 - Oriximiná - PA - Brasil,,,https://www.sold.com.br/evento/mrn-784214?searchType=opened&filter=product.location.city:oriximina-pa&preOrderBy=orderByFirstOpenedOffers&pageNumber=1&pageSize=30&orderBy=lotNumber:asc;subLotNumber:asc,,mapa,,,https://www.sold.com.br/evento/mrn-784214?searchType=opened&filter=product.location.city:oriximina-pa&preOrderBy=orderByFirstOpenedOffers&pageNumber=1&pageSize=30&orderBy=lotNumber:asc;subLotNumber:asc | OBSERVAÇÃO: LOTES EM DIFERENTES LOCAIS DO BRASIL.
marcador-567,[EMPRESA] - W RENTAL - Equipamentos - Eldorado do Sul / RS,31-07-26,2026-08-12,12/08/2026,9:00,passado,RS,92990-000 - Eldorado do Sul - RS - Brasil,,,https://www.sold.com.br/evento/w-rental-784431?searchType=opened&preOrderBy=orderByFirstOpenedOffers&pageNumber=1&pageSize=30&orderBy=lotNumber:asc;subLotNumber:asc,,mapa,,,https://www.sold.com.br/evento/w-rental-784431?searchType=opened&preOrderBy=orderByFirstOpenedOffers&pageNumber=1&pageSize=30&orderBy=lotNumber:asc;subLotNumber:asc
marcador-568,"[EMPRESA] - Máquinas, Produtos, Equipamentos - Guarulhos / SP",31-07-26,2026-08-12,12/08/2026,9:00,passado,SP,Rua Ipacaetá - Jardim Presidente Dutra - 07171-150 - Guarulhos - SP - Brasil,,,https://www.sodresantoro.com.br/leilao/28859?sort=lot_number_asc,,mapa,,,https://www.sodresantoro.com.br/leilao/28859?sort=lot_number_asc | OBSERVAÇÃO: LOTES EM DIFERENTES LOCAIS DO BRASIL.
marcador-569,[FINANCEIRA] - Caminhões - Paracatu / MG,31-07-26,2026-08-12,12/08/2026,9:00,passado,MG,Rua Honório Silva - Santana - 38600-001 - Paracatu - MG - Brasil,,,https://mercado.bomvalor.com.br/veiculos/caminhao/caminhao-iveco-daily-70c17-hdcd-2013-2014-125338,,mapa,,,https://mercado.bomvalor.com.br/veiculos/caminhao/caminhao-iveco-daily-70c17-hdcd-2013-2014-125338
marcador-570,"[EMPRESA] - Veículos, Produtos, Motos - São Paulo / SP",31-07-26,2026-08-12,12/08/2026,9:00,passado,SP,"Rua Vitório, 142 - Vila Prel - 05780-410 - São Paulo - SP - Brasil",,,https://www.lanceleiloes.com.br/leilao/872/lotes,,mapa,,,https://www.lanceleiloes.com.br/leilao/872/lotes
marcador-571,[EMPRESA] - Guarani das Missões / RS,31-07-26,2026-08-12,12/08/2026,9:00,passado,RS,97950-000 - Guarani das Missões - RS - Brasil,,,https://www.brunoniewinskileiloes.com.br/leilao/430/lotes,,mapa,,,https://www.brunoniewinskileiloes.com.br/leilao/430/lotes
marcador-572,[EMPRESA] - Veículos - Belo Horizonte / MG,31-07-26,2026-08-12,12/08/2026,9:00,passado,MG,"Rua Campo Mourão, 1070 - Bonsucesso (Barreiro) - 30622-565 - Belo Horizonte - MG - Brasil",,,https://www.casaleiloeira.com.br/evento/veiculos-pref-mun-de-senador-modestino-goncalves-789721?searchType=opened&preOrderBy=orderByFirstOpenedOffers&pageNumber=1&pageSize=30&orderBy=lotNumber:asc;subLotNumber:asc,,mapa,,,https://www.casaleiloeira.com.br/evento/veiculos-pref-mun-de-senador-modestino-goncalves-789721?searchType=opened&preOrderBy=orderByFirstOpenedOffers&pageNumber=1&pageSize=30&orderBy=lotNumber:asc;subLotNumber:asc
marcador-573,"[PREFEITURA] - Motos, Veículos - Toledo / PR",31-07-26,2026-08-13,13/08/2026,4:00,passado,PR,"Rua São Paulo, 958 - Jardim Porto Alegre - 85906-150 - Toledo - PR - Brasil",,,https://www.kronleiloes.com.br/evento/prefeitura-de-toledo-pr-leilao-ii-2026-790345?searchType=opened&preOrderBy=orderByFirstOpenedOffers&pageNumber=1&pageSize=30&orderBy=lotNumber:asc;subLotNumber:asc&,,mapa,,,https://www.kronleiloes.com.br/evento/prefeitura-de-toledo-pr-leilao-ii-2026-790345?searchType=opened&preOrderBy=orderByFirstOpenedOffers&pageNumber=1&pageSize=30&orderBy=lotNumber:asc;subLotNumber:asc&
marcador-574,"[PREFEITURA] - Veículos, Vans, Produtos, Máquinas, Motos, Caminhonetes, Imóveis, Sucatas, Presencial - São José do Sul / RS",31-07-26,2026-08-13,13/08/2026,4:00,passado,RS,"Rua Leocádia Loff Kunrath, 126 - Centro - 95748-000 - São José do Sul - RS - Brasil",,,https://www.turanileiloes.com.br/auditorio/leilao-da-prefeitura-de-sao-jose-do-sul#5326,,mapa,,,https://www.turanileiloes.com.br/auditorio/leilao-da-prefeitura-de-sao-jose-do-sul#5326
marcador-575,"[PREFEITURA] - Vans, Sucatas - São José do Calçado / ES",31-07-26,2026-08-13,13/08/2026,4:00,passado,ES,"Praça Pedro Vieira, 58 - Centro - 29470-000 - São José do Calçado - ES - Brasil",,,https://www.esleiloes.com.br/eventos/leilao/30/p-m-sao-jose-do-calcado,,mapa,,,https://www.esleiloes.com.br/eventos/leilao/30/p-m-sao-jose-do-calcado
marcador-576,[PREFEITURA] - LEILÃO 3 - Sucatas - Vinhedo / SP,31-07-26,2026-08-13,13/08/2026,4:00,passado,SP,"Rua Guido Cinci, 149 - Jardim São Matheus - 13280-000 - Vinhedo - SP - Brasil",,,https://www.sumareleiloes.com.br/leiloes/5445,,mapa,,,https://www.sumareleiloes.com.br/leiloes/5445 | OBSERVAÇÃO: LOTES EM DIFERENTES LOCAIS DO BRASIL.
marcador-577,[PREFEITURA] - LEILÃO 2 - Sucatas - Vinhedo / SP,31-07-26,2026-08-13,13/08/2026,4:00,passado,SP,"Rua Guido Cinci, 149 - Jardim São Matheus - 13280-000 - Vinhedo - SP - Brasil",,,https://www.sumareleiloes.com.br/leiloes/5444,,mapa,,,https://www.sumareleiloes.com.br/leiloes/5444 | OBSERVAÇÃO: LOTES EM DIFERENTES LOCAIS DO BRASIL.
marcador-578,[PREFEITURA] - Sucatas - Vinhedo / SP,31-07-26,2026-08-13,13/08/2026,4:00,passado,SP,"Rua Guido Cinci, 149 - Jardim São Matheus - 13280-000 - Vinhedo - SP - Brasil",,,https://www.sumareleiloes.com.br/leiloes/5445,,mapa,,,https://www.sumareleiloes.com.br/leiloes/5445 | OBSERVAÇÃO: LOTES EM DIFERENTES LOCAIS DO BRASIL.
marcador-579,[PREFEITURA] - Sucatas - Vinhedo / SP,31-07-26,2026-08-13,13/08/2026,4:00,passado,SP,"Rua Guido Cinci, 149 - Jardim São Matheus - 13280-000 - Vinhedo - SP - Brasil",,,https://www.sumareleiloes.com.br/leiloes/5444,,mapa,,,https://www.sumareleiloes.com.br/leiloes/5444 | OBSERVAÇÃO: LOTES EM DIFERENTES LOCAIS DO BRASIL.
marcador-580,"[PREFEITURA] - Veículos, Caminhões, Motos - Vinhedo / SP",31-07-26,2026-08-13,13/08/2026,4:00,passado,SP,"Rua Guido Cinci, 149 - Jardim São Matheus - 13280-000 - Vinhedo - SP - Brasil",,,https://www.sumareleiloes.com.br/leiloes/5105,,mapa,,,https://www.sumareleiloes.com.br/leiloes/5105 | OBSERVAÇÃO: LOTES EM DIFERENTES LOCAIS DO BRASIL.
marcador-581,"[PREFEITURA] - Produtos, Sucatas - Duque de Caxias / RJ",31-07-26,2026-08-13,13/08/2026,4:00,passado,RJ,"Avenida Perimetral Sebastião Ferreira Dias, 786 - Vila Guanabara - 25086-020 - Duque de Caxias - RJ - Brasil",,,https://www.jvleiloes.lel.br/leilao/45/lotes,,mapa,,,https://www.jvleiloes.lel.br/leilao/45/lotes
marcador-582,"[PREFEITURA] - Caminhões, Equipamentos, Produtos, Sucatas - Marau / RS",31-07-26,2026-08-13,13/08/2026,4:00,passado,RS,"Irineu Ferlin, 355 - Centro - 99150-000 - Marau - RS - Brasil",,,https://www.peterlongoleiloes.com.br/eventos/leilao/3643/leilao-prefeitura-de-marau-rs,,mapa,,,https://www.peterlongoleiloes.com.br/eventos/leilao/3643/leilao-prefeitura-de-marau-rs
marcador-583,"[PREFEITURA] - Caminhões, Produtos - Analândia / SP",31-07-26,2026-08-13,13/08/2026,4:00,passado,SP,"Avenida Quatro, 381 - Centro - 13550-009 - Analândia - SP - Brasil",,,https://drive.google.com/file/d/1IhGkyRt_hxou75QYc6PZNOkL9cbB6g6H/view?usp=drive_link,,mapa,,,https://drive.google.com/file/d/1IhGkyRt_hxou75QYc6PZNOkL9cbB6g6H/view?usp=drive_link
marcador-584,"[PREFEITURA] - Motos, Veículos - Campos do Jordão / SP",31-07-26,2026-08-13,13/08/2026,4:00,passado,SP,"Avenida Frei Orestes Girardi, 893 - Vila Abernéssia - 12467012 - Campos do Jordão - SP - Brasil",,,https://liderleiloes.com.br/eventos/leilao/185/veiculos-conservados-carros-e-motos-sessao-publica-de-13-08-2026-a-partir-das-10h00,,mapa,,,https://liderleiloes.com.br/eventos/leilao/185/veiculos-conservados-carros-e-motos-sessao-publica-de-13-08-2026-a-partir-das-10h00
marcador-585,[PREFEITURA] - Sucatas - União / PI,31-07-26,2026-08-13,13/08/2026,4:00,passado,PI,"Coronel Narciso, S/N - Nossa Senhora das Graças - 64120-000 - União - PI - Brasil",,,https://mjleiloes.com.br/leiloes/75,,mapa,,,https://mjleiloes.com.br/leiloes/75 | OBSERVAÇÃO: LOTES EM DIFERENTES LOCAIS DA CIDADE.
marcador-586,[ÓRGÃO PÚBLICO] - Ônibus - Cantagalo / PR,31-07-26,2026-08-13,13/08/2026,4:00,passado,PR,Avenida Doutor Ciro José de Souza Filho - Vila Verde - 85160-000 - Cantagalo - PR - Brasil,,,https://drive.google.com/file/d/1aIpvyxyA1fYqmcsotHi8eKkYZpT2qKQr/view?usp=drive_link,,mapa,,,https://drive.google.com/file/d/1aIpvyxyA1fYqmcsotHi8eKkYZpT2qKQr/view?usp=drive_link
marcador-587,"[PREFEITURA] - Produtos, Sucatas - Itaboraí / RJ",31-07-26,2026-08-13,13/08/2026,4:00,passado,RJ,24800-165 - Itaboraí - RJ - Brasil,,,https://www.kronleiloes.com.br/evento/prefeitura-municipal-de-itaborai-rj-789958?searchType=opened&preOrderBy=orderByFirstOpenedOffers&pageNumber=1&pageSize=30&orderBy=lotNumber:asc;subLotNumber:asc&,,mapa,,,https://www.kronleiloes.com.br/evento/prefeitura-municipal-de-itaborai-rj-789958?searchType=opened&preOrderBy=orderByFirstOpenedOffers&pageNumber=1&pageSize=30&orderBy=lotNumber:asc;subLotNumber:asc&
marcador-588,[PREFEITURA] - Imóveis - Campo Grande / MS,31-07-26,2026-08-13,13/08/2026,4:00,passado,MS,"Avenida Afonso Pena, 3797 - Centro - 79002-949 - Campo Grande - MS - Brasil",,,https://www.mariafixerleiloes.com.br/leilao/index/leilao_id/97182/lote/207382,,mapa,,,https://www.mariafixerleiloes.com.br/leilao/index/leilao_id/97182/lote/207382
marcador-589,"[PREFEITURA] - Motos, Caminhões, Máquinas, Vans, Produtos, Sucatas - Itapeva / MG",31-07-26,2026-08-13,13/08/2026,4:00,passado,MG,"Assis Monteiro, 500 - Centro - 37655-000 - Itapeva - MG - Brasil",,,https://www.mgl.com.br/leilao/prefeitura-municipal-de-itapeva-mg/7303/#&Pagina=1&Index=1,,mapa,,,https://www.mgl.com.br/leilao/prefeitura-municipal-de-itapeva-mg/7303/#&Pagina=1&Index=1
marcador-590,"[PREFEITURA] - Imóveis, Presencial - Campo do Meio / MG",31-07-26,2026-08-13,13/08/2026,4:00,passado,MG,37165-000 - Campo do Meio - MG - Brasil,,,https://drive.google.com/file/d/1xOD8I2nX_EWCURKIzDkb2Ai67X1t_Tou/view?usp=drive_link,,mapa,,,https://drive.google.com/file/d/1xOD8I2nX_EWCURKIzDkb2Ai67X1t_Tou/view?usp=drive_link
marcador-591,"[PREFEITURA] - Veículos, Caminhões, Produtos, Sucatas - Rebouças / PR",31-07-26,2026-08-13,13/08/2026,4:00,passado,PR,84550000 - Rebouças - PR - Brasil,,,https://www.andreluizleiloes.com.br/evento/municipio-de-reboucas-789973?searchType=opened&preOrderBy=orderByFirstOpenedOffers&pageNumber=1&pageSize=30&orderBy=lotNumber:asc;subLotNumber:asc,,mapa,,,https://www.andreluizleiloes.com.br/evento/municipio-de-reboucas-789973?searchType=opened&preOrderBy=orderByFirstOpenedOffers&pageNumber=1&pageSize=30&orderBy=lotNumber:asc;subLotNumber:asc | OBSERVAÇÃO: LOTES EM DIFERENTES LOCAIS DO BRASIL.
marcador-592,[PREFEITURA] - Produtos - Clevelândia / PR,31-07-26,2026-08-13,13/08/2026,4:00,passado,PR,85530-000 - Clevelândia - PR - Brasil,,,https://drive.google.com/file/d/1J8ZucwtsPEDbeDjtGe0aXIcoj4ZWZth7/view?usp=drive_link,,mapa,,,https://drive.google.com/file/d/1J8ZucwtsPEDbeDjtGe0aXIcoj4ZWZth7/view?usp=drive_link
marcador-593,"[PREFEITURA] - Veículos, Caminhonetes, Vans, Ônibus, Máquinas, Equipamentos, Sucatas - Urupema / SC",31-07-26,2026-08-13,13/08/2026,4:00,passado,SC,88625-000 - Urupema - SC - Brasil,,,https://www.eckertleiloes.com.br/evento/municipio-de-urupema-sc-788627?searchType=opened&preOrderBy=orderByFirstOpenedOffers&pageNumber=1&pageSize=30&orderBy=lotNumber:asc;subLotNumber:asc&,,mapa,,,https://www.eckertleiloes.com.br/evento/municipio-de-urupema-sc-788627?searchType=opened&preOrderBy=orderByFirstOpenedOffers&pageNumber=1&pageSize=30&orderBy=lotNumber:asc;subLotNumber:asc&
marcador-594,"[PREFEITURA] - Máquinas, Ônibus, Equipamentos, Sucatas, Imóveis - Paim Filho / RS",31-07-26,2026-08-13,13/08/2026,4:00,passado,RS,99850-000 - Paim Filho - RS - Brasil,,,https://www.danielgarcialeiloes.com.br/leilao/7692/lotes,,mapa,,,https://www.danielgarcialeiloes.com.br/leilao/7692/lotes | OBSERVAÇÃO: LOTES EM DIFERENTES LOCAIS DO BRASIL.
marcador-595,"[PREFEITURA] - Máquinas, Ônibus, Equipamentos, Sucatas, Imóveis - Paim Filho / RS",31-07-26,2026-08-13,13/08/2026,4:00,passado,RS,99850-000 - Paim Filho - RS - Brasil,,,https://www.danielgarcialeiloes.com.br/leilao/7692/lotes,,mapa,,,https://www.danielgarcialeiloes.com.br/leilao/7692/lotes
marcador-596,[PREFEITURA] - MÁQUINAS/ÔNIBUS/EQUIPAMENTOS/SUCATAS/IMÓVEIS - Paim Filho - RS,31-07-26,2026-08-13,13/08/2026,4:00,passado,RS,"Paim Filho, RS, 99850-000, Brasil",,,https://www.danielgarcialeiloes.com.br/leilao/7692/lotes,,mapa,,,https://www.danielgarcialeiloes.com.br/leilao/7692/lotes •
marcador-597,[PREFEITURA] - VEÍCULOS/CAMINHONETES/VANS/ÔNIBUS/MÁQUINAS/EQUIPAMENTOS/SUCATAS - Urupema - SC,31-07-26,2026-08-13,13/08/2026,4:00,passado,SC,"Urupema, SC, 88625-000, Brasil",,,https://www.eckertleiloes.com.br/evento/municipio-de-urupema-sc-788627?searchType=opened&preOrderBy=orderByFirstOpenedOffers&pageNumber=1&pageSize=30&orderBy=lotNumber:asc;subLotNumber:asc&,,mapa,,,https://www.eckertleiloes.com.br/evento/municipio-de-urupema-sc-788627?searchType=opened&preOrderBy=orderByFirstOpenedOffers&pageNumber=1&pageSize=30&orderBy=lotNumber:asc;subLotNumber:asc& •
marcador-598,"[ÓRGÃO PÚBLICO] - DETRAN/BA - Motos, Veículos - Santo Antônio de Jesus / BA",31-07-26,2026-08-13,13/08/2026,5:00,passado,BA,44572425 - Santo Antônio de Jesus - BA - Brasil,,,https://www.cravoleiloes.com.br/leilao/1244/lotes,,mapa,,,https://www.cravoleiloes.com.br/leilao/1244/lotes
marcador-599,[ÓRGÃO PÚBLICO] - Caminhões - Belo Horizonte / MG,31-07-26,2026-08-13,13/08/2026,5:00,passado,MG,30000-000 - Belo Horizonte - MG - Brasil,,,https://leilao.detran.mg.gov.br/lotes/lista-lotes/3219/2026,,mapa,,,https://leilao.detran.mg.gov.br/lotes/lista-lotes/3219/2026
marcador-600,"[ÓRGÃO PÚBLICO] - DETRAN/MG - Sucatas, Motos, Veículos - Lavras / MG",31-07-26,2026-08-13,13/08/2026,5:00,passado,MG,Rua Gustavo Pena - Centro - 37200-001 - Lavras - MG - Brasil,,,https://leilao.detran.mg.gov.br/lotes/lista-lotes/3425/2026,,mapa,,,https://leilao.detran.mg.gov.br/lotes/lista-lotes/3425/2026
marcador-601,"[ÓRGÃO PÚBLICO] - SENAD - Caminhonetes, Veículos, Produtos - Salvador / BA",31-07-26,2026-08-13,13/08/2026,5:00,passado,BA,40000-000 - Salvador - BA - Brasil,,,https://www.bezerraleiloes.com.br/evento/leilao-senad-005-2026-policia-federal-790119?searchType=opened&preOrderBy=orderByFirstOpenedOffers&pageNumber=1&pageSize=30&orderBy=lotNumber:asc;subLotNumber:asc,,mapa,,,https://www.bezerraleiloes.com.br/evento/leilao-senad-005-2026-policia-federal-790119?searchType=opened&preOrderBy=orderByFirstOpenedOffers&pageNumber=1&pageSize=30&orderBy=lotNumber:asc;subLotNumber:asc | OBSERVAÇÃO: LOTES EM DIFERENTES ESTADOS DO BRASIL.
marcador-602,"[SEGURADORA] - Sucatas, Motos, Veículos - Rio de Janeiro / RJ",31-07-26,2026-08-13,13/08/2026,7:00,passado,RJ,"Avenida Brasil, 51467 - Campo Grande - 23065-480 - Rio de Janeiro - RJ - Brasil",,,https://www.rogeriomenezes.com.br/leilao/399,,mapa,,,https://www.rogeriomenezes.com.br/leilao/399 | OBSERVAÇÃO: LEILÃO EM LOTEAMENTO.
marcador-603,[FINANCEIRA] - Veículos - Caçapava / SP,31-07-26,2026-08-13,13/08/2026,7:00,passado,SP,"Rua Vereador Geraldo Nogueira da Silva, 3501 - Bairro do Grama - 12286-285 - Caçapava - SP - Brasil",,,https://www.guariglialeiloes.com.br/leilao/800/lotes,,mapa,,,https://www.guariglialeiloes.com.br/leilao/800/lotes
marcador-604,"[PRODUTOS] - Produtos, Equipamentos - Lagoa da Prata / MG",31-07-26,2026-08-13,13/08/2026,8:00,passado,MG,Rua Bahia - Centro - 35590-001 - Lagoa da Prata - MG - Brasil,,,https://www.mgl.com.br/leilao/bens-diversos/7104/#&Pagina=1&Index=1,,mapa,,,https://www.mgl.com.br/leilao/bens-diversos/7104/#&Pagina=1&Index=1
marcador-605,[PRODUTOS] - Equipamentos - Iguatama / MG,31-07-26,2026-08-13,13/08/2026,8:00,passado,MG,38910-000 - Iguatama - MG - Brasil,,,https://www.adrianoleiloeiro.com.br/evento/mandrilhadora-e-furadeira-790480?searchType=opened&preOrderBy=orderByFirstOpenedOffers&pageNumber=1&pageSize=30&orderBy=lotNumber:asc;subLotNumber:asc,,mapa,,,https://www.adrianoleiloeiro.com.br/evento/mandrilhadora-e-furadeira-790480?searchType=opened&preOrderBy=orderByFirstOpenedOffers&pageNumber=1&pageSize=30&orderBy=lotNumber:asc;subLotNumber:asc
marcador-606,[PRODUTOS] - Rio de Janeiro / RJ,31-07-26,2026-08-13,13/08/2026,8:00,passado,RJ,"Rua Assunção, 210 - Botafogo - 22251030 - Rio de Janeiro - RJ - Brasil",,,https://www.valdirteixeiraleiloeiro.com.br/leilao.asp?Num=62352,,mapa,,,https://www.valdirteixeiraleiloeiro.com.br/leilao.asp?Num=62352
marcador-607,[EMPRESA] - Veículos - Vargem Grande Paulista / SP,31-07-26,2026-08-13,13/08/2026,9:00,passado,SP,06730-060 - Vargem Grande Paulista - SP - Brasil,,,https://www.leilaoprime.com.br/leilao/50/lotes,,mapa,,,https://www.leilaoprime.com.br/leilao/50/lotes
marcador-608,[PRODUTOS] - Equipamentos - Lavras / MG,31-07-26,2026-08-13,13/08/2026,9:00,passado,MG,Rua Gustavo Pena - Centro - 37200-001 - Lavras - MG - Brasil,,,https://www.adrianoleiloeiro.com.br/evento/maquinas-para-marcenaria-784666?searchType=opened&preOrderBy=orderByFirstOpenedOffers&pageNumber=1&pageSize=30&orderBy=lotNumber:asc;subLotNumber:asc,,mapa,,,https://www.adrianoleiloeiro.com.br/evento/maquinas-para-marcenaria-784666?searchType=opened&preOrderBy=orderByFirstOpenedOffers&pageNumber=1&pageSize=30&orderBy=lotNumber:asc;subLotNumber:asc
marcador-609,[EMPRESA] - Mogi das Cruzes / SP,31-07-26,2026-08-13,13/08/2026,9:00,passado,SP,Avenida Francisco Ferreira Lopes - Braz Cubas - 08740-000 - Mogi das Cruzes - SP - Brasil,,,https://loopleiloes.com.br/eventos,,mapa,,,https://loopleiloes.com.br/eventos
marcador-610,"[EMPRESA] - G.A. LOCAÇÕES - Máquinas, Caminhonetes - Barretos / SP",31-07-26,2026-08-13,13/08/2026,9:00,passado,SP,14780-000 - Barretos - SP - Brasil,,,https://www.rossileiloes.com.br/leilao/detalhe/4781/GA,,mapa,,,https://www.rossileiloes.com.br/leilao/detalhe/4781/GA
marcador-611,"[EMPRESA] - MEGA AÇÃO - Equipamentos, Produtos - Açailândia / MA",31-07-26,2026-08-13,13/08/2026,9:00,passado,MA,65930-000 - Açailândia - MA - Brasil,,,https://leilaoonline.com.br/leilao/detalhe/4668,,mapa,,,https://leilaoonline.com.br/leilao/detalhe/4668 | OBSERVAÇÃO: LOTES EM DIFERENTES LOCAIS DO BRASIL.
marcador-612,[EMPRESA] - BEVAP - Produtos - São Paulo / SP,31-07-26,2026-08-13,13/08/2026,9:00,passado,SP,"Praça dos Omaguás, 98 - Pinheiros - 05419-020 - São Paulo - SP - Brasil",,,https://www.rossileiloes.com.br/leilao/detalhe/4779/Bikes,,mapa,,,https://www.rossileiloes.com.br/leilao/detalhe/4779/Bikes
marcador-613,[EMPRESA] - BEVAP - Produtos - São Paulo / SP,31-07-26,2026-08-13,13/08/2026,9:00,passado,SP,"Praça dos Omaguás, 98 - Pinheiros - 05419-020 - São Paulo - SP - Brasil",,,https://www.rossileiloes.com.br/leilao/detalhe/4779/Bikes,,mapa,,,https://www.rossileiloes.com.br/leilao/detalhe/4779/Bikes
marcador-614,[EMPRESA] - Veículos - Belo Horizonte / MG,31-07-26,2026-08-13,13/08/2026,9:00,passado,MG,"Rua Campo Mourão, 1070 - Bonsucesso (Barreiro) - 30622-565 - Belo Horizonte - MG - Brasil",,,https://www.casaleiloeira.com.br/evento/veiculo-sinistrado-recuperavel-784467?searchType=opened&preOrderBy=orderByFirstOpenedOffers&pageNumber=1&pageSize=30&orderBy=lotNumber:asc;subLotNumber:asc,,mapa,,,https://www.casaleiloeira.com.br/evento/veiculo-sinistrado-recuperavel-784467?searchType=opened&preOrderBy=orderByFirstOpenedOffers&pageNumber=1&pageSize=30&orderBy=lotNumber:asc;subLotNumber:asc
marcador-615,"[PREFEITURA] - Produtos, Sucatas, Motos, Veículos, Ônibus - Cruz / CE",31-07-26,2026-08-14,14/08/2026,4:00,passado,CE,62595-000 - Cruz - CE - Brasil,,,https://www.pereiraleiloesce.com.br/leilao/327/lotes,,mapa,,,https://www.pereiraleiloesce.com.br/leilao/327/lotes
marcador-616,"[PREFEITURA] - Veículos, Produtos, Vans - Arujá / SP",31-07-26,2026-08-14,14/08/2026,4:00,passado,SP,Avenida Pinerollo - Lavorare Arujá - 07400-001 - Arujá - SP - Brasil,,,https://www.faroonline.com.br/leilao/sucatas-diversas-bens-inserviveis-de-informatica-linha-branca-e-veiculos?page=2,,mapa,,,https://www.faroonline.com.br/leilao/sucatas-diversas-bens-inserviveis-de-informatica-linha-branca-e-veiculos?page=2
marcador-617,"[PREFEITURA] - Veículos, Ônibus, Máquinas, Caminhonetes, Sucatas - Capistrano / CE",31-07-26,2026-08-14,14/08/2026,4:00,passado,CE,Rua José saraiva sobrinho - 62748-000 - Capistrano - CE - Brasil,,,https://www.mgl.com.br/leilao/prefeitura-municipal-de-capistrano-ce/7356/#&Pagina=1&Index=1,,mapa,,,https://www.mgl.com.br/leilao/prefeitura-municipal-de-capistrano-ce/7356/#&Pagina=1&Index=1
marcador-618,"[PREFEITURA] - Veículos, Máquinas, Sucatas - Simão Dias / SE",31-07-26,2026-08-14,14/08/2026,4:00,passado,SE,"Serra do Cruzeiro - Estrada para a Fazenda Caiçá, S/N - 49480-000 - Simão Dias - SE - Brasil",,,https://www.rjleiloes.com.br/leilao/4769/lotes,,mapa,,,https://www.rjleiloes.com.br/leilao/4769/lotes
marcador-619,"[PREFEITURA] - Produtos, Equipamentos, Sucatas - Grandes Rios / PR",31-07-26,2026-08-14,14/08/2026,4:00,passado,PR,"Av. Brasil, 967 - Centro - 86845-000 - Grandes Rios - PR - Brasil",,,https://shopleiloes.leilao.br/leilao/42/leilao-de-bens-moveis-prefeitura-municipal-de-grandes-rios,,mapa,,,https://shopleiloes.leilao.br/leilao/42/leilao-de-bens-moveis-prefeitura-municipal-de-grandes-rios
marcador-620,"[PREFEITURA] - Veículos, Equipamentos, Máquinas, Sucatas, Caminhões, Presencial - Fagundes Varela / RS",31-07-26,2026-08-14,14/08/2026,4:00,passado,RS,"Avenida Alfredro Reali, 300 - Centro - 95333-000 - Fagundes Varela - RS - Brasil",,,https://www.cargneluttileiloes.com.br/leilao/4469/lotes,,mapa,,,https://www.cargneluttileiloes.com.br/leilao/4469/lotes
marcador-621,"[PREFEITURA] - Imóveis, Sucatas, Ônibus, Veículos, Caminhonetes, Vans, Caminhões, Máquinas, Equipamentos, Presencial - Pompéu / MG",31-07-26,2026-08-14,14/08/2026,4:00,passado,MG,"Av. Galdino Morato de Menezes, 100 - São José - 35640-000 - Pompéu - MG - Brasil",,,https://www.pwleiloes.com.br/leilao/prefeitura-municipal-de-pompeu/583/#Pagina=1&Index=1,,mapa,,,https://www.pwleiloes.com.br/leilao/prefeitura-municipal-de-pompeu/583/#Pagina=1&Index=1 | OBSERVAÇÃO: LOTES EM DIFERENTES LOCAIS DA CIDADE.
marcador-622,"[PREFEITURA] - Imóveis, Equipamentos, Máquinas, Ônibus, Sucatas - Maximiliano de Almeida / RS",31-07-26,2026-08-14,14/08/2026,4:00,passado,RS,"José Bonifácio, 340 - Centro - 99890-000 - Maximiliano de Almeida - RS - Brasil",,,https://www.pagliarinileiloes.com.br/evento/municipio-de-maximiliano-de-almeida-rs-784460?searchType=opened&preOrderBy=orderByFirstOpenedOffers&pageNumber=1&pageSize=30&orderBy=lotNumber:asc;subLotNumber:asc,,mapa,,,https://www.pagliarinileiloes.com.br/evento/municipio-de-maximiliano-de-almeida-rs-784460?searchType=opened&preOrderBy=orderByFirstOpenedOffers&pageNumber=1&pageSize=30&orderBy=lotNumber:asc;subLotNumber:asc | OBSERVAÇÃO: LOTES EM DIFERENTES LOCAIS DA CIDADE.
marcador-623,"[PREFEITURA] - Sucatas, Vans, Caminhões, Veículos, Presencial - Paulo Lopes / SC",31-07-26,2026-08-14,14/08/2026,4:00,passado,SC,"José Pereira da Silva, 130 - Centro - 88490-000 - Paulo Lopes - SC - Brasil",,,https://www.jorgemarcoleiloes.com.br/evento/leilao-municipio-de-paulo-lopes-sc-790060?searchType=opened&preOrderBy=orderByFirstOpenedOffers&pageNumber=1&pageSize=30&orderBy=lotNumber:asc;subLotNumber:asc,,mapa,,,https://www.jorgemarcoleiloes.com.br/evento/leilao-municipio-de-paulo-lopes-sc-790060?searchType=opened&preOrderBy=orderByFirstOpenedOffers&pageNumber=1&pageSize=30&orderBy=lotNumber:asc;subLotNumber:asc
marcador-624,"[PREFEITURA] - Motos, Caminhonetes, Veículos, Ônibus, Caminhões, Vans, Máquinas, Equipamentos, Sucatas - Afonso Cláudio / ES",31-07-26,2026-08-14,14/08/2026,4:00,passado,ES,"João Batista de Araújo, 83 - São Vicente - 29600-000 - Afonso Cláudio - ES - Brasil",,,https://www.danielgarcialeiloes.com.br/leilao/7732/lotes,,mapa,,,https://www.danielgarcialeiloes.com.br/leilao/7732/lotes
marcador-625,[PREFEITURA] - LEILÃO 2 - Sucatas - Afonso Cláudio / ES,31-07-26,2026-08-14,14/08/2026,4:00,passado,ES,"João Batista de Araújo, 83 - São Vicente - 29600-000 - Afonso Cláudio - ES - Brasil",,,https://www.danielgarcialeiloes.com.br/leilao/7738/lotes,,mapa,,,https://www.danielgarcialeiloes.com.br/leilao/7738/lotes
marcador-626,"[PREFEITURA] - Caminhões, Veículos, Vans, Caminhonetes, Produtos, Sucatas - Arujá / SP",31-07-26,2026-08-14,14/08/2026,4:00,passado,SP,Avenida Pinerollo - Lavorare Arujá - 07400-000 - Arujá - SP - Brasil,,,https://www.faroonline.com.br/leilao/sucatas-diversas-bens-inserviveis-de-informatica-linha-branca-e-veiculos,,mapa,,,https://www.faroonline.com.br/leilao/sucatas-diversas-bens-inserviveis-de-informatica-linha-branca-e-veiculos
marcador-627,"[PREFEITURA] - Caminhões, Veículos, Vans, Caminhonetes, Produtos, Sucatas - Arujá / SP",31-07-26,2026-08-14,14/08/2026,4:00,passado,SP,07400-012 - Arujá - SP - Brasil,,,https://www.faroonline.com.br/leilao/sucatas-diversas-bens-inserviveis-de-informatica-linha-branca-e-veiculos,,mapa,,,https://www.faroonline.com.br/leilao/sucatas-diversas-bens-inserviveis-de-informatica-linha-branca-e-veiculos
marcador-628,[ÓRGÃO PÚBLICO] - DETRAN/BA - Sucatas - Barreiras / BA,31-07-26,2026-08-14,14/08/2026,5:00,passado,BA,"Rua 24 de Outubro, 6448 - Centro - 47800970 - Barreiras - BA - Brasil",,,https://www.rjleiloes.com.br/leilao/4772/lotes,,mapa,,,https://www.rjleiloes.com.br/leilao/4772/lotes
marcador-629,[ÓRGÃO PÚBLICO] - DETRAN/BA - Motos - Irecê / BA,31-07-26,2026-08-14,14/08/2026,5:00,passado,BA,"Avenida Primeiro de Janeiro, 2805 - Alto do Moura - 44900000 - Irecê - BA - Brasil",,,https://www.rjleiloes.com.br/leilao/4771/lotes,,mapa,,,https://www.rjleiloes.com.br/leilao/4771/lotes
marcador-630,[ÓRGÃO PÚBLICO] - DETRAN - Sucatas - Recife / PE,31-07-26,2026-08-14,14/08/2026,5:00,passado,PE,Estrada do Barbalho - Iputinga - 50690-900 - Recife - PE - Brasil,,,https://www.lancecertoleiloes.com.br/leilao/140826SU,,mapa,,,https://www.lancecertoleiloes.com.br/leilao/140826SU | OBSERVAÇÃO: LOTES EM DIFERENTES LOCAIS DO BRASIL.
marcador-631,"[ÓRGÃO PÚBLICO] - CTTU - Motos, Veículos - Recife / PE",31-07-26,2026-08-14,14/08/2026,5:00,passado,PE,Avenida Cruz Cabugá - Santo Amaro - 50040-000 - Recife - PE - Brasil,,,https://www.lancecertoleiloes.com.br/leilao/140826CTTUVE,,mapa,,,https://www.lancecertoleiloes.com.br/leilao/140826CTTUVE
marcador-632,[ÓRGÃO PÚBLICO] - CTTU - Sucatas - Recife / PE,31-07-26,2026-08-14,14/08/2026,5:00,passado,PE,Avenida Cruz Cabugá - Santo Amaro - 50040-000 - Recife - PE - Brasil,,,https://www.lancecertoleiloes.com.br/leilao/140826CTTUSU,,mapa,,,https://www.lancecertoleiloes.com.br/leilao/140826CTTUSU
marcador-633,"[ÓRGÃO PÚBLICO] - DETRAN - Motos, Veículos, Sucatas - Petrolina / PE",31-07-26,2026-08-14,14/08/2026,5:00,passado,PE,Rua Antonio Macedo Filho - Distrito Industrial - 56308-425 - Petrolina - PE - Brasil,,,https://www.lancecertoleiloes.com.br/leilao/140826VE,,mapa,,,https://www.lancecertoleiloes.com.br/leilao/140826VE | OBSERVAÇÃO: LOTES EM DIFERENTES LOCAIS DO BRASIL.
marcador-634,"[EXÉRCITO] - EMGEPRON - Veículos, Vans, Equipamentos - São Pedro da Aldeia / RJ",31-07-26,2026-08-14,14/08/2026,5:00,passado,RJ,COMANDANTE ITURIEL - FLUMINENSE - 28940-000 - São Pedro da Aldeia - RJ - Brasil,,,https://www.joaoemilio.com.br/leilao/6052/lotes,,mapa,,,https://www.joaoemilio.com.br/leilao/6052/lotes | OBSERVAÇÃO: LOTES EM DIFERENTES LOCAIS DO BRASIL.
marcador-635,"[EXÉRCITO] - EMGEPRON - Veículos, Vans, Equipamentos - São Pedro da Aldeia / RJ",31-07-26,2026-08-14,14/08/2026,6:00,passado,RJ,COMANDANTE ITURIEL - FLUMINENSE - 28940-000 - São Pedro da Aldeia - RJ - Brasil,,,https://www.joaoemilio.com.br/leilao/6052/lotes,,mapa,,,https://www.joaoemilio.com.br/leilao/6052/lotes | OBSERVAÇÃO: LOTES EM DIFERENTES LOCAIS DO BRASIL.
marcador-636,[FINANCEIRA] - Veículos - Mogi das Cruzes / SP,31-07-26,2026-08-14,14/08/2026,7:00,passado,SP,Avenida Francisco Ferreira Lopes - Braz Cubas - 08740-000 - Mogi das Cruzes - SP - Brasil,,,https://loopleiloes.com.br/eventos,,mapa,,,https://loopleiloes.com.br/eventos
marcador-637,"[FINANCEIRA] - Caminhões, Máquinas, Equipamentos - Prudentópolis / PR",31-07-26,2026-08-14,14/08/2026,7:00,passado,PR,84400000 - Prudentópolis - PR - Brasil,,,https://www.andreluizleiloes.com.br/evento/corporativo-790016?searchType=opened&preOrderBy=orderByFirstOpenedOffers&pageNumber=1&pageSize=30&orderBy=lotNumber:asc;subLotNumber:asc,,mapa,,,https://www.andreluizleiloes.com.br/evento/corporativo-790016?searchType=opened&preOrderBy=orderByFirstOpenedOffers&pageNumber=1&pageSize=30&orderBy=lotNumber:asc;subLotNumber:asc | OBSERVAÇÃO: LOTES EM DIFERENTES LOCAIS DO BRASIL.
marcador-638,[PRODUTOS] - Produtos - São Bernardo do Campo / SP,31-07-26,2026-08-14,14/08/2026,8:00,passado,SP,"Estrada dos Alvarengas, 360 - Assunção - 09850-550 - São Bernardo do Campo - SP - Brasil",,,https://www.nossoleilao.com.br/leilao/827/lotes,,mapa,,,https://www.nossoleilao.com.br/leilao/827/lotes
marcador-639,"[EMPRESA] - Máquinas, Equipamentos, Produtos - Colíder / MT",31-07-26,2026-08-14,14/08/2026,8:00,passado,MT,"Av. Tancredo Neves, 586 - Boa Esperança - 78500-000 - Colíder - MT - Brasil",,,https://www.pestanaleiloes.com.br/agenda-de-leiloes/6091?lotePage=1&loteQty=12,,mapa,,,https://www.pestanaleiloes.com.br/agenda-de-leiloes/6091?lotePage=1&loteQty=12
marcador-640,"[EMPRESA] - Máquinas, Produtos - Jundiaí / SP",31-07-26,2026-08-14,14/08/2026,9:00,passado,SP,Avenida Osmundo dos Santos Pellegrini - Recanto Quarto Centenário - 13211-745 - Jundiaí - SP - Brasil,,,https://www.sodresantoro.com.br/leilao/28860,,mapa,,,https://www.sodresantoro.com.br/leilao/28860 | OBSERVAÇÃO: LOTES EM DIFERENTES LOCAIS DO BRASIL.
marcador-641,"[EMPRESA] - Sucatas, Veículos - Belo Horizonte / MG",31-07-26,2026-08-14,14/08/2026,9:00,passado,MG,30000000 - Belo Horizonte - MG - Brasil,,,https://www.casaleiloeira.com.br/evento/veiculo-sinistrado-recuperavel-e-sucatas-790397?searchType=opened&preOrderBy=orderByFirstOpenedOffers&pageNumber=1&pageSize=30&orderBy=lotNumber:asc;subLotNumber:asc,,mapa,,,https://www.casaleiloeira.com.br/evento/veiculo-sinistrado-recuperavel-e-sucatas-790397?searchType=opened&preOrderBy=orderByFirstOpenedOffers&pageNumber=1&pageSize=30&orderBy=lotNumber:asc;subLotNumber:asc
marcador-642,[PREFEITURA] - Sucatas - Campos do Jordão / SP,31-07-26,2026-08-15,15/08/2026,4:00,passado,SP,"Avenida Frei Orestes Girardi, 893 - Vila Abernéssia - 12467-012 - Campos do Jordão - SP - Brasil",,,https://liderleiloes.com.br/eventos/leilao/173/sucata-inservivel-para-compactacao-peso-estimado-em-103-310-toneladas-sessao-publica-14-08-2026-a-partir-das-10h00,,mapa,,,https://liderleiloes.com.br/eventos/leilao/173/sucata-inservivel-para-compactacao-peso-estimado-em-103-310-toneladas-sessao-publica-14-08-2026-a-partir-das-10h00
marcador-643,"[FINANCEIRA] - Motos, Veículos, Caminhões - São José dos Pinhais / PR",31-07-26,2026-08-15,15/08/2026,7:00,passado,PR,83015-999 - São José dos Pinhais - PR - Brasil,,,https://loopleiloes.com.br/eventos/evento-exclusivo/2702,,mapa,,,https://loopleiloes.com.br/eventos/evento-exclusivo/2702
marcador-644,[PRODUTOS] - FIRJAN - Produtos - Juiz de Fora / MG,31-07-26,2026-08-15,15/08/2026,8:00,passado,MG,36001-000 - Juiz de Fora - MG - Brasil,,,https://www.mgl.com.br/leilao/pecas-automotivas/7281/#&Pagina=1&Index=1,,mapa,,,https://www.mgl.com.br/leilao/pecas-automotivas/7281/#&Pagina=1&Index=1
marcador-645,"[EMPRESA] - Caminhonetes, Veículos, Vans, Caminhões - São Paulo / SP",31-07-26,2026-08-15,15/08/2026,9:00,passado,SP,"Rua Borges de Figueiredo, 1098 - Mooca - 03110-001 - São Paulo - SP - Brasil",,,https://www.picellileiloes.com.br/leilao/leilao-de-veiculos-antigos-especiais-garagem-55,,mapa,,,https://www.picellileiloes.com.br/leilao/leilao-de-veiculos-antigos-especiais-garagem-55
marcador-646,"[PREFEITURA] - Veículos, Vans, Ônibus - Imbé de Minas / MG",31-07-26,2026-08-17,17/08/2026,4:00,passado,MG,35323-000 - Imbé de Minas - MG - Brasil,,,https://www.pwleiloes.com.br/leilao/prefeitura-municipal-de-imbe-de-minas/586/#Pagina=1&Index=2,,mapa,,,https://www.pwleiloes.com.br/leilao/prefeitura-municipal-de-imbe-de-minas/586/#Pagina=1&Index=2
marcador-647,"[PREFEITURA] - Veículos, Caminhonetes, Vans, Ônibus, Caminhões, Equipamentos, Sucatas - Barra do Jacaré / PR",31-07-26,2026-08-17,17/08/2026,4:00,passado,PR,"Rua Rui Barbosa, 96 - Centro - 86385-000 - Barra do Jacaré - PR - Brasil",,,https://lbleiloes.com.br/leilao/27/prefeitura-municipal-de-barra-do-jacare-pr,,mapa,,,https://lbleiloes.com.br/leilao/27/prefeitura-municipal-de-barra-do-jacare-pr
marcador-648,"[PREFEITURA] - Ônibus, Vans, Equipamentos, Imóveis, Produtos, Presencial - Arvorezinha / RS",31-07-26,2026-08-17,17/08/2026,4:00,passado,RS,"R. Carlos Scheffer, 1020 - Centro - 95995-000 - Arvorezinha - RS - Brasil",,,https://www.nsleiloes.leilao.br/leilao/leilao-da-prefeitura-de-arvorezinha-rs-24-07-2026-16-29-49/lotes/lista,,mapa,,,https://www.nsleiloes.leilao.br/leilao/leilao-da-prefeitura-de-arvorezinha-rs-24-07-2026-16-29-49/lotes/lista
marcador-649,"[PREFEITURA] - Veículos, Caminhonetes, Vans, Máquinas - Catuti / MG",31-07-26,2026-08-17,17/08/2026,4:00,passado,MG,"Praça Presidente Vargas, 01 - Centro - 39526-000 - Catuti - MG - Brasil",,,https://www.mgl.com.br/leilao/prefeitura-municipal-de-catuti-mg/7358/#&Pagina=1&Index=1,,mapa,,,https://www.mgl.com.br/leilao/prefeitura-municipal-de-catuti-mg/7358/#&Pagina=1&Index=1
marcador-650,"[PREFEITURA] - Máquinas, Veículos - Sud Mennucci / SP",31-07-26,2026-08-17,17/08/2026,4:00,passado,SP,"Rua João Medeiros, S/N - 15360-000 - Sud Mennucci - SP - Brasil",,,https://drive.google.com/file/d/1gyzAsxSl2an0KmPdQ4S8xUvyGXxO6Poh/view?usp=drive_link,,mapa,,,https://drive.google.com/file/d/1gyzAsxSl2an0KmPdQ4S8xUvyGXxO6Poh/view?usp=drive_link
marcador-651,"[PREFEITURA] - Produtos, Equipamentos, Caminhonetes, Veículos, Vans, Motos, Ônibus - Boa Vista / RR",31-07-26,2026-08-17,17/08/2026,4:00,passado,RR,"Rua Pacaraima, 361 - São Vicente - 69303-360 - Boa Vista - RR - Brasil",,,https://www.wrleiloes.com.br/leilao/771/leilao-prefeitura-municipal-de-boa-vista-rr,,mapa,,,https://www.wrleiloes.com.br/leilao/771/leilao-prefeitura-municipal-de-boa-vista-rr | OBSERVAÇÃO: LOTES EM DIFERENTES LOCAIS DA CIDADE.
marcador-652,"[PREFEITURA] - Caminhonetes, Máquinas, Ônibus, Veículos, Produtos, Sucatas, Imóveis, Presencial - Muliterno / RS",31-07-26,2026-08-17,17/08/2026,4:00,passado,RS,"Rua 20 de Março, 156 - Centro - 99990-000 - Muliterno - RS - Brasil",,,https://www.fernandaleiloes.lel.br/leilao/leilao-de-bens-inserviveis-da-prefeitura-municipal-de-muliterno-rs-20-07-2026-14-20-05/lotes/lista,,mapa,,,https://www.fernandaleiloes.lel.br/leilao/leilao-de-bens-inserviveis-da-prefeitura-municipal-de-muliterno-rs-20-07-2026-14-20-05/lotes/lista
marcador-653,"[PREFEITURA] - Produtos, Máquinas, Ônibus, Equipamentos - Belém / PB",31-07-26,2026-08-17,17/08/2026,4:00,passado,PB,"Rua Flávio Ribeiro, 74 - Centro - 58255-000 - Belém - PB - Brasil",,,https://www.mgl.com.br/leilao/prefeitura-municipl-de-belem-pb/7342/#&Pagina=1&Index=1,,mapa,,,https://www.mgl.com.br/leilao/prefeitura-municipl-de-belem-pb/7342/#&Pagina=1&Index=1 | OBSERVAÇÃO: LOTES EM DIFERENTES LOCAIS DA CIDADE.
marcador-654,"[PREFEITURA] - Produtos, Sucatas, Ônibus, Máquinas, Vans, Caminhões, Presencial - Indiana / SP",31-07-26,2026-08-17,17/08/2026,4:00,passado,SP,"Rua Capitão Whitaker, 407 - Centro - 19560-029 - Indiana - SP - Brasil",,,https://drive.google.com/file/d/1dIhyGfH05bqeq3K_nXpEct_42IYbq-xD/view?usp=drive_link,,mapa,,,https://drive.google.com/file/d/1dIhyGfH05bqeq3K_nXpEct_42IYbq-xD/view?usp=drive_link
marcador-655,"[PREFEITURA] - Ônibus, Produtos, Caminhonetes, Vans, Máquinas, Equipamentos, Sucatas - Cândido Mota / SP",31-07-26,2026-08-17,17/08/2026,4:00,passado,SP,19880-000 - Cândido Mota - SP - Brasil,,,https://www.sumareleiloes.com.br/leiloes/5362,,mapa,,,https://www.sumareleiloes.com.br/leiloes/5362 | OBSERVAÇÃO: LOTES EM DIFERENTES LOCAIS DA CIDADE.
marcador-656,"[PREFEITURA] - Veículos, Vans, Máquinas - Iapu / MG",31-07-26,2026-08-17,17/08/2026,4:00,passado,MG,35190-000 - Iapu - MG - Brasil,,,https://mjleiloes.com.br/leiloes/126,,mapa,,,https://mjleiloes.com.br/leiloes/126
marcador-657,[PREFEITURA] - Produtos - São Joaquim de Bicas / MG,31-07-26,2026-08-17,17/08/2026,4:00,passado,MG,"Estrada Municipal, 1500 -  Estancia Serra Verde - 32920-000 - São Joaquim de Bicas - MG - Brasil",,,https://www.bbmnetleiloes.com.br/evento/materiais-reciclaveis-separados-vidro-e-pneus-789968?searchType=opened&preOrderBy=orderByFirstOpenedOffers&pageNumber=1&pageSize=30&orderBy=lotNumber:asc;subLotNumber:asc,,mapa,,,https://www.bbmnetleiloes.com.br/evento/materiais-reciclaveis-separados-vidro-e-pneus-789968?searchType=opened&preOrderBy=orderByFirstOpenedOffers&pageNumber=1&pageSize=30&orderBy=lotNumber:asc;subLotNumber:asc
marcador-658,"[PREFEITURA] - Equipamentos, Veículos, Caminhonetes, Vans, Produtos, Sucatas - São Lourenço / MG",31-07-26,2026-08-17,17/08/2026,4:00,passado,MG,37470-000 - São Lourenço - MG - Brasil,,,https://www.sandroleiloeiro.com.br/leilao/prefeitura-municipal-de-sao-lourenco-mg-15-07-2026-08-43-43/lotes/lista,,mapa,,,https://www.sandroleiloeiro.com.br/leilao/prefeitura-municipal-de-sao-lourenco-mg-15-07-2026-08-43-43/lotes/lista
marcador-659,"[PREFEITURA] - Veículos, Caminhões, Equipamentos, Sucatas, Imóveis - Mondaí / SC",31-07-26,2026-08-17,17/08/2026,4:00,passado,SC,"Carlos Emilio Marquardt, 47 - 89893-000 - Mondaí - SC - Brasil",,,https://www.eckertleiloes.com.br/evento/municipio-de-mondai-sc-789669?searchType=opened&preOrderBy=orderByFirstOpenedOffers&pageNumber=1&pageSize=30&orderBy=lotNumber:asc;subLotNumber:asc&,,mapa,,,https://www.eckertleiloes.com.br/evento/municipio-de-mondai-sc-789669?searchType=opened&preOrderBy=orderByFirstOpenedOffers&pageNumber=1&pageSize=30&orderBy=lotNumber:asc;subLotNumber:asc&
marcador-660,"[PREFEITURA] - Veículos, Caminhões, Equipamentos, Sucatas, Imóveis - Mondaí / SC",31-07-26,2026-08-17,17/08/2026,4:00,passado,SC,"Carlos Emilio Marquardt, 47 - 89893-000 - Mondaí - SC - Brasil",,,https://www.eckertleiloes.com.br/evento/municipio-de-mondai-sc-789669?searchType=opened&preOrderBy=orderByFirstOpenedOffers&pageNumber=1&pageSize=30&orderBy=lotNumber:asc;subLotNumber:asc&,,mapa,,,https://www.eckertleiloes.com.br/evento/municipio-de-mondai-sc-789669?searchType=opened&preOrderBy=orderByFirstOpenedOffers&pageNumber=1&pageSize=30&orderBy=lotNumber:asc;subLotNumber:asc&
marcador-661,"[ÓRGÃO PÚBLICO] - MPES - Produtos, Sucatas, Veículos - Vitória / ES",31-07-26,2026-08-17,17/08/2026,5:00,passado,ES,"Rua Desembargador Homero Mafra, 188 - Enseada do Suá - 29050-275 - Vitória - ES - Brasil",,,https://www.mgl.com.br/leilao/ministerio-publico-do-estado-do-espirito-santo-mpes/7344/#&Pagina=1&Index=2,,mapa,,,https://www.mgl.com.br/leilao/ministerio-publico-do-estado-do-espirito-santo-mpes/7344/#&Pagina=1&Index=2
marcador-662,"[ÓRGÃO PÚBLICO] - MPES - Produtos, Sucatas - Vitória / ES",31-07-26,2026-08-17,17/08/2026,5:00,passado,ES,"Rua Desembargador Homero Mafra, 188 - Enseada do Suá - 29050-275 - Vitória - ES - Brasil",,,https://www.mgl.com.br/leilao/ministerio-publico-do-estado-do-espirito-santo-mpes/7344/#&Pagina=1&Index=2,,mapa,,,https://www.mgl.com.br/leilao/ministerio-publico-do-estado-do-espirito-santo-mpes/7344/#&Pagina=1&Index=2
marcador-663,[ÓRGÃO PÚBLICO] - DETRAN/BA - Sucatas - Feira de Santana / BA,31-07-26,2026-08-17,17/08/2026,5:00,passado,BA,"Rua Arcolin, 820 - Papagaio - 44062305 - Feira de Santana - BA - Brasil",,,https://danielgarcialeiloes.com.br/leilao/7759/lotes,,mapa,,,https://danielgarcialeiloes.com.br/leilao/7759/lotes | OBSERVAÇÃO: LOTES EM DIFERENTES LOCAIS DO BRASIL.
marcador-664,"[ÓRGÃO PÚBLICO] - UFPR - Produtos, Equipamentos, Veículos, Caminhonetes, Sucatas - Curitiba / PR",31-07-26,2026-08-17,17/08/2026,5:00,passado,PR,"Rua dos Funcionários, 1540 - Juvevê - 80035-050 - Curitiba - PR - Brasil",,,https://www.kronleiloes.com.br/evento/universidade-federal-do-parana-pr-784772?searchType=opened&preOrderBy=orderByFirstOpenedOffers&pageNumber=1&pageSize=30&orderBy=lotNumber:asc;subLotNumber:asc&,,mapa,,,https://www.kronleiloes.com.br/evento/universidade-federal-do-parana-pr-784772?searchType=opened&preOrderBy=orderByFirstOpenedOffers&pageNumber=1&pageSize=30&orderBy=lotNumber:asc;subLotNumber:asc& | OBSERVAÇÃO: LOTES EM DIFERENTES LOCAIS DA CIDADE.
marcador-665,"[ÓRGÃO PÚBLICO] - DETRAN/BA - Motos, Veículos - Feira de Santana / BA",31-07-26,2026-08-17,17/08/2026,5:00,passado,BA,"Rua Arcolin, 820 - Papagaio - 44062305 - Feira de Santana - BA - Brasil",,,https://danielgarcialeiloes.com.br/leilao/7759/lotes,,mapa,,,https://danielgarcialeiloes.com.br/leilao/7759/lotes | OBSERVAÇÃO: LOTES EM DIFERENTES LOCAIS DO BRASIL.
marcador-666,"[ÓRGÃO PÚBLICO] - DETRAN/BA - Motos, Veículos - Vitória da Conquista / BA",31-07-26,2026-08-17,17/08/2026,5:00,passado,BA,"Avenida Laura Nunes, 330 - Boa Vista - 45026100 - Vitória da Conquista - BA - Brasil",,,https://danielgarcialeiloes.com.br/leilao/7758/lotes,,mapa,,,https://danielgarcialeiloes.com.br/leilao/7758/lotes | OBSERVAÇÃO: LOTES EM DIFERENTES LOCAIS DO BRASIL.
marcador-667,"[ÓRGÃO PÚBLICO] - DETRN/BA - Motos, Veículos - Feira de Santana / BA",31-07-26,2026-08-17,17/08/2026,5:00,passado,BA,"Rua Arcolin, 820 - Papagaio - 44062305 - Feira de Santana - BA - Brasil",,,https://danielgarcialeiloes.com.br/leilao/7758/lotes,,mapa,,,https://danielgarcialeiloes.com.br/leilao/7758/lotes | OBSERVAÇÃO: LOTES EM DIFEENTES LOCAIS DO BRASIL.
marcador-668,"[ÓRGÃO PÚBLICO] - RECEITA FEDERAL - Veículos, Equipamentos, Caminhonetes, Ônibus, Produtos - Foz do Iguaçu / PR",31-07-26,2026-08-17,17/08/2026,5:00,passado,PR,"Avenida Paraná, 2485 - Monjolo - 85864-455 - Foz do Iguaçu - PR - Brasil",,,https://www25.receita.fazenda.gov.br/sle-sociedade/portal/edital/900100/9/2026,,mapa,,,https://www25.receita.fazenda.gov.br/sle-sociedade/portal/edital/900100/9/2026 | OBSERVAÇÃO: LOTES EM DIFERENTES LOCAIS DO BRASIL.
marcador-669,[ÓRGÃO PÚBLICO] - RECEITA FEDERAL - Produtos - Mesquita / RJ,31-07-26,2026-08-17,17/08/2026,5:00,passado,RJ,"Rua Virgílio, 10501 - Juscelino - 26550-150 - Mesquita - RJ - Brasil",,,https://www25.receita.fazenda.gov.br/sle-sociedade/portal/edital/700100/10/2026,,mapa,,,https://www25.receita.fazenda.gov.br/sle-sociedade/portal/edital/700100/10/2026
marcador-670,"[ÓRGÃO PÚBLICO] - CORREIOS - Veículos, Vans, Caminhonetes - Porto Alegre / RS",31-07-26,2026-08-17,17/08/2026,5:00,passado,RS,"Avenida Sertório, 4222 - Jardim São Pedro - 91040-620 - Porto Alegre - RS - Brasil",,,https://drive.google.com/file/d/1ybVg_tih1H05wKIvFo3qhwiNjeQZRdsq/view?usp=drive_link,,mapa,,,https://drive.google.com/file/d/1ybVg_tih1H05wKIvFo3qhwiNjeQZRdsq/view?usp=drive_link
marcador-671,[SEGURADORA] - Sucatas - Rio de Janeiro / RJ,31-07-26,2026-08-17,17/08/2026,7:00,passado,RJ,"Avenida Brasil, 51467 - Campo Grande - 23065-480 - Rio de Janeiro - RJ - Brasil",,,https://www.rogeriomenezes.com.br/leilao/1328,,mapa,,,https://www.rogeriomenezes.com.br/leilao/1328 | OBSERVAÇÃO: LEILÃO EM LOTEAMENTO
marcador-672,[SEGURADORA] - Sucatas - Rio de Janeiro / RJ,31-07-26,2026-08-17,17/08/2026,7:00,passado,RJ,"Avenida Brasil, 51467 - Campo Grande - 23065-480 - Rio de Janeiro - RJ - Brasil",,,https://www.rogeriomenezes.com.br/leilao/1270,,mapa,,,https://www.rogeriomenezes.com.br/leilao/1270 | OBSERVAÇÃO: LOTES EM DIFERENTES LOCAIS DO BRASIL.
marcador-673,"[PRODUTOS] - Produtos, Equipamentos - Vargem Grande Paulista / SP",31-07-26,2026-08-17,17/08/2026,8:00,passado,SP,Rua José Pires da Silva - Novo Centro - 06730-060 - Vargem Grande Paulista - SP - Brasil,,,https://www.leilaoprime.com.br/leilao/51/lotes,,mapa,,,https://www.leilaoprime.com.br/leilao/51/lotes
marcador-674,[PRODUTOS] - Produtos - São Paulo / SP,31-07-26,2026-08-17,17/08/2026,8:00,passado,SP,"Rua Vinte e Quatro de Maio, 247 - República - 01041-001 - São Paulo - SP - Brasil",,,https://www.rivaldodantasleiloes.com.br/leilao.asp?Num=63400,,mapa,,,https://www.rivaldodantasleiloes.com.br/leilao.asp?Num=63400
marcador-675,[PRODUTOS] - Produtos - São Paulo / SP,31-07-26,2026-08-17,17/08/2026,8:00,passado,SP,"Rua Vinte e Quatro de Maio, 247 - República - 01041-001 - São Paulo - SP - Brasil",,,https://www.rivaldodantasleiloes.com.br/leilao.asp?Num=63400,,mapa,,,https://www.rivaldodantasleiloes.com.br/leilao.asp?Num=63400
marcador-676,[EMPRESA] - Produtos - São Joaquim de Bicas / MG,31-07-26,2026-08-17,17/08/2026,9:00,passado,MG,Rua Pernambuco - Tereza Cristina - 32920970 - São Joaquim de Bicas - MG - Brasil,,,https://www.bbmnetleiloes.com.br/evento/materiais-reciclaveis-separados-vidro-e-pneus-789968?searchType=opened&preOrderBy=orderByFirstOpenedOffers&pageNumber=1&pageSize=30&orderBy=lotNumber:asc;subLotNumber:asc,,mapa,,,https://www.bbmnetleiloes.com.br/evento/materiais-reciclaveis-separados-vidro-e-pneus-789968?searchType=opened&preOrderBy=orderByFirstOpenedOffers&pageNumber=1&pageSize=30&orderBy=lotNumber:asc;subLotNumber:asc
marcador-677,[EMPRESA] - Veículos - Mogi das Cruzes / SP,31-07-26,2026-08-17,17/08/2026,9:00,passado,SP,08700-000 - Mogi das Cruzes - SP - Brasil,,,https://loopleiloes.com.br/eventos,,mapa,,,https://loopleiloes.com.br/eventos | OBSERVAÇÃO: LEILÃO EM LOTEAMENTO
marcador-678,[EMPRESA] - Veículos - Mogi das Cruzes / SP,31-07-26,2026-08-17,17/08/2026,9:00,passado,SP,08700-000 - Mogi das Cruzes - SP - Brasil,,,https://loopleiloes.com.br/eventos,,mapa,,,https://loopleiloes.com.br/eventos
marcador-679,"[EMPRESA] - JUMASA AGRICOLA - Máquinas, Equipamentos - Juara / MT",31-07-26,2026-08-17,17/08/2026,9:00,passado,MT,78575-000 - Juara - MT - Brasil,,,https://www.andreluizleiloes.com.br/evento/jumasa-agricola-784507?searchType=opened&preOrderBy=orderByFirstOpenedOffers&pageNumber=1&pageSize=30&orderBy=lotNumber:asc;subLotNumber:asc,,mapa,,,https://www.andreluizleiloes.com.br/evento/jumasa-agricola-784507?searchType=opened&preOrderBy=orderByFirstOpenedOffers&pageNumber=1&pageSize=30&orderBy=lotNumber:asc;subLotNumber:asc
marcador-680,"[PREFEITURA] - Ônibus, Veículos, Máquinas, Equipamentos - Senhora de Oliveira / MG",31-07-26,2026-08-18,18/08/2026,4:00,passado,MG,36470000 - Senhora de Oliveira - MG - Brasil,,,https://www.saulojulioleiloeiro.com.br/pregao/6a67ff8ec08f9653bcca164d/6a68070ec08f9653bcca1bff,,mapa,,,https://www.saulojulioleiloeiro.com.br/pregao/6a67ff8ec08f9653bcca164d/6a68070ec08f9653bcca1bff
marcador-681,"[PREFEITURA] - Motos, Veículos, Caminhonetes, Caminhões, Vans, Equipamentos, Embarcações - Serra / ES",31-07-26,2026-08-18,18/08/2026,4:00,passado,ES,"Avenida Eldes Scherrer Souza, 975 - Colina de Laranjeiras - 29167-080 - Serra - ES - Brasil",,,https://www.beedz.com.br/#,,mapa,,,https://www.beedz.com.br/#
marcador-682,"[PREFEITURA] - Veículos, Caminhonetes, Ônibus, Motos, Produtos, Sucatas, Presencial - Palminópolis / GO",31-07-26,2026-08-18,18/08/2026,4:00,passado,GO,"Rua Deputado Antônio Queiroz Barreto, 30 - Centro - 75990-000 - Palminópolis - GO - Brasil",,,https://www.caiapoleiloes.com.br/diversos/#200/OnLine-CL/leilao/18-08-2026,,mapa,,,https://www.caiapoleiloes.com.br/diversos/#200/OnLine-CL/leilao/18-08-2026
marcador-683,"[PREFEITURA] - Veículos, Ônibus, Caminhonetes, Produtos, Equipamentos, Presencial - Mar Vermelho / AL",31-07-26,2026-08-18,18/08/2026,4:00,passado,AL,"Rua São Sebastião, S/N - Centro - 57730-000 - Mar Vermelho - AL - Brasil",,,https://www.leiloesfreire.com.br/leilao/1145,,mapa,,,https://www.leiloesfreire.com.br/leilao/1145
marcador-684,"[PREFEITURA] - Imóveis, Presencial - Maringá / PR",31-07-26,2026-08-18,18/08/2026,4:00,passado,PR,"Rua Neo Alves Martins, 2597 - Zona 01 - 87013-060 - Maringá - PR - Brasil",,,https://drive.google.com/file/d/1bbzz18utZcInmqHqJZXtNpa-EZ0rPmyZ/view?usp=drive_link,,mapa,,,https://drive.google.com/file/d/1bbzz18utZcInmqHqJZXtNpa-EZ0rPmyZ/view?usp=drive_link | OBSERVAÇÃO: LOTES EM DIFERENTES LOCAIS DA CIDADE.
marcador-685,"[PREFEITURA] - Ônibus, Veículos, Caminhonetes, Máquinas, Equipamentos - Senhora de Oliveira / MG",31-07-26,2026-08-18,18/08/2026,4:00,passado,MG,"Rua Amantino honório Bitencourt, s/n - Centro - 36470-000 - Senhora de Oliveira - MG - Brasil",,,https://www.saulojulioleiloeiro.com.br/pregao/6a67ff8ec08f9653bcca164d/6a68070ec08f9653bcca1bff,,mapa,,,https://www.saulojulioleiloeiro.com.br/pregao/6a67ff8ec08f9653bcca164d/6a68070ec08f9653bcca1bff
marcador-686,[PREFEITURA] - Imóveis - Terra Boa / PR,31-07-26,2026-08-18,18/08/2026,4:00,passado,PR,87240-000 - Terra Boa - PR - Brasil,,,https://www.andreluizleiloes.com.br/evento/municipio-de-terra-boa-789494?searchType=opened&preOrderBy=orderByFirstOpenedOffers&pageNumber=1&pageSize=30&orderBy=lotNumber:asc;subLotNumber:asc,,mapa,,,https://www.andreluizleiloes.com.br/evento/municipio-de-terra-boa-789494?searchType=opened&preOrderBy=orderByFirstOpenedOffers&pageNumber=1&pageSize=30&orderBy=lotNumber:asc;subLotNumber:asc
marcador-687,"[PREFEITURA] - Sucatas, Veículos, Máquinas - Serra Preta / BA",31-07-26,2026-08-18,18/08/2026,4:00,passado,BA,44660-000 - Serra Preta - BA - Brasil,,,https://www.kildareleiloes.com.br/leilao/4752/lotes,,mapa,,,https://www.kildareleiloes.com.br/leilao/4752/lotes
marcador-688,[PREFEITURA] - Imóveis - Olímpia / SP,31-07-26,2026-08-18,18/08/2026,4:00,passado,SP,"Rua Nove de Julho, 1054 - Patrimônio de São João Batista - 15400-085 - Olímpia - SP - Brasil",,,https://drive.google.com/file/d/1nKE9HrOyjKmduRmJ672n1x1V9tb9zcrS/view?usp=drive_link,,mapa,,,https://drive.google.com/file/d/1nKE9HrOyjKmduRmJ672n1x1V9tb9zcrS/view?usp=drive_link
marcador-689,"[PREFEITURA] - Veículos, Máquinas, Caminhonetes, Ônibus, Equipamentos, Caminhões, Sucatas, Presencial - André da Rocha / RS",31-07-26,2026-08-18,18/08/2026,4:00,passado,RS,"Marcolino Pereira Vieira, 1918 - Centro - 95310-000 - André da Rocha - RS - Brasil",,,https://www.renovarleiloes.com.br/leilao/leilao-da-prefeitura-de-andre-da-rocha-rs-14-07-2026-17-17-27/lotes/lista,,mapa,,,https://www.renovarleiloes.com.br/leilao/leilao-da-prefeitura-de-andre-da-rocha-rs-14-07-2026-17-17-27/lotes/lista
marcador-690,"[PREFEITURA] - Imóveis, Presencial - Itaguaru / GO",31-07-26,2026-08-18,18/08/2026,4:00,passado,GO,"Praça Joaquim Moreira Damasceno, 735 - Centro - 76660-000 - Itaguaru - GO - Brasil",,,https://drive.google.com/file/d/1HG0G2E-iZt-8OxVmPZ---nmRYCXeX73n/view?usp=drive_link,,mapa,,,https://drive.google.com/file/d/1HG0G2E-iZt-8OxVmPZ---nmRYCXeX73n/view?usp=drive_link
marcador-691,"[PREFEITURA] - Sucatas, Veículos, Caminhonetes, Motos, Máquinas, Equipamentos, Vans, Ônibus - Campos dos Goytacazes / RJ",31-07-26,2026-08-18,18/08/2026,4:00,passado,RJ,"Rua Barão de Miranda, 1233 - Parque São Caetano - 28030-265 - Campos dos Goytacazes - RJ - Brasil",,,http://www.leiloesnovaserrana.com.br/lotes/142?page=1&size=6&removerEncerrados=false,,mapa,,,http://www.leiloesnovaserrana.com.br/lotes/142?page=1&size=6&removerEncerrados=false | OBSERVAÇÃO: LOTES EM DIFERENTES LOCAIS DO BRASIL.
marcador-692,[PREFEITURA] - Máquinas - Iraceminha / SC,31-07-26,2026-08-18,18/08/2026,4:00,passado,SC,89891-000 - Iraceminha - SC - Brasil,,,https://www.eckertleiloes.com.br/evento/municipio-de-iraceminha-sc-784277?searchType=opened&preOrderBy=orderByFirstOpenedOffers&pageNumber=1&pageSize=30&orderBy=lotNumber:asc;subLotNumber:asc&,,mapa,,,https://www.eckertleiloes.com.br/evento/municipio-de-iraceminha-sc-784277?searchType=opened&preOrderBy=orderByFirstOpenedOffers&pageNumber=1&pageSize=30&orderBy=lotNumber:asc;subLotNumber:asc&
marcador-693,[ÓRGÃO PÚBLICO] - DETRAN/BA - Sucatas - Irecê / BA,31-07-26,2026-08-18,18/08/2026,5:00,passado,BA,"Avenida Primeiro de Janeiro, 2805 - 	Avenida Primeiro de Janeiro - 44900000 - Irecê - BA - Brasil",,,https://www.rjleiloes.com.br/leilao/4773/lotes,,mapa,,,https://www.rjleiloes.com.br/leilao/4773/lotes
marcador-694,"[ÓRGÃO PÚBLICO] - SEPLAG - Motos, Veículos, Sucatas - Belo Horizonte / MG",31-07-26,2026-08-18,18/08/2026,5:00,passado,MG,"Rua Sócrates Alvim, 10 - Camargos - 30520-140 - Belo Horizonte - MG - Brasil",,,https://pncp.gov.br/app/editais/05461142000170/2026/93,,mapa,,,https://pncp.gov.br/app/editais/05461142000170/2026/93 | OBSERVAÇÃO: LOTES EM DIFERENTES LOCAIS DO BRASIL.
marcador-695,[FINANCEIRA] - Equipamentos - Toledo / PR,31-07-26,2026-08-18,18/08/2026,7:00,passado,PR,"Rua Santos Dumont, 3791 - Centro - 85905000 - Toledo - PR - Brasil",,,https://www.jmleiloes.leilao.br/evento/corporativo-790410?searchType=opened&preOrderBy=orderByFirstOpenedOffers&pageNumber=1&pageSize=30&orderBy=lotNumber:asc;subLotNumber:asc,,mapa,,,https://www.jmleiloes.leilao.br/evento/corporativo-790410?searchType=opened&preOrderBy=orderByFirstOpenedOffers&pageNumber=1&pageSize=30&orderBy=lotNumber:asc;subLotNumber:asc | OBSERVAÇÃO: LOTES EM DIFERENTES LOCAIS DO BRASIL.
marcador-696,[PRODUTOS] - Produtos - Itapevi / SP,31-07-26,2026-08-18,18/08/2026,8:00,passado,SP,06650-000 - Itapevi - SP - Brasil,,,https://www.nextleiloes.com.br/evento/leilao-de-eletroeletronicos-e-equipammentos-790328?searchType=opened&preOrderBy=orderByFirstOpenedOffers&pageNumber=1&pageSize=30&orderBy=lotNumber:asc;subLotNumber:asc,,mapa,,,https://www.nextleiloes.com.br/evento/leilao-de-eletroeletronicos-e-equipammentos-790328?searchType=opened&preOrderBy=orderByFirstOpenedOffers&pageNumber=1&pageSize=30&orderBy=lotNumber:asc;subLotNumber:asc
marcador-697,[ÓRGÃO PÚBLICO] - Produtos - Contagem / MG,31-07-26,2026-08-18,18/08/2026,8:00,passado,MG,"Rua Doutor Antônio de Carvalho Lage, 170 - Cidade Industrial - 32210-070 - Contagem - MG - Brasil",,,https://www.goldenlance.com.br/eventos/leilao/178/grande-leilao-das-casas-bahia?page=1,,mapa,,,https://www.goldenlance.com.br/eventos/leilao/178/grande-leilao-das-casas-bahia?page=1
marcador-698,[EMPRESA] - Veículos - Mogi das Cruzes / SP,31-07-26,2026-08-18,18/08/2026,9:00,passado,SP,08700-000 - Mogi das Cruzes - SP - Brasil,,,https://loopleiloes.com.br/eventos,,mapa,,,https://loopleiloes.com.br/eventos | OBSERVAÇÃO: LEILAO EM LOEAMENTO
marcador-699,[EMPRESA] - AMOSC - Veículos - Chapecó / SC,31-07-26,2026-08-18,18/08/2026,9:00,passado,SC,"Avenida Getúlio Dorneles Vargas - S, 571 - Centro - 89812-000 - Chapecó - SC - Brasil",,,https://www.eckertleiloes.com.br/evento/amosc-790403?searchType=opened&preOrderBy=orderByFirstOpenedOffers&pageNumber=1&pageSize=30&orderBy=lotNumber:asc;subLotNumber:asc,,mapa,,,https://www.eckertleiloes.com.br/evento/amosc-790403?searchType=opened&preOrderBy=orderByFirstOpenedOffers&pageNumber=1&pageSize=30&orderBy=lotNumber:asc;subLotNumber:asc
marcador-700,[EMPRESA] - JDF LTDA - Produtos - Belo Horizonte / MG,31-07-26,2026-08-18,18/08/2026,9:00,passado,MG,"Rua Menotti Muccelli, 726 -  Vila Oeste - 30532-270 - Belo Horizonte - MG - Brasil",,,https://www.alvesleiloes.com.br/leilao/251/lotes,,mapa,,,https://www.alvesleiloes.com.br/leilao/251/lotes
marcador-701,[EMPRESA] JDF LTDA - PRODUTOS - Belo Horizonte - MG,31-07-26,2026-08-18,18/08/2026,9:00,passado,MG,"R. Menotti Muccelli, 726 - Vila Oeste, Belo Horizonte - MG, 30532-270, Brasil",,,https://www.alvesleiloes.com.br/leilao/251/lotes,,mapa,,,https://www.alvesleiloes.com.br/leilao/251/lotes
marcador-702,"[PREFEITURA] - Veículos, Produtos - Alto Caparaó / MG",31-07-26,2026-08-19,19/08/2026,4:00,passado,MG,36979000 - Alto Caparaó - MG - Brasil,,,https://www.pwleiloes.com.br/leilao/prefeitura-municipal-de-alto-caparao/597/#Pagina=1&Index=2,,mapa,,,https://www.pwleiloes.com.br/leilao/prefeitura-municipal-de-alto-caparao/597/#Pagina=1&Index=2
marcador-703,"[PREFEITURA] - Motos, Veículos, Vans, Caminhonetes, Ônibus, Caminhões, Máquinas, Equipamentos, Sucatas - Cromínia / GO",31-07-26,2026-08-19,19/08/2026,4:00,passado,GO,"R. Santa Catarina, 16 - Centro - 75635-000 - Cromínia - GO - Brasil",,,https://www.lkleiloes.com.br/leilao/267/lotes,,mapa,,,https://www.lkleiloes.com.br/leilao/267/lotes
marcador-704,"[PREFEITURA] - Veículos, Ônibus, Máquinas, Caminhões - Curitibanos / SC",31-07-26,2026-08-19,19/08/2026,4:00,passado,SC,"Rua Fioravante Ortigari, 707 - 89520-000 - Curitibanos - SC - Brasil",,,https://www.eckertleiloes.com.br/evento/municipio-de-curitibanos-sc-790461?searchType=opened&preOrderBy=orderByFirstOpenedOffers&pageNumber=1&pageSize=30&orderBy=lotNumber:asc;subLotNumber:asc&,,mapa,,,https://www.eckertleiloes.com.br/evento/municipio-de-curitibanos-sc-790461?searchType=opened&preOrderBy=orderByFirstOpenedOffers&pageNumber=1&pageSize=30&orderBy=lotNumber:asc;subLotNumber:asc&
marcador-705,"[PREFEITURA] - Veículos, Vans, Caminhonetes, Caminhões, Ônibus, Motos, Máquinas, Equipamentos - São Miguel do Iguaçu / PR",31-07-26,2026-08-19,19/08/2026,4:00,passado,PR,"Rua Fernando Ferrari, S/N - Centro - 85877-000 - São Miguel do Iguaçu - PR - Brasil",,,https://drive.google.com/file/d/1CWZFNBAxDp6nYwY87gwfLFOTG8-Q8yaZ/view?usp=drive_link,,mapa,,,https://drive.google.com/file/d/1CWZFNBAxDp6nYwY87gwfLFOTG8-Q8yaZ/view?usp=drive_link
marcador-706,"[PREFEITURA] - Veículos, Máquinas, Equipamentos, Caminhonetes, Caminhões - Curitibanos / SC",31-07-26,2026-08-19,19/08/2026,4:00,passado,SC,"Fioravante Ortigari, 707 - 89520-000 - Curitibanos - SC - Brasil",,,https://www.eckertleiloes.com.br/evento/municipio-de-curitibanos-sc-790461?searchType=opened&preOrderBy=orderByFirstOpenedOffers&pageNumber=1&pageSize=30&orderBy=lotNumber:asc;subLotNumber:asc,,mapa,,,https://www.eckertleiloes.com.br/evento/municipio-de-curitibanos-sc-790461?searchType=opened&preOrderBy=orderByFirstOpenedOffers&pageNumber=1&pageSize=30&orderBy=lotNumber:asc;subLotNumber:asc
marcador-707,"[PREFEITURA] - Produtos, Caminhonetes, Veículos, Ônibus, Vans - Coronel Xavier Chaves / MG",31-07-26,2026-08-19,19/08/2026,4:00,passado,MG,"Rua Padre Reis, 84 - Centro - 36330-000 - Coronel Xavier Chaves - MG - Brasil",,,https://www.mgl.com.br/leilao/prefeitura-municipal-de-coronel-xavier-chaves-mg/7370/#&Pagina=1&Index=1,,mapa,,,https://www.mgl.com.br/leilao/prefeitura-municipal-de-coronel-xavier-chaves-mg/7370/#&Pagina=1&Index=1
marcador-708,[PREFEITURA] - Imóveis - Loanda / PR,31-07-26,2026-08-19,19/08/2026,4:00,passado,PR,"Rua Mato Grosso , 354 - Alto da Glória - 87900-000 - Loanda - PR - Brasil",,,https://drive.google.com/file/d/1L4wxPWmpxPqEmp-xkXbuEEAywHnKZs31/view?usp=drive_link,,mapa,,,https://drive.google.com/file/d/1L4wxPWmpxPqEmp-xkXbuEEAywHnKZs31/view?usp=drive_link | OBSERVAÇÃO: LOTES EM DIFERENTES LOCAIS DA CIDADE.
marcador-709,[PREFEITURA] - Sucatas - Wenceslau Braz / PR,31-07-26,2026-08-19,19/08/2026,4:00,passado,PR,"Rua Expedicionários, 200 - Centro - 84950-000 - Wenceslau Braz - PR - Brasil",,,https://rochaleiloes.com.br/leilao/6149/lotes,,mapa,,,https://rochaleiloes.com.br/leilao/6149/lotes
marcador-710,"[PREFEITURA] - Ônibus, Máquinas, Veículos, Vans - Wenceslau Braz / PR",31-07-26,2026-08-19,19/08/2026,4:00,passado,PR,"Rua Expedicionários, 200 - Centro - 84950-000 - Wenceslau Braz - PR - Brasil",,,https://rochaleiloes.com.br/leilao/6146/lotes,,mapa,,,https://rochaleiloes.com.br/leilao/6146/lotes
marcador-711,"[PREFEITURA] - Vans, Veículos, Ônibus, Caminhonetes, Máquinas, Equipamentos, Sucatas, Presencial - São Valentim / RS",31-07-26,2026-08-19,19/08/2026,4:00,passado,RS,"Praça Presidente Tancredo de Almeida Neves, 30 - Centro - 99640-000 - São Valentim - RS - Brasil",,,https://www.alemaoleiloeiro.com.br/leilao/2638/lotes,,mapa,,,https://www.alemaoleiloeiro.com.br/leilao/2638/lotes
marcador-712,[PREFEITURA] - Imóveis - Poços de Caldas / MG,31-07-26,2026-08-19,19/08/2026,4:00,passado,MG,"Avenida Mansur Frayha, 1677 - Bortolan - 37704-722 - Poços de Caldas - MG - Brasil",,,https://drive.google.com/file/d/1LStBa5DVWh8YGQ3vA18qK1X5h5U3ynBk/view?usp=drive_link,,mapa,,,https://drive.google.com/file/d/1LStBa5DVWh8YGQ3vA18qK1X5h5U3ynBk/view?usp=drive_link
marcador-713,"[PREFEITURA] - Veículos, Vans, Ônibus, Caminhões, Máquinas, Sucatas - Quinta do Sol / PR",31-07-26,2026-08-19,19/08/2026,4:00,passado,PR,"Praça Solange Marques, 259 - Centro - 87265-000 - Quinta do Sol - PR - Brasil",,,https://www.andreluizleiloes.com.br/evento/municipio-de-quinta-do-sol-784477?searchType=opened&preOrderBy=orderByFirstOpenedOffers&pageNumber=1&pageSize=30&orderBy=lotNumber:asc;subLotNumber:asc,,mapa,,,https://www.andreluizleiloes.com.br/evento/municipio-de-quinta-do-sol-784477?searchType=opened&preOrderBy=orderByFirstOpenedOffers&pageNumber=1&pageSize=30&orderBy=lotNumber:asc;subLotNumber:asc
marcador-714,[PREFEITURA] - Ônibus - Trabiju / SP,31-07-26,2026-08-19,19/08/2026,4:00,passado,SP,14935-000 - Trabiju - SP - Brasil,,,https://drive.google.com/file/d/19FgQrYbE61EF5vCLqW2l9hdUxuYgNbf7/view?usp=drive_link,,mapa,,,https://drive.google.com/file/d/19FgQrYbE61EF5vCLqW2l9hdUxuYgNbf7/view?usp=drive_link
marcador-715,"[PREFEITURA] - Veículos, Caminhonetes, Vans, Ônibus, Máquinas, Equipamentos, Produtos, Sucatas - Fernão / SP",31-07-26,2026-08-19,19/08/2026,4:00,passado,SP,"Rua José Bonifácio, 106 - Centro - 17460-013 - Fernão - SP - Brasil",,,https://www.fidalgoleiloes.com.br/leilao.php?idLeilao=3642,,mapa,,,https://www.fidalgoleiloes.com.br/leilao.php?idLeilao=3642
marcador-716,"[PREFEITURA] - Produtos, Sucatas - Dores do Indaiá / MG",31-07-26,2026-08-19,19/08/2026,4:00,passado,MG,35610-000 - Dores do Indaiá - MG - Brasil,,,https://drive.google.com/file/d/1uvmYdOdMFQRDqcRml3vpsv7ZkWZDbC9o/view?usp=drive_link,,mapa,,,https://drive.google.com/file/d/1uvmYdOdMFQRDqcRml3vpsv7ZkWZDbC9o/view?usp=drive_link
marcador-717,"[PREFEITURA] - Produtos, Sucatas - Dores do Indaiá / MG",31-07-26,2026-08-19,19/08/2026,4:00,passado,MG,35610-000 - Dores do Indaiá - MG - Brasil,,,https://drive.google.com/file/d/1uvmYdOdMFQRDqcRml3vpsv7ZkWZDbC9o/view?usp=drive_link,,mapa,,,https://drive.google.com/file/d/1uvmYdOdMFQRDqcRml3vpsv7ZkWZDbC9o/view?usp=drive_link
marcador-718,[PREFEITURA] - ÔNIBUS - Trabiju - SP,31-07-26,2026-08-19,19/08/2026,4:00,passado,SP,"Trabiju, SP, 14935-000, Brasil",,,https://drive.google.com/file/d/19FgQrYbE61EF5vCLqW2l9hdUxuYgNbf7/view?usp=drive_link,,mapa,,,https://drive.google.com/file/d/19FgQrYbE61EF5vCLqW2l9hdUxuYgNbf7/view?usp=drive_link •
marcador-719,"[ÓRGÃO PÚBLICO] - PF - Motos, Veículos, Caminhonetes - Belo Horizonte / MG",31-07-26,2026-08-19,19/08/2026,5:00,passado,MG,"Avenida do Contorno, 265 - Cidade Jardim - 30110051 - Belo Horizonte - MG - Brasil",,,https://danielgarcialeiloes.com.br/leilao/7775/lotes?page=1,,mapa,,,https://danielgarcialeiloes.com.br/leilao/7775/lotes?page=1
marcador-720,"[FINANCEIRA] - Motos, Veículos - Porto Alegre / RS",31-07-26,2026-08-19,19/08/2026,7:00,passado,RS,"Avenida João Wallig, 1800 - Jardim Europa - 91349-900 - Porto Alegre - RS - Brasil",,,https://www.pestanaleiloes.com.br/agenda-de-leiloes/6080?lotePage=1&loteQty=12,,mapa,,,https://www.pestanaleiloes.com.br/agenda-de-leiloes/6080?lotePage=1&loteQty=12
marcador-721,"[FINANCEIRA] - Veículos, Motos - Rio de Janeiro / RJ",31-07-26,2026-08-19,19/08/2026,7:00,passado,RJ,"Avenida Brasil, 51467 - Campo Grande - 23065-480 - Rio de Janeiro - RJ - Brasil",,,https://www.rogeriomenezes.com.br/leilao/1415,,mapa,,,https://www.rogeriomenezes.com.br/leilao/1415
marcador-722,[FINANCEIRA] - Veículos - Toledo / PR,31-07-26,2026-08-19,19/08/2026,7:00,passado,PR,85900-001 - Toledo - PR - Brasil,,,https://www.jmleiloes.leilao.br/evento/corporativo-790566?searchType=opened&preOrderBy=orderByFirstOpenedOffers&pageNumber=1&pageSize=30&orderBy=lotNumber:asc;subLotNumber:asc,,mapa,,,https://www.jmleiloes.leilao.br/evento/corporativo-790566?searchType=opened&preOrderBy=orderByFirstOpenedOffers&pageNumber=1&pageSize=30&orderBy=lotNumber:asc;subLotNumber:asc
marcador-723,"[PRODUTOS] - Equipamentos, Produtos - Santo André / SP",31-07-26,2026-08-19,19/08/2026,8:00,passado,SP,09000-000 - Santo André - SP - Brasil,,,https://www.nextleiloes.com.br/evento/leilao-de-maquinas-e-equipamentos-784616?searchType=opened&preOrderBy=orderByFirstOpenedOffers&pageNumber=1&pageSize=30&orderBy=lotNumber:asc;subLotNumber:asc,,mapa,,,https://www.nextleiloes.com.br/evento/leilao-de-maquinas-e-equipamentos-784616?searchType=opened&preOrderBy=orderByFirstOpenedOffers&pageNumber=1&pageSize=30&orderBy=lotNumber:asc;subLotNumber:asc
marcador-724,[EMPRESA] - V2RM - Caminhões - São Vicente / SP,31-07-26,2026-08-19,19/08/2026,9:00,passado,SP,Rua Frei Gaspar - Centro - 11310-060 - São Vicente - SP - Brasil,,,https://www.dantasleiloes.com.br/evento/empilhadeira-terex-capacidade-45t-790491?searchType=opened&preOrderBy=orderByFirstOpenedOffers&pageNumber=1&pageSize=30&orderBy=lotNumber:asc;subLotNumber:asc,,mapa,,,https://www.dantasleiloes.com.br/evento/empilhadeira-terex-capacidade-45t-790491?searchType=opened&preOrderBy=orderByFirstOpenedOffers&pageNumber=1&pageSize=30&orderBy=lotNumber:asc;subLotNumber:asc
marcador-725,[EMPRESA] - Vans - Niterói / RJ,31-07-26,2026-08-19,19/08/2026,9:00,passado,RJ,"Rua Pendotiba, 38 - Maria Paula - 24325-100 - Niterói - RJ - Brasil",,,https://eblonline.com.br/lotes/325?page=1&size=6&removerEncerrados=false,,mapa,,,https://eblonline.com.br/lotes/325?page=1&size=6&removerEncerrados=false
marcador-726,"[FINANCEIRA] - Caminhões, Equipamentos, Produtos - Laranjeiras do Sul / PR",31-07-26,2026-08-19,19/08/2026,9:00,passado,PR,85300000 - Laranjeiras do Sul - PR - Brasil,,,https://www.eckertleiloes.com.br/evento/leilao-corporativo-ativos-de-empresas-784757?searchType=opened&preOrderBy=orderByFirstOpenedOffers&pageNumber=1&pageSize=30&orderBy=lotNumber:asc;subLotNumber:asc,,mapa,,,https://www.eckertleiloes.com.br/evento/leilao-corporativo-ativos-de-empresas-784757?searchType=opened&preOrderBy=orderByFirstOpenedOffers&pageNumber=1&pageSize=30&orderBy=lotNumber:asc;subLotNumber:asc
marcador-727,[FINANCEIRA] - Laranjeiras do Sul / PR,31-07-26,2026-08-19,19/08/2026,9:00,passado,PR,85300000 - Laranjeiras do Sul - PR - Brasil,,,https://www.eckertleiloes.com.br/evento/leilao-corporativo-ativos-de-empresas-784757?searchType=opened&preOrderBy=orderByFirstOpenedOffers&pageNumber=1&pageSize=30&orderBy=lotNumber:asc;subLotNumber:asc,,mapa,,,https://www.eckertleiloes.com.br/evento/leilao-corporativo-ativos-de-empresas-784757?searchType=opened&preOrderBy=orderByFirstOpenedOffers&pageNumber=1&pageSize=30&orderBy=lotNumber:asc;subLotNumber:asc
marcador-728,"[FINANCEIRA] - Máquinas, Equipamentos - Curitibanos / SC",31-07-26,2026-08-19,19/08/2026,9:00,passado,SC,89520-000 - Curitibanos - SC - Brasil,,,https://www.jmleiloes.leilao.br/evento/corporativo-790280?searchType=opened&preOrderBy=orderByFirstOpenedOffers&pageNumber=1&pageSize=30&orderBy=lotNumber:asc;subLotNumber:asc,,mapa,,,https://www.jmleiloes.leilao.br/evento/corporativo-790280?searchType=opened&preOrderBy=orderByFirstOpenedOffers&pageNumber=1&pageSize=30&orderBy=lotNumber:asc;subLotNumber:asc | OBSERVAÇÃO: LOTES EM DIFERENTS LOCAIS DO BRASIL.
marcador-729,"[PREFEITURA] - Veículos, Caminhonetes, Sucatas, Imóveis, Vans, Máquinas, Produtos - Capão do Leão / RS",31-07-26,2026-08-20,20/08/2026,4:00,passado,RS,"Avenida Narciso Silva, 1620 - 96160-000 - Capão do Leão - RS - Brasil",,,https://www.rauppleiloes.com.br/leilao/leilao-extrajudicial-imovel-maquinarios-veiculos-sucatas-16-07-2026-14-01-41/lotes/lista,,mapa,,,https://www.rauppleiloes.com.br/leilao/leilao-extrajudicial-imovel-maquinarios-veiculos-sucatas-16-07-2026-14-01-41/lotes/lista
marcador-730,"[ÓRGÃO PÚBLICO] - SEGES - Motos, Veículos, Caminhonetes, Vans, Sucatas, Equipamentos, Produtos - São Paulo / SP",31-07-26,2026-08-20,20/08/2026,4:00,passado,SP,"Largo Nossa Senhora da Conceição, 88 - Cambuci - 01528-060 - São Paulo - SP - Brasil",,,https://gustavomorettoleiloeiro.com.br/leiloes/5280?_gl=1*19u80yh*_gcl_au*MTYxNTM3MDAxOC4xNzg0NjUxNjY1,,mapa,,,https://gustavomorettoleiloeiro.com.br/leiloes/5280?_gl=1*19u80yh*_gcl_au*MTYxNTM3MDAxOC4xNzg0NjUxNjY1
marcador-731,"[PREFEITURA] - Ônibus, Caminhonetes, Veículos, Máquinas, Equipamentos, Imóveis, Presencial - Derrubadas / RS",31-07-26,2026-08-20,20/08/2026,4:00,passado,RS,"Av. Pelotas, 595 - 98528-000 - Derrubadas - RS - Brasil",,,https://drive.google.com/file/d/1QSNp6NbVhgkEPCm4EJcSLpuXBFeKXKBi/view?usp=drive_link,,mapa,,,https://drive.google.com/file/d/1QSNp6NbVhgkEPCm4EJcSLpuXBFeKXKBi/view?usp=drive_link
marcador-732,"[PREFEITURA] - Motos, Caminhões, Equipamentos, Máquinas, Produtos, Sucatas - Senador Canedo / GO",31-07-26,2026-08-20,20/08/2026,4:00,passado,GO,Rua Bariane Hortêncio - Residencial Jardim Canedo - 75250-150 - Senador Canedo - GO - Brasil,,,https://www.mgrleiloes.com.br/evento/prefeitura-de-senador-canedo-go-784610?searchType=opened&preOrderBy=orderByFirstOpenedOffers&pageNumber=1&pageSize=30&orderBy=lotNumber:asc;subLotNumber:asc,,mapa,,,https://www.mgrleiloes.com.br/evento/prefeitura-de-senador-canedo-go-784610?searchType=opened&preOrderBy=orderByFirstOpenedOffers&pageNumber=1&pageSize=30&orderBy=lotNumber:asc;subLotNumber:asc | OBSERVAÇÃO: LOTES EM DIFERENTES LOCAIS DA CIDADE.
marcador-733,"[PREFEITURA] - Veículos, Caminhonetes, Ônibus, Vans, Equipamentos, Sucatas - Santa Rita do Itueto / MG",31-07-26,2026-08-20,20/08/2026,4:00,passado,MG,"Rua Damiano José Torresane, S/N - CENTRO - 35225-000 - Santa Rita do Itueto - MG - Brasil",,,https://www.mgl.com.br/leilao/prefeitura-municipal-de-santa-rita-do-itueto-mg/7364/#&Pagina=1&Index=1,,mapa,,,https://www.mgl.com.br/leilao/prefeitura-municipal-de-santa-rita-do-itueto-mg/7364/#&Pagina=1&Index=1 | OBSERVAÇÃO: LOTES EM DIFERENTES LOCAIS DA CIDADE.
marcador-734,"[PREFEITURA] - Veículos, Máquinas, Ônibus, Imóveis - Rio dos Cedros / SC",31-07-26,2026-08-20,20/08/2026,4:00,passado,SC,89121-000 - Rio dos Cedros - SC - Brasil,,,https://www.goldenbrazilleiloes.com.br/leilao/leilao-prefeitura-de-rio-dos-cedros-sc-08-07-2026-17-17-39/lotes/lista,,mapa,,,https://www.goldenbrazilleiloes.com.br/leilao/leilao-prefeitura-de-rio-dos-cedros-sc-08-07-2026-17-17-39/lotes/lista
marcador-735,"[PREFEITURA] - Veículos, Caminhonetes, Ônibus, Vans, Motos, Equipamentos, Caminhões, Produtos, Sucatas - Tangará da Serra / MT",31-07-26,2026-08-20,20/08/2026,4:00,passado,MT,"Avenida Brasil, 2351 - Jardim Europa - 78300-901 - Tangará da Serra - MT - Brasil",,,https://fabiobarbosaleiloes.com.br/leilao/index/leilao_id/97036,,mapa,,,https://fabiobarbosaleiloes.com.br/leilao/index/leilao_id/97036
marcador-736,[ÓRGÃO PÚBLICO] - DETRAN - Sucatas - Mossoró / RN,31-07-26,2026-08-20,20/08/2026,5:00,passado,RN,"Avenida Professor Gilberto Ferreira de Melo, 1000 - Aeroporto - 59607070 - Mossoró - RN - Brasil",,,https://www.lancecertoleiloes.com.br/leilao/200826SUC,,mapa,,,https://www.lancecertoleiloes.com.br/leilao/200826SUC | OBSERVAÇÃO: LOTES EM DIFERENTES LOCAIS DO BRASIL.
marcador-737,"[ÓRGÃO PÚBLICO] - DETRAN - Sucatas, Motos, Veículos - São Paulo / SP",31-07-26,2026-08-20,20/08/2026,5:00,passado,SP,"Rua João Brícola, 32 - Centro - 01014-010 - São Paulo - SP - Brasil",,,https://www.euamoleilao.com.br/evento/detran-sp-cidades-serrana-brodoswki-sertaozinho-790482?searchType=opened&preOrderBy=orderByFirstOpenedOffers&pageNumber=1&pageSize=30&orderBy=lotNumber:asc;subLotNumber:asc,,mapa,,,https://www.euamoleilao.com.br/evento/detran-sp-cidades-serrana-brodoswki-sertaozinho-790482?searchType=opened&preOrderBy=orderByFirstOpenedOffers&pageNumber=1&pageSize=30&orderBy=lotNumber:asc;subLotNumber:asc | OBSERVAÇÃO: LOTES EM DIFERENTES LOCAIS DO BRASIL.
marcador-738,"[EXÉRCITO] - 8° BATALHÃO - Veículos, Caminhonetes - Belém / PA",31-07-26,2026-08-20,20/08/2026,6:00,passado,PA,"Avenida Pedro Álvares Cabral, 1106 - Souza - 66613-150 - Belém - PA - Brasil",,,https://danielgarcialeiloes.com.br/leilao/7780/lotes?page=1,,mapa,,,https://danielgarcialeiloes.com.br/leilao/7780/lotes?page=1 | OBSERVAÇÃO: LOTES EM DIFERENTES LOCAIS DO BRASIL.
marcador-739,[FINANCEIRA] - Veículos - Caçapava / SP,31-07-26,2026-08-20,20/08/2026,7:00,passado,SP,"Rua Vereador Geraldo Nogueira da Silva, 3501 - Bairro do Grama - 12286-285 - Caçapava - SP - Brasil",,,https://www.guariglialeiloes.com.br/leilao/815/lotes,,mapa,,,https://www.guariglialeiloes.com.br/leilao/815/lotes | OBSERVAÇÃO: LEILÃO EM LOTEAMENTO.
marcador-740,"[FINANCEIRA] - Máquinas, Equipamentos - Rio Pardo / RS",31-07-26,2026-08-20,20/08/2026,8:00,passado,RS,96640-000 - Rio Pardo - RS - Brasil,,,https://www.backleiloes.com.br/leilao/1342/lotes,,mapa,,,https://www.backleiloes.com.br/leilao/1342/lotes
marcador-741,"[PRODUTOS] - Produtos, Equipamentos - Valinhos / SP",31-07-26,2026-08-20,20/08/2026,8:00,passado,SP,13270-000 - Valinhos - SP - Brasil,,,https://www.nextleiloes.com.br/evento/leilao-de-equipamentos-790481?searchType=opened&preOrderBy=orderByFirstOpenedOffers&pageNumber=1&pageSize=30&orderBy=lotNumber:asc;subLotNumber:asc,,mapa,,,https://www.nextleiloes.com.br/evento/leilao-de-equipamentos-790481?searchType=opened&preOrderBy=orderByFirstOpenedOffers&pageNumber=1&pageSize=30&orderBy=lotNumber:asc;subLotNumber:asc
marcador-742,"[EMPRESA] - DELTA - Máquinas, Equipamentos - Delta / MG",31-07-26,2026-08-20,20/08/2026,8:00,passado,MG,"Av. José Agostinho Filho, 750 - 38108-000 - Delta - MG - Brasil",,,https://www.rossileiloes.com.br/leilao/detalhe/4783,,mapa,,,https://www.rossileiloes.com.br/leilao/detalhe/4783
marcador-743,[PRODUTOS] - São Paulo / SP,31-07-26,2026-08-20,20/08/2026,8:00,passado,SP,"Rua Cotoxó, 611 - Perdizes - 05021-000 - São Paulo - SP - Brasil",,,https://www.lottileiloes.com.br/leilao/739/lotes,,mapa,,,https://www.lottileiloes.com.br/leilao/739/lotes
marcador-744,[FINANCEIRA] - Máquinas - Toledo / PR,31-07-26,2026-08-20,20/08/2026,9:00,passado,PR,Rua Raimundo Leonardi - Centro - 85900-110 - Toledo - PR - Brasil,,,https://www.jmleiloes.leilao.br/evento/corporativo-784716?searchType=opened&preOrderBy=orderByFirstOpenedOffers&pageNumber=1&pageSize=30&orderBy=lotNumber:asc;subLotNumber:asc,,mapa,,,https://www.jmleiloes.leilao.br/evento/corporativo-784716?searchType=opened&preOrderBy=orderByFirstOpenedOffers&pageNumber=1&pageSize=30&orderBy=lotNumber:asc;subLotNumber:asc
marcador-745,"[FINANCEIRA] - Máquinas, Equipamentos - Laranjeiras do Sul / PR",31-07-26,2026-08-20,20/08/2026,9:00,passado,PR,Rua Expedicionário João Maria - Centro - 85301-410 - Laranjeiras do Sul - PR - Brasil,,,https://www.jmleiloes.leilao.br/evento/corporativo-790309?searchType=opened&preOrderBy=orderByFirstOpenedOffers&pageNumber=1&pageSize=30&orderBy=lotNumber:asc;subLotNumber:asc,,mapa,,,https://www.jmleiloes.leilao.br/evento/corporativo-790309?searchType=opened&preOrderBy=orderByFirstOpenedOffers&pageNumber=1&pageSize=30&orderBy=lotNumber:asc;subLotNumber:asc
marcador-746,"[EMPRESA] - ALMEIDA - Caminhões, Máquinas, Caminhonetes, Equipamentos, Vans, Sucatas - Maceió / AL",31-07-26,2026-08-20,20/08/2026,9:00,passado,AL,"Avenida General Luiz de França Albuquerque, 38 - Riacho Doce - 57039-230 - Maceió - AL - Brasil",,,https://www.leiloesfreire.com.br/leilao/1141,,mapa,,,https://www.leiloesfreire.com.br/leilao/1141
marcador-747,"[PREFEITURA] - Máquinas, Ônibus, Caminhões, Equipamentos, Veículos, Sucatas - Figueira / PR",31-07-26,2026-08-21,21/08/2026,4:00,passado,PR,"Rua Dr. Zoilo Simões, 410 - 84285-000 - Figueira - PR - Brasil",,,https://drive.google.com/file/d/182rGiFYJRIxkKgbZ_KI_rLZBeqaj9XxJ/view?usp=drive_link,,mapa,,,https://drive.google.com/file/d/182rGiFYJRIxkKgbZ_KI_rLZBeqaj9XxJ/view?usp=drive_link
marcador-748,"[PREFEITURA] - Ônibus, Caminhonetes, Veículos, Motos, Máquinas, Presencial - Campo Grande / AL",31-07-26,2026-08-21,21/08/2026,4:00,passado,AL,"Rua Senador Máximo, 35 - Centro - 57250-000 - Campo Grande - AL - Brasil",,,https://www.leiloesfreire.com.br/leilao/1147,,mapa,,,https://www.leiloesfreire.com.br/leilao/1147
marcador-749,"[PREFEITURA] - Veículos, Caminhonetes, Vans, Máquinas, Ônibus, Sucatas - Porto União / SC",31-07-26,2026-08-21,21/08/2026,4:00,passado,SC,"Rua Padre Anchieta, 126 - Centro - 89400-000 - Porto União - SC - Brasil",,,https://www.danielgarcialeiloes.com.br/leilao/7779/lotes,,mapa,,,https://www.danielgarcialeiloes.com.br/leilao/7779/lotes
marcador-750,"[PREFEITURA] - Ônibus, Caminhões, Vans, Caminhonetes - Chapada do Norte / MG",31-07-26,2026-08-21,21/08/2026,4:00,passado,MG,"Largo do Rosário, S/N - CENTRO - 39648-000 - Chapada do Norte - MG - Brasil",,,https://universodosleiloes.com.br/leilao/150/lotes,,mapa,,,https://universodosleiloes.com.br/leilao/150/lotes
marcador-751,"[PREFEITURA] - Caminhonetes, Veículos, Caminhões, Ônibus, Máquinas - Assaré / CE",31-07-26,2026-08-21,21/08/2026,4:00,passado,CE,"Rua Dr. Paiva, 415 - Vila Mota  - 63140-000 - Assaré - CE - Brasil",,,https://montenegroleiloes.com.br/leiloes/2640,,mapa,,,https://montenegroleiloes.com.br/leiloes/2640
marcador-752,[PREFEITURA] - Imóveis - Pará de Minas / MG,31-07-26,2026-08-21,21/08/2026,4:00,passado,MG,"Praça Afonso Pena, 30 - Centro - 35660-013 - Pará de Minas - MG - Brasil",,,https://www.bbmnetleiloes.com.br/evento/alienacao-de-40-bens-imoveis-municipio-para-de-mg-790150?searchType=opened&preOrderBy=orderByFirstOpenedOffers&pageNumber=1&pageSize=30&orderBy=lotNumber:asc;subLotNumber:asc,,mapa,,,https://www.bbmnetleiloes.com.br/evento/alienacao-de-40-bens-imoveis-municipio-para-de-mg-790150?searchType=opened&preOrderBy=orderByFirstOpenedOffers&pageNumber=1&pageSize=30&orderBy=lotNumber:asc;subLotNumber:asc | OBSERVAÇÃO: LOTES EM DIFERENTES LOCAIS DA CIDADE.
marcador-753,[PREFEITURA] - Imóveis - Araxá / MG,31-07-26,2026-08-21,21/08/2026,4:00,passado,MG,38180-001 - Araxá - MG - Brasil,,,https://www.wellingtonsilvaleiloeiro.com.br/leilao/prefeitura-municipal-de-araxa/594/#Pagina=1&Index=1,,mapa,,,https://www.wellingtonsilvaleiloeiro.com.br/leilao/prefeitura-municipal-de-araxa/594/#Pagina=1&Index=1 | OBSERVAÇÃO: LOTES EM DIFERENTES LOCAIS DA CIDADE.
marcador-754,"[ÓRGÃO PÚBLICO] - Veículos, Caminhonetes, Motos, Vans - Teotônio Vilela / AL",31-07-26,2026-08-21,21/08/2026,4:00,passado,AL,"Rua Vereador Manoel Firmino, 134 - Centro - 57265-150 - Teotônio Vilela - AL - Brasil",,,https://www.leiloesfreire.com.br/leilao/1143?page=1,,mapa,,,https://www.leiloesfreire.com.br/leilao/1143?page=1
marcador-755,"[ÓRGÃO PÚBLICO] - DETRAN/BA - Motos, Veículos - Camaçari / BA",31-07-26,2026-08-21,21/08/2026,5:00,passado,BA,Rua Francisco Drumond - Centro - 42800-970 - Camaçari - BA - Brasil,,,https://www.cravoleiloes.com.br/leilao/1249/lotes,,mapa,,,https://www.cravoleiloes.com.br/leilao/1249/lotes
marcador-756,"[ÓRGÃO PÚBLICO] - DETRAN/BA - Motos, Veículos - Jequié / BA",31-07-26,2026-08-21,21/08/2026,5:00,passado,BA,"Rua Jean Torres de Oliveira, 215 - Kennedy - 45201-767 - Jequié - BA - Brasil",,,https://www.cravoleiloes.com.br/leilao/1250/lotes,,mapa,,,https://www.cravoleiloes.com.br/leilao/1250/lotes
marcador-757,"[ÓRGÃO PÚBLICO] - DETRAN/BA - Motos, Veículos - Jequié / BA",31-07-26,2026-08-21,21/08/2026,5:00,passado,BA,"Rua Jean Torres de Oliveira, 215 - Kennedy - 45201-767 - Jequié - BA - Brasil",,,https://www.cravoleiloes.com.br/leilao/1250/lotes,,mapa,,,https://www.cravoleiloes.com.br/leilao/1250/lotes
marcador-758,"[ÓRGÃO PÚBLICO] - DETRN/BA - Motos, Veículos, Caminhonetes - Salvador / BA",31-07-26,2026-08-21,21/08/2026,5:00,passado,BA,Baixa de Santo Antônio - São Gonçalo - 41185-303 - Salvador - BA - Brasil,,,https://www.cravoleiloes.com.br/leilao/1251/lotes,,mapa,,,https://www.cravoleiloes.com.br/leilao/1251/lotes
marcador-759,"[ÓRGÃO PÚBLICO] - DETRAN/RN - 2 - Motos, Veículos - São Gonçalo do Amarante / RN",31-07-26,2026-08-21,21/08/2026,5:00,passado,RN,Avenida Ruy Pereira dos Santos - Olho D'agua - 59295444 - São Gonçalo do Amarante - RN - Brasil,,,https://www.lancecertoleiloes.com.br/leilao/200826VEIC,,mapa,,,https://www.lancecertoleiloes.com.br/leilao/200826VEIC | OBSERVAÇÃO: LOTES EM DIFERENTES LOCAIS DO BRASIL.
marcador-760,"[ÓRGÃO PÚBLICO] - PC - Sucatas, Veículos, Motos - Araçatuba / SP",31-07-26,2026-08-21,21/08/2026,5:00,passado,SP,"Rua Doutor Temistocles Brandão Cavalcanti, 527 - Morada dos Nobres - 16022040 - Araçatuba - SP - Brasil",,,https://www.benozzati.com.br/leilao/218/lotes,,mapa,,,https://www.benozzati.com.br/leilao/218/lotes
marcador-761,"[ÓRGÃO PÚBLICO] - SEPLAG - Produtos, Equipamentos - Cuiabá / MT",31-07-26,2026-08-21,21/08/2026,5:00,passado,MT,"Avenida São Sebastião, 1447 - Goiabeira - 78032160 - Cuiabá - MT - Brasil",,,https://www.alvaroantonioleiloes.com.br/eventos/leilao/144/leilao-vlt,,mapa,,,https://www.alvaroantonioleiloes.com.br/eventos/leilao/144/leilao-vlt | OBSERVAÇÃO: LOTES EM DIFERENTE LOCAL.
marcador-762,"[EXÉRCITO] - EMGEPRON - Veículos, Caminhonetes, Produtos - Manaus / AM",31-07-26,2026-08-21,21/08/2026,5:00,passado,AM,"BR 316, KM 4,5 - 69075510 - Manaus - AM - Brasil",,,https://www.joaoemilio.com.br/leilao/6058/lotes,,mapa,,,https://www.joaoemilio.com.br/leilao/6058/lotes
marcador-763,[PRODUTOS] - Produtos - São Bernardo do Campo / SP,31-07-26,2026-08-21,21/08/2026,8:00,passado,SP,"Estrada dos Alvarengas, 360 - Assunção - 09850-550 - São Bernardo do Campo - SP - Brasil",,,https://www.nossoleilao.com.br/leilao/830/lotes,,mapa,,,https://www.nossoleilao.com.br/leilao/830/lotes
marcador-764,"[SEGURADORA] - Veículos, Motos, Caminhonetes - Juatuba / MG",31-07-26,2026-08-22,22/08/2026,7:00,passado,MG,35675000 - Juatuba - MG - Brasil,,,https://www.palaciodosleiloes.com.br/site/?leilao_pesquisa=8503,,mapa,,,https://www.palaciodosleiloes.com.br/site/?leilao_pesquisa=8503
marcador-765,[SEGURADORA] - VEÍCULOS/CAMINHONETES - Juatuba/MG,31-07-26,2026-08-22,22/08/2026,7:00,passado,MG,"Juatuba, MG, 35675-000, Brasil",,,https://www.palaciodosleiloes.com.br/site/?leilao_pesquisa=8503,,mapa,,,https://www.palaciodosleiloes.com.br/site/?leilao_pesquisa=8503
marcador-766,[PRODUTOS] - Contagem / MG,31-07-26,2026-08-22,22/08/2026,8:00,passado,MG,Via Vereador Joaquim Costa - Campina Verde - 32150-240 - Contagem - MG - Brasil,,,https://www.palaciodosleiloes.com.br/site/?leilao_pesquisa=8544,,mapa,,,https://www.palaciodosleiloes.com.br/site/?leilao_pesquisa=8544
marcador-767,"[PREFEITURA] - Vans, Veículos, Ônibus, Caminhonetes, Sucatas - Claraval / MG",31-07-26,2026-08-24,24/08/2026,4:00,passado,MG,Rua 12 de Dezembro - Centro - 37997-000 - Claraval - MG - Brasil,,,https://drive.google.com/file/d/1VD7XW4CkOq2Y8CsQ3N7J9TCA9OA0Cht4/view?usp=drive_link,,mapa,,,https://drive.google.com/file/d/1VD7XW4CkOq2Y8CsQ3N7J9TCA9OA0Cht4/view?usp=drive_link
marcador-768,"[PREFEITURA] - Ônibus, Máquinas, Sucatas, Equipamentos - Verê / PR",31-07-26,2026-08-24,24/08/2026,4:00,passado,PR,85585-000 - Verê - PR - Brasil,,,https://www.andreluizleiloes.com.br/evento/municipio-de-vere-784446?searchType=opened&preOrderBy=orderByFirstOpenedOffers&pageNumber=1&pageSize=30&orderBy=lotNumber:asc;subLotNumber:asc,,mapa,,,https://www.andreluizleiloes.com.br/evento/municipio-de-vere-784446?searchType=opened&preOrderBy=orderByFirstOpenedOffers&pageNumber=1&pageSize=30&orderBy=lotNumber:asc;subLotNumber:asc
marcador-769,"[PREFEITURA] - Equipamentos, Ônibus, Vans, Veículos, Caminhonetes, Máquinas, Sucatas - Itaí / SP",31-07-26,2026-08-24,24/08/2026,4:00,passado,SP,"Rua Alfredo Veloso de Moura, 335 - Jardim Novo Horizonte - 18732-062 - Itaí - SP - Brasil",,,https://www.machadoleiloeiro.com.br/leilao/1796/lotes,,mapa,,,https://www.machadoleiloeiro.com.br/leilao/1796/lotes | OBSERVAÇÃO: LOTES EM DIFERENTES LOCAIS DA CIDADE.
marcador-770,"[PREFEITURA] - Equipamentos, Ônibus, Vans, Veículos, Caminhonetes, Máquinas, Sucatas - Itaí / SP",31-07-26,2026-08-24,24/08/2026,4:00,passado,SP,"Rua Alfredo Veloso de Moura, 335 - Jardim Novo Horizonte - 18732-062 - Itaí - SP - Brasil",,,https://www.machadoleiloeiro.com.br/leilao/1796/lotes,,mapa,,,https://www.machadoleiloeiro.com.br/leilao/1796/lotes
marcador-771,"[PREFEITURA] - Ônibus, Máquinas, Motos, Equipamentos, Sucatas - Verê / PR",31-07-26,2026-08-24,24/08/2026,4:00,passado,PR,"Rua Pioneiro Arcelino Mondardo, 392 - 85585-000 - Verê - PR - Brasil",,,https://www.andreluizleiloes.com.br/evento/municipio-de-vere-784446?searchType=opened&preOrderBy=orderByFirstOpenedOffers&pageNumber=1&pageSize=30&orderBy=lotNumber:asc;subLotNumber:asc,,mapa,,,https://www.andreluizleiloes.com.br/evento/municipio-de-vere-784446?searchType=opened&preOrderBy=orderByFirstOpenedOffers&pageNumber=1&pageSize=30&orderBy=lotNumber:asc;subLotNumber:asc
marcador-772,[PREFEITURA] - Sucatas - Campos do Jordão / SP,31-07-26,2026-08-24,24/08/2026,4:00,passado,SP,"Avenida Frei Orestes Girardi, 893 - Vila Abernéssia - 12467-012 - Campos do Jordão - SP - Brasil",,,https://liderleiloes.com.br/eventos/leilao/186/sucata-aproveitavel-carros-e-motos-sessao-publica-de-13-08-2026-a-partir-das-11h00,,mapa,,,https://liderleiloes.com.br/eventos/leilao/186/sucata-aproveitavel-carros-e-motos-sessao-publica-de-13-08-2026-a-partir-das-11h00
marcador-773,"[ÓRGÃO PÚBLICO] - CORREIOS - PORTO ALEGRE/RS - Produtos, Vans, Caminhonetes, Sucatas - São José / SC",31-07-26,2026-08-24,24/08/2026,4:00,passado,RS,"Rua Romeu José Vieira, 90 - Nossa Senhora do Rosário - 88110-970 - São José - SC - Brasil",,,https://drive.google.com/file/d/18fqyw9zJFhO3_JjWucxx8m9EYgstxNbt/view?usp=drive_link,,mapa,,,https://drive.google.com/file/d/18fqyw9zJFhO3_JjWucxx8m9EYgstxNbt/view?usp=drive_link
marcador-774,"[ÓRGÃO PÚBLICO] - SEMOB - Veículos, Caminhonetes, Motos - Maringá / PR",31-07-26,2026-08-24,24/08/2026,5:00,passado,PR,"Rua Manoel Prudêncio de Brito, 291 - Parque Industrial Bandeirantes -  87070050 - Maringá - PR - Brasil",,,https://www.marangonileiloes.com.br/evento/semob-maringa-circulacao-09-2026-784499?searchType=opened&preOrderBy=orderByFirstOpenedOffers&pageNumber=1&pageSize=30&orderBy=lotNumber:asc;subLotNumber:asc,,mapa,,,https://www.marangonileiloes.com.br/evento/semob-maringa-circulacao-09-2026-784499?searchType=opened&preOrderBy=orderByFirstOpenedOffers&pageNumber=1&pageSize=30&orderBy=lotNumber:asc;subLotNumber:asc
marcador-775,[ÓRGÃO PÚBLICO] - RECEITA FEDERAL - Produtos - Cariacica / ES,31-07-26,2026-08-24,24/08/2026,5:00,passado,ES,29158900 - Cariacica - ES - Brasil,,,https://www25.receita.fazenda.gov.br/sle-sociedade/portal/edital/727600/2/2026,,mapa,,,https://www25.receita.fazenda.gov.br/sle-sociedade/portal/edital/727600/2/2026
marcador-776,"[ÓRGÃO PÚBLICO] - CORREIOS - PORTO ALEGRE/RS - Produtos, Vans, Caminhonetes, Sucatas - São José / SC",31-07-26,2026-08-24,24/08/2026,5:00,passado,RS,"Rua Romeu José Vieira, 90 - Nossa Senhora do Rosário - 88110-970 - São José - SC - Brasil",,,https://drive.google.com/file/d/18fqyw9zJFhO3_JjWucxx8m9EYgstxNbt/view?usp=drive_link,,mapa,,,https://drive.google.com/file/d/18fqyw9zJFhO3_JjWucxx8m9EYgstxNbt/view?usp=drive_link
marcador-777,"[PRODUTOS] - Equipamentos, Produtos - Santo André / SP",31-07-26,2026-08-24,24/08/2026,8:00,passado,SP,Praça Quarto Centenário - Centro - 09015080 - Santo André - SP - Brasil,,,https://www.nextleiloes.com.br/evento/leilao-de-maquinas-e-equipamentos-790426?searchType=opened&preOrderBy=orderByFirstOpenedOffers&pageNumber=1&pageSize=30&orderBy=lotNumber:asc;subLotNumber:asc,,mapa,,,https://www.nextleiloes.com.br/evento/leilao-de-maquinas-e-equipamentos-790426?searchType=opened&preOrderBy=orderByFirstOpenedOffers&pageNumber=1&pageSize=30&orderBy=lotNumber:asc;subLotNumber:asc
marcador-778,[EMPRESA] - Máquinas - Blumenau / SC,31-07-26,2026-08-24,24/08/2026,9:00,passado,SC,Rua 15 de Novembro - Centro - 89010-000 - Blumenau - SC - Brasil,,,https://www.zampierileilao.com.br/pregao/6a679b80c08f9653bcc1d376/6a679b80c08f9653bcc1d38b,,mapa,,,https://www.zampierileilao.com.br/pregao/6a679b80c08f9653bcc1d376/6a679b80c08f9653bcc1d38b
marcador-779,"[PREFEITURA] - Equipamentos, Produtos, Caminhões, Ônibus, Motos, Veículos, Vans, Máquinas, Sucatas - Astolfo Dutra / MG",31-07-26,2026-08-25,25/08/2026,4:00,passado,MG,"Rua João Henrique de Oliveira, LOTE 2 - Manoel Figueiredo Linhares - 36780-000 - Astolfo Dutra - MG - Brasil",,,https://www.apabrfleiloes.com.br/leilao/retroescavadeiras-caminhoes-onibus-e-carros/479/#Pagina=1&Index=1,,mapa,,,https://www.apabrfleiloes.com.br/leilao/retroescavadeiras-caminhoes-onibus-e-carros/479/#Pagina=1&Index=1
marcador-780,"[PREFEITURA] - Equipamentos, Produtos, Caminhões, Ônibus, Motos, Veículos, Vans, Máquinas, Sucatas - Astolfo Dutra / MG",31-07-26,2026-08-25,25/08/2026,4:00,passado,MG,"Rua João Henrique de Oliveira, LOTE 2 - Manoel Figueiredo Linhares - 36780-000 - Astolfo Dutra - MG - Brasil",,,https://www.apabrfleiloes.com.br/leilao/retroescavadeiras-caminhoes-onibus-e-carros/479/#Pagina=1&Index=1,,mapa,,,https://www.apabrfleiloes.com.br/leilao/retroescavadeiras-caminhoes-onibus-e-carros/479/#Pagina=1&Index=1
marcador-781,"[PREFEITURA] - Motos, Veículos, Caminhões, Sucatas, Máquinas, Produtos - Astolfo Dutra / MG",31-07-26,2026-08-25,25/08/2026,4:00,passado,MG,36780-000 - Astolfo Dutra - MG - Brasil,,,https://www.apabrfleiloes.com.br/leilao/retroescavadeiras-caminhoes-onibus-e-carros/479/#Pagina=1&Index=3,,mapa,,,https://www.apabrfleiloes.com.br/leilao/retroescavadeiras-caminhoes-onibus-e-carros/479/#Pagina=1&Index=3
marcador-782,"[PREFEITURA] - Veículos, Ônibus, Vans, Máquinas, Sucatas - São Domingos / GO",31-07-26,2026-08-25,25/08/2026,4:00,passado,GO,"Alfredo Fernandes da Silva, 37 - Setor Leste - 73860-000 - São Domingos - GO - Brasil",,,https://www.leiloesbrasil.com.br/diversos/#5946/onlinelb/leilao/25-08-2026,,mapa,,,https://www.leiloesbrasil.com.br/diversos/#5946/onlinelb/leilao/25-08-2026
marcador-783,"[PREFEITURA] - Veículos, Motos, Caminhonetes, Ônibus, Máquinas, Sucatas, Presencial - Aracitaba / MG",31-07-26,2026-08-25,25/08/2026,4:00,passado,MG,"Praça Barão de Montes Claros, 16 - CENTRO - 36255-000 - Aracitaba - MG - Brasil",,,https://www.pwleiloes.com.br/leilao/prefeitura-municipal-de-aracitaba/592/#Pagina=1&Index=1,,mapa,,,https://www.pwleiloes.com.br/leilao/prefeitura-municipal-de-aracitaba/592/#Pagina=1&Index=1
marcador-784,[PREFEITURA] - Imóveis - José Bonifácio / SP,31-07-26,2026-08-25,25/08/2026,4:00,passado,SP,15200-000 - José Bonifácio - SP - Brasil,,,https://www.andradeleiloes.com.br/leilao/199/lotes,,mapa,,,https://www.andradeleiloes.com.br/leilao/199/lotes
marcador-785,"[PREFEITURA] - Produtos, Sucatas, Ônibus, Máquinas, Veículos, Vans, Motos - Amélia Rodrigues / BA",31-07-26,2026-08-25,25/08/2026,4:00,passado,BA,"2A Travessa Maria Oreste Amorim, 158-270 - 44230000 - Amélia Rodrigues - BA - Brasil",,,https://www.patiorochaleiloes.com.br/leilao/856/lotes?page=1,,mapa,,,https://www.patiorochaleiloes.com.br/leilao/856/lotes?page=1
marcador-786,[ÓRGÃO PÚBLICO] - SEMOB - Sucatas - Maringá / PR,31-07-26,2026-08-25,25/08/2026,5:00,passado,PR,"Rua Manoel Prudêncio de Brito, 291 - Parque Industrial Bandeirantes -  87070050 - Maringá - PR - Brasil",,,https://www.marangonileiloes.com.br/evento/semob-maringa-sucata-10-2026-790287?searchType=opened&preOrderBy=orderByFirstOpenedOffers&pageNumber=1&pageSize=30&orderBy=lotNumber:asc;subLotNumber:asc,,mapa,,,https://www.marangonileiloes.com.br/evento/semob-maringa-sucata-10-2026-790287?searchType=opened&preOrderBy=orderByFirstOpenedOffers&pageNumber=1&pageSize=30&orderBy=lotNumber:asc;subLotNumber:asc
marcador-787,"[EXÉRCITO] - 3º B LOG - Equipamentos, Caminhonetes, Vans, Veículos, Caminhões - Bagé / RS",31-07-26,2026-08-25,25/08/2026,6:00,passado,RS,"Rua Vinte de Setembro, 1055 - Getúlio Vargas - 96400-050 - Bagé - RS - Brasil",,,https://www.ricardogomesleiloes.com.br/leiloes/33,,mapa,,,https://www.ricardogomesleiloes.com.br/leiloes/33
marcador-788,"[EMPRESA] - GMA - Vans, Ônibus - Campos do Jordão / SP",31-07-26,2026-08-25,25/08/2026,9:00,passado,SP,Rua Joaquim Pinto Seabra - Vila Everest - 12460-003 - Campos do Jordão - SP - Brasil,,,https://www.savoyleiloes.com.br/leilao/leilao-da-gna-transportes,,mapa,,,https://www.savoyleiloes.com.br/leilao/leilao-da-gna-transportes
marcador-789,"[PREFEITURA] - Produtos, Sucatas - Arinos / MG",31-07-26,2026-08-26,26/08/2026,4:00,passado,MG,"Rua Francisco Pereira, 2231 - centro - 38680-000 - Arinos - MG - Brasil",,,https://drive.google.com/file/d/1ylwYQ2Je0ehZ10kqrlWPwoWAZ2rtboZw/view?usp=drive_link,,mapa,,,https://drive.google.com/file/d/1ylwYQ2Je0ehZ10kqrlWPwoWAZ2rtboZw/view?usp=drive_link
marcador-790,"[PREFEITURA] - Máquinas, Equipamentos, Caminhonetes, Caminhões, Veículos, Sucatas, Vans - Quinze de Novembro / RS",31-07-26,2026-08-27,27/08/2026,4:00,futuro_ou_hoje,RS,"Avenida Dona Etelvina, 1158 - 98230-000 - Quinze de Novembro - RS - Brasil",,,https://www.leffaleiloes.com.br/leilao/prefeitura-municipal-de-quinze-de-novembro-rs-29-07-2026-11-23-16/lotes/lista,,mapa,,,https://www.leffaleiloes.com.br/leilao/prefeitura-municipal-de-quinze-de-novembro-rs-29-07-2026-11-23-16/lotes/lista
marcador-791,[PREFEITURA] - Imóveis - Joinville / SC,31-07-26,2026-08-27,27/08/2026,4:00,futuro_ou_hoje,SC,89239999 - Joinville - SC - Brasil,,,https://www.bidgo.com.br/leilao/imoveis-em-joinville-sc-24-06-2026-16-40-27/lotes/lista,,mapa,,,https://www.bidgo.com.br/leilao/imoveis-em-joinville-sc-24-06-2026-16-40-27/lotes/lista | OBSERVAÇÃO: LOTES EM DIFERENTES LOCAIS DA CIDADE.
marcador-792,"[PREFEITURA] - Veículos, Caminhões, Máquinas, Equipamentos, Sucatas - Arroio Trinta / SC",31-07-26,2026-08-27,27/08/2026,4:00,futuro_ou_hoje,SC,Francisco Nava - 89590-000 - Arroio Trinta - SC - Brasil,,,https://drive.google.com/file/d/1v6M-8NnL-GHbp4j-Uzunx2qI7DOoO126/view?usp=drive_link,,mapa,,,https://drive.google.com/file/d/1v6M-8NnL-GHbp4j-Uzunx2qI7DOoO126/view?usp=drive_link | OBSERVAÇÃO: LOTES EM DIFERENTES LOCAIS DA CIDADE.
marcador-793,"[PREFEITURA] - Veículos, Caminhões, Máquinas, Equipamentos, Sucatas - Arroio Trinta / SC",31-07-26,2026-08-27,27/08/2026,4:00,futuro_ou_hoje,SC,Francisco Nava  - 89590-000 - Arroio Trinta - SC - Brasil,,,https://drive.google.com/file/d/1v6M-8NnL-GHbp4j-Uzunx2qI7DOoO126/view?usp=drive_link,,mapa,,,https://drive.google.com/file/d/1v6M-8NnL-GHbp4j-Uzunx2qI7DOoO126/view?usp=drive_link | OBSERVAÇÃO: LOTES EM DIFERENTES LOCAIS DA CIDADE.
marcador-794,[PREFEITURA] - VEÍCULOS/CAMINHÕES/MÁQUINAS/EQUIPAMENTOS/SUCATAS - Arroio Trinta - SC,31-07-26,2026-08-27,27/08/2026,4:00,futuro_ou_hoje,SC,"Rua Francisco Nava, R. Francisco Nava, Arroio Trinta - SC, 89590-000, Brasil",,,https://drive.google.com/file/d/1v6M-8NnL-GHbp4j-Uzunx2qI7DOoO126/view?usp=drive_link,,mapa,,,https://drive.google.com/file/d/1v6M-8NnL-GHbp4j-Uzunx2qI7DOoO126/view?usp=drive_link | Observação: LOTES EM DIFERENTES LOCAIS DA CIDADE.
marcador-795,[PREFEITURA] - IMÓVEIS	- Joinville - SC,31-07-26,2026-08-27,27/08/2026,4:00,futuro_ou_hoje,SC,"Joinville - SC, Brasil",,,https://www.bidgo.com.br/leilao/imoveis-em-joinville-sc-24-06-2026-16-40-27/lotes/lista,,mapa,,,https://www.bidgo.com.br/leilao/imoveis-em-joinville-sc-24-06-2026-16-40-27/lotes/lista • | OBSERVAÇÃO: LOTES EM DIFERENTES LOCAIS DA CIDADE.
marcador-796,[EMPRESA] - Máquinas - Formiga / MG,31-07-26,2026-08-27,27/08/2026,9:00,futuro_ou_hoje,MG,Rua João Fernandes Souto - Centro - 35570-001 - Formiga - MG - Brasil,,,https://www.adrianoleiloeiro.com.br/evento/carregadeira-new-holland-12d-784675?searchType=opened&preOrderBy=orderByFirstOpenedOffers&pageNumber=1&pageSize=30&orderBy=lotNumber:asc;subLotNumber:asc,,mapa,,,https://www.adrianoleiloeiro.com.br/evento/carregadeira-new-holland-12d-784675?searchType=opened&preOrderBy=orderByFirstOpenedOffers&pageNumber=1&pageSize=30&orderBy=lotNumber:asc;subLotNumber:asc
marcador-797,[EMPRESA] - AMARAL - Máquinas - São Paulo / SP,31-07-26,2026-08-28,28/08/2026,9:00,futuro_ou_hoje,SP,01000-000 - São Paulo - SP - Brasil,,,https://www.amaralleiloes.com.br/leilao/1544/lotes,,mapa,,,https://www.amaralleiloes.com.br/leilao/1544/lotes
marcador-798,[EMPRESA] - Caminhões - São Paulo / SP,31-07-26,2026-08-29,29/08/2026,9:00,futuro_ou_hoje,SP,"Rua Tabatinguera, 140 - Sé - 01020-901 - São Paulo - SP - Brasil",,,https://www.allianceleiloes.com.br/lotes/514-01-cavalo-mecanico-mercedes-benz-axor-2041-ls,,mapa,,,https://www.allianceleiloes.com.br/lotes/514-01-cavalo-mecanico-mercedes-benz-axor-2041-ls
marcador-799,[ÓRGÃO PÚBLICO] - CORREIOS - PORTO ALEGRE/RS - Vans - Cajamar / SP,31-07-26,2026-08-31,31/08/2026,4:00,futuro_ou_hoje,RS,"Avenida Doutor Antonio João Abdalla, 2727 - Empresarial Colina - 07750-983 - Cajamar - SP - Brasil",,,https://drive.google.com/file/d/1of8YRZJf08jaf1XFtPhq0cUlJBLHEa4k/view?usp=drive_link,,mapa,,,https://drive.google.com/file/d/1of8YRZJf08jaf1XFtPhq0cUlJBLHEa4k/view?usp=drive_link
marcador-800,[PREFEITURA] - Imóveis - Rio de Janeiro / RJ,31-07-26,2026-08-31,31/08/2026,4:00,futuro_ou_hoje,RJ,"Estrada Coronel Pedro Corrêa, S/N - Barra Olímpica - 22775-090 - Rio de Janeiro - RJ - Brasil",,,https://drive.google.com/file/d/1TLkuxtpxFtX4SD-bdUZpGQ46i8jnltrT/view?usp=drive_link,,mapa,,,https://drive.google.com/file/d/1TLkuxtpxFtX4SD-bdUZpGQ46i8jnltrT/view?usp=drive_link
marcador-801,[ÓRGÃO PÚBLICO] - CORREIOS - PORTO ALEGRE/RS - Vans - Cajamar / SP,31-07-26,2026-08-31,31/08/2026,5:00,futuro_ou_hoje,RS,"Avenida Doutor Antonio João Abdalla, 2727 - Empresarial Colina - 07750-983 - Cajamar - SP - Brasil",,,https://drive.google.com/file/d/1of8YRZJf08jaf1XFtPhq0cUlJBLHEa4k/view?usp=drive_link,,mapa,,,https://drive.google.com/file/d/1of8YRZJf08jaf1XFtPhq0cUlJBLHEa4k/view?usp=drive_link
marcador-802,[PREFEITURA] - CORREIOS - PORTO ALEGRE/RS - Vans - Cajamar / SP,31-07-26,2026-08-31,31/08/2026,5:00,futuro_ou_hoje,RS,"Avenida Doutor Antonio João Abdalla, 2727 - Empresarial Colina - 07750-983 - Cajamar - SP - Brasil",,,https://drive.google.com/file/d/1of8YRZJf08jaf1XFtPhq0cUlJBLHEa4k/view?usp=drive_link,,mapa,,,https://drive.google.com/file/d/1of8YRZJf08jaf1XFtPhq0cUlJBLHEa4k/view?usp=drive_link
marcador-803,[EMPRESA] - UNIMED - Veículos - Maceió / AL,31-07-26,2026-08-31,31/08/2026,9:00,futuro_ou_hoje,AL,"Avenida Fernandes Lima, 1560 - Pitanguinha - 57052050 - Maceió - AL - Brasil",,,https://www.leiloesfreire.com.br/leilao/1139,,mapa,,,https://www.leiloesfreire.com.br/leilao/1139
marcador-804,[ÓRGÃO PÚBLICO] - DETRAN - 2 - Sucatas - São Luís / MA,31-07-26,2026-08-31,31/08/2026,5:00,futuro_ou_hoje,MA,"Avenida Engenheiro Emiliano Macieira, 301 - Maracanã - 65095-602 - São Luís - MA - Brasil",,,https://www.vipleiloes.com.br/evento/detalhes/100826tdmas,,mapa,,,https://www.vipleiloes.com.br/evento/detalhes/100826tdmas
marcador-805,[PREFEITURA] - Imóveis - Rio Verde / GO,31-07-26,2026-09-01,01/09/2026,4:00,futuro_ou_hoje,GO,"Avenida Flamboyant, 12 - Residencial Gameleira - 75906-880 - Rio Verde - GO - Brasil",,,https://drive.google.com/file/d/1ewhPwJFLoBbCBiDDRxtj2Nw9Z4bj5UKb/view?usp=drive_link,,mapa,,,https://drive.google.com/file/d/1ewhPwJFLoBbCBiDDRxtj2Nw9Z4bj5UKb/view?usp=drive_link
marcador-806,"[PREFEITURA] - Imóveis, Ônibus, Caminhões, Vans, Caminhonetes, Veículos, Motos, Máquinas, Equipamentos, Sucatas - Joaquim Távora / PR",31-07-26,2026-09-02,02/09/2026,4:00,futuro_ou_hoje,PR,"Rua João Rodrigues de Almeida, 387 -  Residencial São Lucas - 86455-000 - Joaquim Távora - PR - Brasil",,,https://www.simonleiloes.com.br/leiloes/leilao-da-prefeitura-de-joaquim-tavora-pr-538,,mapa,,,https://www.simonleiloes.com.br/leiloes/leilao-da-prefeitura-de-joaquim-tavora-pr-538 | OBSERVAÇÃO: LOTES EM DIFERENTES LOCAIS DA CIDADE.
marcador-807,"[PREFEITURA] - Veículos, Máquinas, Equipamentos, Produtos, Sucatas, Presencial - Tio Hugo / RS",31-07-26,2026-09-03,03/09/2026,4:00,futuro_ou_hoje,RS,"Rua Paraíba, 94 - 99345-000 - Tio Hugo - RS - Brasil",,,https://www.cargneluttileiloes.com.br/leilao/4470/lotes,,mapa,,,https://www.cargneluttileiloes.com.br/leilao/4470/lotes | OBSERVAÇÃO: LOTES EM DIFERENTES LOCAIS DA CIDADE.
marcador-808,"[PREFEITURA] - Veículos, Máquinas, Equipamentos, Produtos, Sucatas, Presencial - Tio Hugo / RS",31-07-26,2026-09-03,03/09/2026,4:00,futuro_ou_hoje,RS,"Paraíba, 94 - 99345-000 - Tio Hugo - RS - Brasil",,,https://www.cargneluttileiloes.com.br/leilao/4470/lotes,,mapa,,,https://www.cargneluttileiloes.com.br/leilao/4470/lotes | OBSERVAÇÃO: LOTES EM DIFERENTES LOCAIS DA CIDADE.
marcador-809,"[EMPRESA] - Caminhões, Equipamentos, Imóveis - Rio Grande / RS",31-07-26,2026-09-03,03/09/2026,9:00,futuro_ou_hoje,RS,96200-001 - Rio Grande - RS - Brasil,,,https://www.lipinskileiloes.com.br/leilao/veiculo-vw-8-150e-delivery-reb-piramide-prb500-semi-reboque-casa-sao-lourenco-22-04-2026-14-59-24/lotes/lista,,mapa,,,https://www.lipinskileiloes.com.br/leilao/veiculo-vw-8-150e-delivery-reb-piramide-prb500-semi-reboque-casa-sao-lourenco-22-04-2026-14-59-24/lotes/lista | OBSERVAÇÃO: LOTES EM DIFERENTES LOCAIS DO BRASIL.
marcador-810,"[PÁTIO] - Caminhões, Equipamentos, Jetskis - Rio Grande / RS",31-07-26,2026-09-03,03/09/2026,9:00,futuro_ou_hoje,RS,35931-110 - Rio Grande - RS - Brasil,,,https://www.lipinskileiloes.com.br/leilao/veiculo-vw-8-150e-delivery-reb-piramide-prb500-semi-reboque-casa-sao-lourenco-22-04-2026-14-59-24/lotes/lista,,mapa,,,https://www.lipinskileiloes.com.br/leilao/veiculo-vw-8-150e-delivery-reb-piramide-prb500-semi-reboque-casa-sao-lourenco-22-04-2026-14-59-24/lotes/lista
marcador-811,"[PÁTIO] - Caminhões, Equipamentos, Jetskis - Rio Grande / RS",31-07-26,2026-09-03,03/09/2026,9:00,futuro_ou_hoje,RS,35931-110 - Rio Grande - RS - Brasil,,,https://www.lipinskileiloes.com.br/leilao/veiculo-vw-8-150e-delivery-reb-piramide-prb500-semi-reboque-22-04-2026-14-59-24/lotes/lista,,mapa,,,https://www.lipinskileiloes.com.br/leilao/veiculo-vw-8-150e-delivery-reb-piramide-prb500-semi-reboque-22-04-2026-14-59-24/lotes/lista
marcador-812,[PÁTIO]  - CAMINHÕES/EQUIMENTOS/JETSKIS - Rio Grande/RS,31-07-26,2026-09-03,03/09/2026,9:00,futuro_ou_hoje,RS,"Av. Pres. Vargas, 305 - São Paulo, Rio Grande - RS, 96202-336, Brasil",,,https://www.lipinskileiloes.com.br/leilao/veiculo-vw-8-150e-delivery-reb-piramide-prb500-semi-reboque-22-04-2026-14-59-24/lotes/lista,,mapa,,,https://www.lipinskileiloes.com.br/leilao/veiculo-vw-8-150e-delivery-reb-piramide-prb500-semi-reboque-22-04-2026-14-59-24/lotes/lista
marcador-813,"[PREFEITURA] - Veículos, Vans, Caminhões, Máquinas, Equipamentos, Sucatas - Formosa do Sul / SC",31-07-26,2026-09-09,09/09/2026,4:00,futuro_ou_hoje,SC,"Av. Getúlio Vargas, 580 - Centro - 89859-000 - Formosa do Sul - SC - Brasil",,,https://www.eckertleiloes.com.br/evento/municipio-de-formosa-do-sul-sc-790442?searchType=opened&preOrderBy=orderByFirstOpenedOffers&pageNumber=1&pageSize=30&orderBy=lotNumber:asc;subLotNumber:asc&,,mapa,,,https://www.eckertleiloes.com.br/evento/municipio-de-formosa-do-sul-sc-790442?searchType=opened&preOrderBy=orderByFirstOpenedOffers&pageNumber=1&pageSize=30&orderBy=lotNumber:asc;subLotNumber:asc&
marcador-814,"[PREFEITURA] - Imóveis, Presencial - Jandaia do Sul / PR",31-07-26,2026-09-15,15/09/2026,4:00,futuro_ou_hoje,PR,86900-000 - Jandaia do Sul - PR - Brasil,,,https://drive.google.com/file/d/1lswP8Q4LpkLSjd6F_t9f7aqOZZ6YkKB6/view?usp=drive_link,,mapa,,,https://drive.google.com/file/d/1lswP8Q4LpkLSjd6F_t9f7aqOZZ6YkKB6/view?usp=drive_link | OBSERVAÇÃO: LOTES EM DIFERENTES LOCAIS DA CIDADE.
marcador-815,[PREFEITURA] - Imóveis - Passo Fundo / RS,31-07-26,2026-09-17,17/09/2026,4:00,futuro_ou_hoje,RS,99010-005 - Passo Fundo - RS - Brasil,,,https://drive.google.com/file/d/1PYQsXs4rdIEDPAp0yxQAHWsKEfae9yqp/view?usp=drive_link,,mapa,,,https://drive.google.com/file/d/1PYQsXs4rdIEDPAp0yxQAHWsKEfae9yqp/view?usp=drive_link
marcador-816,[PREFEITURA] - IMÓVEIS	- Tatuí - SP,31-07-26,2026-10-22,22/10/2026,4:00,futuro_ou_hoje,SP,"Tatuí, SP, Brasil",,,https://www.argonetworkleiloes.com.br/evento/prefeitura-municipal-de-tatui-789565?searchType=opened&preOrderBy=orderByFirstOpenedOffers&pageNumber=1&pageSize=30&orderBy=lotNumber:asc;subLotNumber:asc&,,mapa,,,https://www.argonetworkleiloes.com.br/evento/prefeitura-municipal-de-tatui-789565?searchType=opened&preOrderBy=orderByFirstOpenedOffers&pageNumber=1&pageSize=30&orderBy=lotNumber:asc;subLotNumber:asc& •
marcador-817,[PREFEITURA] - SÃO BERNARDO DO CAMPO- SP LEILÃO 2 - Sucatas - Campinas / SP,ATUALIZAÇÃO 11/08/2026,2026-08-12,12/08/2026,04:00,passado,SP,13000-001 - Campinas - SP - Brasil,,,https://www.hastasp.com.br/evento/sucata-leilao-01-2026-municipal-sao-bern-do-campo-789921?searchType=opened&preOrderBy=orderByFirstOpenedOffers&pageNumber=1&pageSize=30&orderBy=lotNumber:asc;subLotNumber:asc,,mapa,,,https://www.hastasp.com.br/evento/sucata-leilao-01-2026-municipal-sao-bern-do-campo-789921?searchType=opened&preOrderBy=orderByFirstOpenedOffers&pageNumber=1&pageSize=30&orderBy=lotNumber:asc;subLotNumber:asc
marcador-818,[PREFEITURA] - SÃO BERNARDO DO CAMPO-SP - Veículos,ATUALIZAÇÃO 11/08/2026,,,,sem_data,SP,,,,,,mapa,,,LOCALIZAÇÃO: | �ｻｿTITULO;DATA;MARCADOR;DESCRIÇÃO;LOCALIZAÇÃO: [PREFEITURA] - SÃO BERNARDO DO CAMPO-SP - Veículos
marcador-819,[PREFEITURA] - Veículos,ATUALIZAÇÃO 11/08/2026,,,,sem_data,,,,,,,mapa,,,LOCALIZAÇÃO: | �ｻｿTITULO;DATA;MARCADOR;DESCRIÇÃO;LOCALIZAÇÃO: [PREFEITURA] - Veículos
marcador-820,[PREFEITURA] - Veículos,ATUALIZAÇÃO 11/08/2026,,,,sem_data,,,,,,,mapa,,,LOCALIZAÇÃO: | �ｻｿTITULO;DATA;MARCADOR;DESCRIÇÃO;LOCALIZAÇÃO: [PREFEITURA] - Veículos
marcador-821,[PREFEITURA] - Veículos,ATUALIZAÇÃO 11/08/2026,,,,sem_data,,,,,,,mapa,,,LOCALIZAÇÃO: | �ｻｿTITULO;DATA;MARCADOR;DESCRIÇÃO;LOCALIZAÇÃO: [PREFEITURA] - Veículos
marcador-822,[PREFEITURA] - Máquinas,ATUALIZAÇÃO 11/08/2026,,,,sem_data,,,,,,,mapa,,,LOCALIZAÇÃO: | �ｻｿTITULO;DATA;MARCADOR;DESCRIÇÃO;LOCALIZAÇÃO: [PREFEITURA] - Máquinas
marcador-823,[PREFEITURA] - Veículos,ATUALIZAÇÃO 11/08/2026,,,,sem_data,,,,,,,mapa,,,LOCALIZAÇÃO: | �ｻｿTITULO;DATA;MARCADOR;DESCRIÇÃO;LOCALIZAÇÃO: [PREFEITURA] - Veículos
marcador-824,[PREFEITURA] - Veículos,ATUALIZAÇÃO 11/08/2026,,,,sem_data,,,,,,,mapa,,,LOCALIZAÇÃO: | �ｻｿTITULO;DATA;MARCADOR;DESCRIÇÃO;LOCALIZAÇÃO: [PREFEITURA] - Veículos
marcador-825,[PREFEITURA] - Veículos,ATUALIZAÇÃO 11/08/2026,,,,sem_data,,,,,,,mapa,,,LOCALIZAÇÃO: | �ｻｿTITULO;DATA;MARCADOR;DESCRIÇÃO;LOCALIZAÇÃO: [PREFEITURA] - Veículos
marcador-826,[PREFEITURA] - Sucatas - São Sepé / RS,ATUALIZAÇÃO 11/08/2026,2026-08-12,12/08/2026,04:00,passado,RS,Cícero Brenner,,,https://drive.google.com/file/d/17NfBLbYaavOWaUV1RjdvjkI7cJ-nc9p4/view?usp=drive_link,,mapa,,,https://drive.google.com/file/d/17NfBLbYaavOWaUV1RjdvjkI7cJ-nc9p4/view?usp=drive_link
marcador-827,[PREFEITURA] - Produtos,ATUALIZAÇÃO 11/08/2026,,,,sem_data,,,,,,,mapa,,,LOCALIZAÇÃO: | �ｻｿTITULO;DATA;MARCADOR;DESCRIÇÃO;LOCALIZAÇÃO: [PREFEITURA] - Produtos
marcador-828,[PREFEITURA] - Imóveis - Vinhedo / SP,ATUALIZAÇÃO 11/08/2026,2026-08-12,12/08/2026,04:00,passado,SP,13280-001 - Vinhedo - SP - Brasil,,,https://liderleiloes.com.br/eventos/leilao/118/terrenos-diversos-lotes-urbanos-em-regioes-valorizadas-de-vinhedo-sp,,mapa,,,https://liderleiloes.com.br/eventos/leilao/118/terrenos-diversos-lotes-urbanos-em-regioes-valorizadas-de-vinhedo-sp | OBSERVAÇÃO: LOTES EM DIFERENTES LOCAIS DA CIDADE.
marcador-829,[PREFEITURA] - Caminhões,ATUALIZAÇÃO 11/08/2026,,,,sem_data,,,,,,,mapa,,,LOCALIZAÇÃO: | �ｻｿTITULO;DATA;MARCADOR;DESCRIÇÃO;LOCALIZAÇÃO: [PREFEITURA] - Caminhões
marcador-830,[PREFEITURA] - TIJUCAS DO SUL 2 - Sucatas - Tijucas do Sul / PR,ATUALIZAÇÃO 11/08/2026,2026-08-12,12/08/2026,04:00,passado,PR,Estrada Estadual PR-281 - Xaxim - 83198-890 - Tijucas do Sul - PR - Brasil,,,https://www.danielgarcialeiloes.com.br/leilao/7748/lotes,,mapa,,,https://www.danielgarcialeiloes.com.br/leilao/7748/lotes
marcador-831,[PREFEITURA] - TIJUCAS DO SUL 1 - Veículos,ATUALIZAÇÃO 11/08/2026,,,,sem_data,,,,,,,mapa,,,LOCALIZAÇÃO: | �ｻｿTITULO;DATA;MARCADOR;DESCRIÇÃO;LOCALIZAÇÃO: [PREFEITURA] - TIJUCAS DO SUL 1 - Veículos
marcador-832,[PREFEITURA] - Imóveis - Capitólio / MG,ATUALIZAÇÃO 11/08/2026,2026-08-12,12/08/2026,04:00,passado,MG,37930-000 - Capitólio - MG - Brasil,,,https://www.apabrfleiloes.com.br/leilao/prefeitura-de-capitolio-terrenos/462/#Pagina=1&Index=1,,mapa,,,https://www.apabrfleiloes.com.br/leilao/prefeitura-de-capitolio-terrenos/462/#Pagina=1&Index=1 | OBSERVAÇÃO: LOTES EM DIFERENTES LOCAIS DA CIDADE.
marcador-833,[PREFEITURA] - IMÓVEIS - Capitólio - MG,ATUALIZAÇÃO 11/08/2026,2026-08-12,12/08/2026,04:00,passado,MG,Capitólio,,,https://www.apabrfleiloes.com.br/leilao/prefeitura-de-capitolio-terrenos/462/#Pagina=1&Index=1,,mapa,,,https://www.apabrfleiloes.com.br/leilao/prefeitura-de-capitolio-terrenos/462/#Pagina=1&Index=1 • | OBSERVAÇÃO: LOTES EM DIFERENTES LOCAIS DA CIDADE.
marcador-834,[SEGURADORA] - Veículos - Osasco / SP,ATUALIZAÇÃO 11/08/2026,2026-08-12,12/08/2026,05:00,passado,SP,06000-000 - Osasco - SP - Brasil,,,https://www.copart.com.br/saleListResult/auctionId/10340?location=Osasco%20-%20SP&saleDate=1786570200000&liveAuction=false&from=&yardNum=1&auctioneer=Luiz%20Eduardo%20Gomes%20-%20Jucesp%20969,,mapa,,,https://www.copart.com.br/saleListResult/auctionId/10340?location=Osasco%20-%20SP&saleDate=1786570200000&liveAuction=false&from=&yardNum=1&auctioneer=Luiz%20Eduardo%20Gomes%20-%20Jucesp%20969 | OBSERVAÇÃO: OBSERVAÇÃO: LEILÃO EM LOTEAMENTO.
marcador-835,[ÓRGÃO PÚBLICO] - DETRAN/MG - 3 - Sucatas,ATUALIZAÇÃO 11/08/2026,,,,sem_data,MG,,,,,,mapa,,,LOCALIZAÇÃO: | �ｻｿTITULO;DATA;MARCADOR;DESCRIÇÃO;LOCALIZAÇÃO: [ÓRGÃO PÚBLICO] - DETRAN/MG - 3 - Sucatas
marcador-836,[ÓRGÃO PÚBLICO] - DETRAN/MG - 2 - Sucatas,ATUALIZAÇÃO 11/08/2026,,,,sem_data,MG,,,,,,mapa,,,LOCALIZAÇÃO: | �ｻｿTITULO;DATA;MARCADOR;DESCRIÇÃO;LOCALIZAÇÃO: [ÓRGÃO PÚBLICO] - DETRAN/MG - 2 - Sucatas
marcador-837,[ÓRGÃO PÚBLICO] - DETRAN/MG - Sucatas - Belo Horizonte / MG,ATUALIZAÇÃO 11/08/2026,2026-08-12,12/08/2026,05:00,passado,MG,31999-999 - Belo Horizonte - MG - Brasil,,,https://leilao.detran.mg.gov.br/lotes/lista-lotes/3505/2026,,mapa,,,https://leilao.detran.mg.gov.br/lotes/lista-lotes/3505/2026
marcador-838,[ÓRGÃO PÚBLICO] - DETRAN/MG - Sucatas,ATUALIZAÇÃO 11/08/2026,,,,sem_data,MG,,,,,,mapa,,,LOCALIZAÇÃO: | �ｻｿTITULO;DATA;MARCADOR;DESCRIÇÃO;LOCALIZAÇÃO: [ÓRGÃO PÚBLICO] - DETRAN/MG - Sucatas
marcador-839,[ÓRGÃO PÚBLICO] - CISMISEL - Produtos,ATUALIZAÇÃO 11/08/2026,,,,sem_data,,,,,,,mapa,,,LOCALIZAÇÃO: | �ｻｿTITULO;DATA;MARCADOR;DESCRIÇÃO;LOCALIZAÇÃO: [ÓRGÃO PÚBLICO] - CISMISEL - Produtos
marcador-840,[ÓRGÃO PÚBLICO] - SENAD - Veículos,ATUALIZAÇÃO 11/08/2026,,,,sem_data,,,,,,,mapa,,,LOCALIZAÇÃO: | �ｻｿTITULO;DATA;MARCADOR;DESCRIÇÃO;LOCALIZAÇÃO: [ÓRGÃO PÚBLICO] - SENAD - Veículos
marcador-841,[SEGURADORA] - Caminhões,ATUALIZAÇÃO 11/08/2026,,,,sem_data,,,,,,,mapa,,,LOCALIZAÇÃO: | �ｻｿTITULO;DATA;MARCADOR;DESCRIÇÃO;LOCALIZAÇÃO: [SEGURADORA] - Caminhões
marcador-842,[SEGURADORA] - Caminhões,ATUALIZAÇÃO 11/08/2026,,,,sem_data,,,,,,,mapa,,,LOCALIZAÇÃO: | �ｻｿTITULO;DATA;MARCADOR;DESCRIÇÃO;LOCALIZAÇÃO: [SEGURADORA] - Caminhões
marcador-843,[SEGURADORA] - Veículos,ATUALIZAÇÃO 11/08/2026,,,,sem_data,,,,,,,mapa,,,LOCALIZAÇÃO: | �ｻｿTITULO;DATA;MARCADOR;DESCRIÇÃO;LOCALIZAÇÃO: [SEGURADORA] - Veículos
marcador-844,[FINANCEIRA] - Veículos,ATUALIZAÇÃO 11/08/2026,,,,sem_data,,,,,,,mapa,,,LOCALIZAÇÃO: | �ｻｿTITULO;DATA;MARCADOR;DESCRIÇÃO;LOCALIZAÇÃO: [FINANCEIRA] - Veículos
marcador-845,[SEGURADORA] - Veículos,ATUALIZAÇÃO 11/08/2026,,,,sem_data,,,,,,,mapa,,,LOCALIZAÇÃO: | �ｻｿTITULO;DATA;MARCADOR;DESCRIÇÃO;LOCALIZAÇÃO: [SEGURADORA] - Veículos
marcador-846,[FINANCEIRA] - Veículos - Várzea Grande / MT,ATUALIZAÇÃO 11/08/2026,2026-08-12,12/08/2026,07:00,passado,MT,Avenida Júlio Domingos de Campos,,,https://www.vipleiloes.com.br/evento/detalhes/120826bspi,,mapa,,,https://www.vipleiloes.com.br/evento/detalhes/120826bspi
marcador-847,[SEGURADORA] - Sucatas - São Luís / MA,ATUALIZAÇÃO 11/08/2026,2026-08-12,12/08/2026,07:00,passado,MA,Avenida Engenheiro Emiliano Macieira,,,https://www.vipleiloes.com.br/evento/detalhes/120826bsrj,,mapa,,,https://www.vipleiloes.com.br/evento/detalhes/120826bsrj
marcador-848,[SEGURADORA] - Veículos,ATUALIZAÇÃO 11/08/2026,,,,sem_data,,,,,,,mapa,,,LOCALIZAÇÃO: | �ｻｿTITULO;DATA;MARCADOR;DESCRIÇÃO;LOCALIZAÇÃO: [SEGURADORA] - Veículos
marcador-849,[FINANCEIRA] - Veículos,ATUALIZAÇÃO 11/08/2026,,,,sem_data,,,,,,,mapa,,,LOCALIZAÇÃO: | �ｻｿTITULO;DATA;MARCADOR;DESCRIÇÃO;LOCALIZAÇÃO: [FINANCEIRA] - Veículos
marcador-850,[FINANCEIRA] - Veículos,ATUALIZAÇÃO 11/08/2026,,,,sem_data,,,,,,,mapa,,,LOCALIZAÇÃO: | �ｻｿTITULO;DATA;MARCADOR;DESCRIÇÃO;LOCALIZAÇÃO: [FINANCEIRA] - Veículos
marcador-851,[FINANCEIRA] - Veículos - Porto Velho / RO,ATUALIZAÇÃO 11/08/2026,2026-08-12,12/08/2026,07:00,passado,RO,RUA DANIELA,,,https://leilo.com.br/leilao/?leilao.nome=LEIL%C3%83O%20NORTE%20DE%20VE%C3%8DCULOS%20-%2012.08.26,,mapa,,,https://leilo.com.br/leilao/?leilao.nome=LEIL%C3%83O%20NORTE%20DE%20VE%C3%8DCULOS%20-%2012.08.26
marcador-852,[FINANCEIRA] - Veículos,ATUALIZAÇÃO 11/08/2026,,,,sem_data,,,,,,,mapa,,,LOCALIZAÇÃO: | �ｻｿTITULO;DATA;MARCADOR;DESCRIÇÃO;LOCALIZAÇÃO: [FINANCEIRA] - Veículos
marcador-853,[FINANCEIRA] - Motos,ATUALIZAÇÃO 11/08/2026,,,,sem_data,,,,,,,mapa,,,LOCALIZAÇÃO: | �ｻｿTITULO;DATA;MARCADOR;DESCRIÇÃO;LOCALIZAÇÃO: [FINANCEIRA] - Motos
marcador-854,[SEGURADORA] - Veículos,ATUALIZAÇÃO 11/08/2026,,,,sem_data,,,,,,,mapa,,,LOCALIZAÇÃO: | �ｻｿTITULO;DATA;MARCADOR;DESCRIÇÃO;LOCALIZAÇÃO: [SEGURADORA] - Veículos
marcador-855,[PRODUTOS] - Produtos - Teresópolis / RJ,ATUALIZAÇÃO 11/08/2026,2026-08-12,12/08/2026,08:00,passado,RJ,Av. Alberto Torres,,,https://www.joaodefrancoleiloeiro.com.br/catalogo.asp?Num=63441,,mapa,,,https://www.joaodefrancoleiloeiro.com.br/catalogo.asp?Num=63441
marcador-856,[PRODUTOS] - Produtos - Porto Alegre / RS,ATUALIZAÇÃO 11/08/2026,2026-08-12,12/08/2026,08:00,passado,RS,Rua Padre Diogo Feijó,,,https://www.santayana.com.br/catalogo.asp?Num=63328&Nav=lista&Sec=Catalogo&Pag=1&Srt=0,,mapa,,,https://www.santayana.com.br/catalogo.asp?Num=63328&Nav=lista&Sec=Catalogo&Pag=1&Srt=0
marcador-857,[EMPRESA] - Vans - Guararema / SP,ATUALIZAÇÃO 11/08/2026,2026-08-12,12/08/2026,08:00,passado,SP,Coronel Ramalho,,,https://www.sold.com.br/evento/ge-power-conversion-790231?searchType=opened&preOrderBy=orderByFirstOpenedOffers&pageNumber=1&pageSize=30&orderBy=lotNumber:asc;subLotNumber:asc&,,mapa,,,https://www.sold.com.br/evento/ge-power-conversion-790231?searchType=opened&preOrderBy=orderByFirstOpenedOffers&pageNumber=1&pageSize=30&orderBy=lotNumber:asc;subLotNumber:asc&
marcador-858,[PRODUTOS] - Produtos - São Caetano do Sul / SP,ATUALIZAÇÃO 11/08/2026,2026-08-12,12/08/2026,08:00,passado,SP,Travessa Comandante Salgado,,,https://www.hisaleiloes.com.br/leilao/2486,,mapa,,,https://www.hisaleiloes.com.br/leilao/2486
marcador-859,[PRODUTOS] - Produtos - Rio de Janeiro / RJ,ATUALIZAÇÃO 11/08/2026,2026-08-12,12/08/2026,08:00,passado,RJ,Rua Balbina - Quintino Bocaiúva - 20740-000 - Rio de Janeiro - RJ - Brasil,,,https://www.edgarcarvalholeiloeiro.com.br/oferta/leilao/eletros-eletronicos/eletrodomesticos/11730/id-15041/philco-roku-tv-42-polegadas-funcionando,,mapa,,,https://www.edgarcarvalholeiloeiro.com.br/oferta/leilao/eletros-eletronicos/eletrodomesticos/11730/id-15041/philco-roku-tv-42-polegadas-funcionando
marcador-860,[EMPRESA] - KINROSS BRASIL - Caminhões - Paracatu / MG,ATUALIZAÇÃO 11/08/2026,2026-08-12,12/08/2026,09:00,passado,MG,Rua Honório Silva - Santana - 38600-001 - Paracatu - MG - Brasil,,,https://mercado.bomvalor.com.br/veiculos/caminhao/caminhao-iveco-daily-70c17-hdcd-2013-2014-125338,,mapa,,,https://mercado.bomvalor.com.br/veiculos/caminhao/caminhao-iveco-daily-70c17-hdcd-2013-2014-125338
marcador-861,[EMPRESA] - Veículos,ATUALIZAÇÃO 11/08/2026,,,,sem_data,,,,,,,mapa,,,LOCALIZAÇÃO: | �ｻｿTITULO;DATA;MARCADOR;DESCRIÇÃO;LOCALIZAÇÃO: [EMPRESA] - Veículos
marcador-862,[EMPRESA] - Veículos,ATUALIZAÇÃO 11/08/2026,,,,sem_data,,,,,,,mapa,,,LOCALIZAÇÃO: | �ｻｿTITULO;DATA;MARCADOR;DESCRIÇÃO;LOCALIZAÇÃO: [EMPRESA] - Veículos
marcador-863,[EMPRESA] - Produtos - Embu das Artes / SP,ATUALIZAÇÃO 11/08/2026,2026-08-12,12/08/2026,09:00,passado,SP,Jardim Eliza - 06833-000 - Embu das Artes - SP - Brasil,,,https://www.kwara.com.br/evento/leilao-de-moveis-utensilios-domesticos-calcados-e-cosmeticos-galpao-kwara-K-2854,,mapa,,,https://www.kwara.com.br/evento/leilao-de-moveis-utensilios-domesticos-calcados-e-cosmeticos-galpao-kwara-K-2854
marcador-864,[EMPRESA] - Caminhonetes - Rio do Sul / SC,ATUALIZAÇÃO 11/08/2026,2026-08-12,12/08/2026,09:00,passado,SC,Rua Acadêmico Nilo Marchi,,,https://www.formulaleiloes.com.br/?pg=item&id=1157&item=leilaao-de-carros-antigos,,mapa,,,https://www.formulaleiloes.com.br/?pg=item&id=1157&item=leilaao-de-carros-antigos
marcador-865,[EMPRESA] - MULTITERMINAIS - Caminhões,ATUALIZAÇÃO 11/08/2026,,,,sem_data,,,,,,,mapa,,,LOCALIZAÇÃO: | �ｻｿTITULO;DATA;MARCADOR;DESCRIÇÃO;LOCALIZAÇÃO: [EMPRESA] - MULTITERMINAIS - Caminhões
marcador-866,[EMPRESA] - SABORAKI - Caminhonetes,ATUALIZAÇÃO 11/08/2026,,,,sem_data,,,,,,,mapa,,,LOCALIZAÇÃO: | �ｻｿTITULO;DATA;MARCADOR;DESCRIÇÃO;LOCALIZAÇÃO: [EMPRESA] - SABORAKI - Caminhonetes
marcador-867,[EMPRESA] - CALTEC - Caminhonetes,ATUALIZAÇÃO 11/08/2026,,,,sem_data,,,,,,,mapa,,,LOCALIZAÇÃO: | �ｻｿTITULO;DATA;MARCADOR;DESCRIÇÃO;LOCALIZAÇÃO: [EMPRESA] - CALTEC - Caminhonetes
marcador-868,[EMPRESA] - CENIBRA - Veículos,ATUALIZAÇÃO 11/08/2026,,,,sem_data,,,,,,,mapa,,,LOCALIZAÇÃO: | �ｻｿTITULO;DATA;MARCADOR;DESCRIÇÃO;LOCALIZAÇÃO: [EMPRESA] - CENIBRA - Veículos
marcador-869,[EMPRESA] - MERCEDES-BENZ - Produtos,ATUALIZAÇÃO 11/08/2026,,,,sem_data,,,,,,,mapa,,,LOCALIZAÇÃO: | �ｻｿTITULO;DATA;MARCADOR;DESCRIÇÃO;LOCALIZAÇÃO: [EMPRESA] - MERCEDES-BENZ - Produtos
marcador-870,[EMPRESA] - PETROBRAS - Produtos - Três Lagoas / MS,ATUALIZAÇÃO 11/08/2026,2026-08-12,12/08/2026,09:00,passado,MS,Avenida Filinto Müller - Centro - 79600-001 - Três Lagoas - MS - Brasil,,,https://www.sold.com.br/evento/petrobras-pea0384749-790236?searchType=opened&preOrderBy=orderByFirstOpenedOffers&pageNumber=1&pageSize=30&orderBy=lotNumber:asc;subLotNumber:asc,,mapa,,,https://www.sold.com.br/evento/petrobras-pea0384749-790236?searchType=opened&preOrderBy=orderByFirstOpenedOffers&pageNumber=1&pageSize=30&orderBy=lotNumber:asc;subLotNumber:asc
marcador-871,[EMPRESA] - MRN - Máquinas,ATUALIZAÇÃO 11/08/2026,,,,sem_data,,,,,,,mapa,,,LOCALIZAÇÃO: | �ｻｿTITULO;DATA;MARCADOR;DESCRIÇÃO;LOCALIZAÇÃO: [EMPRESA] - MRN - Máquinas
marcador-872,[EMPRESA] - W RENTAL - Equipamentos - Eldorado do Sul / RS,ATUALIZAÇÃO 11/08/2026,2026-08-12,12/08/2026,09:00,passado,RS,92990-000 - Eldorado do Sul - RS - Brasil,,,https://www.sold.com.br/evento/w-rental-784431?searchType=opened&preOrderBy=orderByFirstOpenedOffers&pageNumber=1&pageSize=30&orderBy=lotNumber:asc;subLotNumber:asc,,mapa,,,https://www.sold.com.br/evento/w-rental-784431?searchType=opened&preOrderBy=orderByFirstOpenedOffers&pageNumber=1&pageSize=30&orderBy=lotNumber:asc;subLotNumber:asc
marcador-873,[EMPRESA] - Máquinas,ATUALIZAÇÃO 11/08/2026,,,,sem_data,,,,,,,mapa,,,LOCALIZAÇÃO: | �ｻｿTITULO;DATA;MARCADOR;DESCRIÇÃO;LOCALIZAÇÃO: [EMPRESA] - Máquinas
marcador-874,[FINANCEIRA] - Caminhões - Paracatu / MG,ATUALIZAÇÃO 11/08/2026,2026-08-12,12/08/2026,09:00,passado,MG,Rua Honório Silva - Santana - 38600-001 - Paracatu - MG - Brasil,,,https://mercado.bomvalor.com.br/veiculos/caminhao/caminhao-iveco-daily-70c17-hdcd-2013-2014-125338,,mapa,,,https://mercado.bomvalor.com.br/veiculos/caminhao/caminhao-iveco-daily-70c17-hdcd-2013-2014-125338
marcador-875,[EMPRESA] - Veículos,ATUALIZAÇÃO 11/08/2026,,,,sem_data,,,,,,,mapa,,,LOCALIZAÇÃO: | �ｻｿTITULO;DATA;MARCADOR;DESCRIÇÃO;LOCALIZAÇÃO: [EMPRESA] - Veículos
marcador-876,[EMPRESA] - Guarani das Missões / RS,ATUALIZAÇÃO 11/08/2026,2026-08-12,12/08/2026,09:00,passado,RS,97950-000 - Guarani das Missões - RS - Brasil,,,https://www.brunoniewinskileiloes.com.br/leilao/430/lotes,,mapa,,,https://www.brunoniewinskileiloes.com.br/leilao/430/lotes
marcador-877,[EMPRESA] - Veículos - Belo Horizonte / MG,ATUALIZAÇÃO 11/08/2026,2026-08-12,12/08/2026,09:00,passado,MG,Rua Campo Mourão,,,https://www.casaleiloeira.com.br/evento/veiculos-pref-mun-de-senador-modestino-goncalves-789721?searchType=opened&preOrderBy=orderByFirstOpenedOffers&pageNumber=1&pageSize=30&orderBy=lotNumber:asc;subLotNumber:asc,,mapa,,,https://www.casaleiloeira.com.br/evento/veiculos-pref-mun-de-senador-modestino-goncalves-789721?searchType=opened&preOrderBy=orderByFirstOpenedOffers&pageNumber=1&pageSize=30&orderBy=lotNumber:asc;subLotNumber:asc
marcador-878,[PREFEITURA] - Caminhonetes,ATUALIZAÇÃO 11/08/2026,,,,sem_data,,,,,,,mapa,,,LOCALIZAÇÃO: | �ｻｿTITULO;DATA;MARCADOR;DESCRIÇÃO;LOCALIZAÇÃO: [PREFEITURA] - Caminhonetes
marcador-879,[PREFEITURA] - SÃO BERNARDO DO CAMPO - SP LEILÃO 2 - Sucatas - Campinas / SP,ATUALIZAÇÃO 11/08/2026,2026-08-13,13/08/2026,04:00,passado,SP,13000-001 - Campinas - SP - Brasil,,,https://mapadosleiloes.com.br/eventos,,mapa,,,https://mapadosleiloes.com.br/eventos
marcador-880,[PREFEITURA] - SÃO BERNARDO DO CAMPO - SP - Sucatas - Campinas / SP,ATUALIZAÇÃO 11/08/2026,2026-08-13,13/08/2026,04:00,passado,SP,13000-001 - Campinas - SP - Brasil,,,https://mapadosleiloes.com.br/eventos,,mapa,,,https://mapadosleiloes.com.br/eventos
marcador-881,[PREFEITURA] - SÃO BERNARDO DO CAMPO - SP - Veículos - Porto Feliz / SP,ATUALIZAÇÃO 11/08/2026,2026-08-13,13/08/2026,04:00,passado,SP,18540-000 - Porto Feliz - SP - Brasil,,,https://www.hastasp.com.br/evento/leilao-02-2026-munic-sao-b-do-campo-conservados-784298?searchType=opened&preOrderBy=orderByFirstOpenedOffers&pageNumber=1&pageSize=30&orderBy=lotNumber:asc;subLotNumber:asc,,mapa,,,https://www.hastasp.com.br/evento/leilao-02-2026-munic-sao-b-do-campo-conservados-784298?searchType=opened&preOrderBy=orderByFirstOpenedOffers&pageNumber=1&pageSize=30&orderBy=lotNumber:asc;subLotNumber:asc
marcador-882,[PREFEITURA] - Motos,ATUALIZAÇÃO 11/08/2026,,,,sem_data,,,,,,,mapa,,,LOCALIZAÇÃO: | �ｻｿTITULO;DATA;MARCADOR;DESCRIÇÃO;LOCALIZAÇÃO: [PREFEITURA] - Motos
marcador-883,[PREFEITURA] - Veículos,ATUALIZAÇÃO 11/08/2026,,,,sem_data,,,,,,,mapa,,,LOCALIZAÇÃO: | �ｻｿTITULO;DATA;MARCADOR;DESCRIÇÃO;LOCALIZAÇÃO: [PREFEITURA] - Veículos
marcador-884,[PREFEITURA] - Vans,ATUALIZAÇÃO 11/08/2026,,,,sem_data,,,,,,,mapa,,,LOCALIZAÇÃO: | �ｻｿTITULO;DATA;MARCADOR;DESCRIÇÃO;LOCALIZAÇÃO: [PREFEITURA] - Vans
marcador-885,[PREFEITURA] - LEILÃO 3 - Sucatas - Vinhedo / SP,ATUALIZAÇÃO 11/08/2026,2026-08-13,13/08/2026,04:00,passado,SP,Rua Guido Cinci,,,https://www.sumareleiloes.com.br/leiloes/5445,,mapa,,,https://www.sumareleiloes.com.br/leiloes/5445 | OBSERVAÇÃO: LOTES EM DIFERENTES LOCAIS DO BRASIL.
marcador-886,[PREFEITURA] - LEILÃO 2 - Sucatas - Vinhedo / SP,ATUALIZAÇÃO 11/08/2026,2026-08-13,13/08/2026,04:00,passado,SP,Rua Guido Cinci,,,https://www.sumareleiloes.com.br/leiloes/5444,,mapa,,,https://www.sumareleiloes.com.br/leiloes/5444 | OBSERVAÇÃO: LOTES EM DIFERENTES LOCAIS DO BRASIL.
marcador-887,[PREFEITURA] - Sucatas - Vinhedo / SP,ATUALIZAÇÃO 11/08/2026,2026-08-13,13/08/2026,04:00,passado,SP,Rua Guido Cinci,,,https://www.sumareleiloes.com.br/leiloes/5445,,mapa,,,https://www.sumareleiloes.com.br/leiloes/5445 | OBSERVAÇÃO: LOTES EM DIFERENTES LOCAIS DO BRASIL.
marcador-888,[PREFEITURA] - Sucatas - Vinhedo / SP,ATUALIZAÇÃO 11/08/2026,2026-08-13,13/08/2026,04:00,passado,SP,Rua Guido Cinci,,,https://www.sumareleiloes.com.br/leiloes/5444,,mapa,,,https://www.sumareleiloes.com.br/leiloes/5444 | OBSERVAÇÃO: LOTES EM DIFERENTES LOCAIS DO BRASIL.
marcador-889,[PREFEITURA] - Veículos,ATUALIZAÇÃO 11/08/2026,,,,sem_data,,,,,,,mapa,,,LOCALIZAÇÃO: | �ｻｿTITULO;DATA;MARCADOR;DESCRIÇÃO;LOCALIZAÇÃO: [PREFEITURA] - Veículos
marcador-890,[PREFEITURA] - Produtos,ATUALIZAÇÃO 11/08/2026,,,,sem_data,,,,,,,mapa,,,LOCALIZAÇÃO: | �ｻｿTITULO;DATA;MARCADOR;DESCRIÇÃO;LOCALIZAÇÃO: [PREFEITURA] - Produtos
marcador-891,[PREFEITURA] - Caminhões,ATUALIZAÇÃO 11/08/2026,,,,sem_data,,,,,,,mapa,,,LOCALIZAÇÃO: | �ｻｿTITULO;DATA;MARCADOR;DESCRIÇÃO;LOCALIZAÇÃO: [PREFEITURA] - Caminhões
marcador-892,[PREFEITURA] - Caminhões,ATUALIZAÇÃO 11/08/2026,,,,sem_data,,,,,,,mapa,,,LOCALIZAÇÃO: | �ｻｿTITULO;DATA;MARCADOR;DESCRIÇÃO;LOCALIZAÇÃO: [PREFEITURA] - Caminhões
marcador-893,[PREFEITURA] - Motos,ATUALIZAÇÃO 11/08/2026,,,,sem_data,,,,,,,mapa,,,LOCALIZAÇÃO: | �ｻｿTITULO;DATA;MARCADOR;DESCRIÇÃO;LOCALIZAÇÃO: [PREFEITURA] - Motos
marcador-894,[PREFEITURA] - Sucatas - União / PI,ATUALIZAÇÃO 11/08/2026,2026-08-13,13/08/2026,04:00,passado,PI,Coronel Narciso,,,https://mjleiloes.com.br/leiloes/75,,mapa,,,https://mjleiloes.com.br/leiloes/75 | OBSERVAÇÃO: LOTES EM DIFERENTES LOCAIS DA CIDADE.
marcador-895,[ÓRGÃO PÚBLICO] - Ônibus - Cantagalo / PR,ATUALIZAÇÃO 11/08/2026,2026-08-13,13/08/2026,04:00,passado,PR,Avenida Doutor Ciro José de Souza Filho - Vila Verde - 85160-000 - Cantagalo - PR - Brasil,,,https://drive.google.com/file/d/1aIpvyxyA1fYqmcsotHi8eKkYZpT2qKQr/view?usp=drive_link,,mapa,,,https://drive.google.com/file/d/1aIpvyxyA1fYqmcsotHi8eKkYZpT2qKQr/view?usp=drive_link
marcador-896,[PREFEITURA] - Produtos,ATUALIZAÇÃO 11/08/2026,,,,sem_data,,,,,,,mapa,,,LOCALIZAÇÃO: | �ｻｿTITULO;DATA;MARCADOR;DESCRIÇÃO;LOCALIZAÇÃO: [PREFEITURA] - Produtos
marcador-897,[PREFEITURA] - Imóveis - Campo Grande / MS,ATUALIZAÇÃO 11/08/2026,2026-08-13,13/08/2026,04:00,passado,MS,Avenida Afonso Pena,,,https://www.mariafixerleiloes.com.br/leilao/index/leilao_id/97182/lote/207382,,mapa,,,https://www.mariafixerleiloes.com.br/leilao/index/leilao_id/97182/lote/207382
marcador-898,[PREFEITURA] - Motos,ATUALIZAÇÃO 11/08/2026,,,,sem_data,,,,,,,mapa,,,LOCALIZAÇÃO: | �ｻｿTITULO;DATA;MARCADOR;DESCRIÇÃO;LOCALIZAÇÃO: [PREFEITURA] - Motos
marcador-899,[PREFEITURA] - Imóveis,ATUALIZAÇÃO 11/08/2026,,,,sem_data,,,,,,,mapa,,,LOCALIZAÇÃO: | �ｻｿTITULO;DATA;MARCADOR;DESCRIÇÃO;LOCALIZAÇÃO: [PREFEITURA] - Imóveis
marcador-900,[PREFEITURA] - Veículos,ATUALIZAÇÃO 11/08/2026,,,,sem_data,,,,,,,mapa,,,LOCALIZAÇÃO: | �ｻｿTITULO;DATA;MARCADOR;DESCRIÇÃO;LOCALIZAÇÃO: [PREFEITURA] - Veículos
marcador-901,[PREFEITURA] - Produtos - Clevelândia / PR,ATUALIZAÇÃO 11/08/2026,2026-08-13,13/08/2026,04:00,passado,PR,85530-000 - Clevelândia - PR - Brasil,,,https://drive.google.com/file/d/1J8ZucwtsPEDbeDjtGe0aXIcoj4ZWZth7/view?usp=drive_link,,mapa,,,https://drive.google.com/file/d/1J8ZucwtsPEDbeDjtGe0aXIcoj4ZWZth7/view?usp=drive_link
marcador-902,[PREFEITURA] - Veículos,ATUALIZAÇÃO 11/08/2026,,,,sem_data,,,,,,,mapa,,,LOCALIZAÇÃO: | �ｻｿTITULO;DATA;MARCADOR;DESCRIÇÃO;LOCALIZAÇÃO: [PREFEITURA] - Veículos
marcador-903,[PREFEITURA] - Máquinas,ATUALIZAÇÃO 11/08/2026,,,,sem_data,,,,,,,mapa,,,LOCALIZAÇÃO: | �ｻｿTITULO;DATA;MARCADOR;DESCRIÇÃO;LOCALIZAÇÃO: [PREFEITURA] - Máquinas
marcador-904,[PREFEITURA] - Máquinas,ATUALIZAÇÃO 11/08/2026,,,,sem_data,,,,,,,mapa,,,LOCALIZAÇÃO: | �ｻｿTITULO;DATA;MARCADOR;DESCRIÇÃO;LOCALIZAÇÃO: [PREFEITURA] - Máquinas
marcador-905,[PREFEITURA] - MÁQUINAS/ÔNIBUS/EQUIPAMENTOS/SUCATAS/IMÓVEIS - Paim Filho - RS,ATUALIZAÇÃO 11/08/2026,2026-08-13,13/08/2026,04:00,passado,RS,Paim Filho,,,https://www.danielgarcialeiloes.com.br/leilao/7692/lotes,,mapa,,,https://www.danielgarcialeiloes.com.br/leilao/7692/lotes •
marcador-906,[PREFEITURA] - VEÍCULOS/CAMINHONETES/VANS/ÔNIBUS/MÁQUINAS/EQUIPAMENTOS/SUCATAS - Urupema - SC,ATUALIZAÇÃO 11/08/2026,2026-08-13,13/08/2026,04:00,passado,SC,Urupema,,,https://www.eckertleiloes.com.br/evento/municipio-de-urupema-sc-788627?searchType=opened&preOrderBy=orderByFirstOpenedOffers&pageNumber=1&pageSize=30&orderBy=lotNumber:asc;subLotNumber:asc&,,mapa,,,https://www.eckertleiloes.com.br/evento/municipio-de-urupema-sc-788627?searchType=opened&preOrderBy=orderByFirstOpenedOffers&pageNumber=1&pageSize=30&orderBy=lotNumber:asc;subLotNumber:asc& •
marcador-907,[ÓRGÃO PÚBLICO] - DETRAN/PA - Veículos,ATUALIZAÇÃO 11/08/2026,,,,sem_data,PA,,,,,,mapa,,,LOCALIZAÇÃO: | �ｻｿTITULO;DATA;MARCADOR;DESCRIÇÃO;LOCALIZAÇÃO: [ÓRGÃO PÚBLICO] - DETRAN/PA - Veículos
marcador-908,[ÓRGÃO PÚBLICO] - DETRAN/PA - Veículos,ATUALIZAÇÃO 11/08/2026,,,,sem_data,PA,,,,,,mapa,,,LOCALIZAÇÃO: | �ｻｿTITULO;DATA;MARCADOR;DESCRIÇÃO;LOCALIZAÇÃO: [ÓRGÃO PÚBLICO] - DETRAN/PA - Veículos
marcador-909,[ÓRGÃO PÚBLICO] - DETRAN - Caminhões - Belo Horizonte / MG,ATUALIZAÇÃO 11/08/2026,2026-08-13,13/08/2026,05:00,passado,MG,30000-000 - Belo Horizonte - MG - Brasil,,,https://leilao.detran.mg.gov.br/lotes/lista-lotes/3219/2026,,mapa,,,https://leilao.detran.mg.gov.br/lotes/lista-lotes/3219/2026
marcador-910,[ÓRGÃO PÚBLICO] - DETRAN/BA - Motos,ATUALIZAÇÃO 11/08/2026,,,,sem_data,BA,,,,,,mapa,,,LOCALIZAÇÃO: | �ｻｿTITULO;DATA;MARCADOR;DESCRIÇÃO;LOCALIZAÇÃO: [ÓRGÃO PÚBLICO] - DETRAN/BA - Motos
marcador-911,[ÓRGÃO PÚBLICO] - Caminhões - Belo Horizonte / MG,ATUALIZAÇÃO 11/08/2026,2026-08-13,13/08/2026,05:00,passado,MG,30000-000 - Belo Horizonte - MG - Brasil,,,https://leilao.detran.mg.gov.br/lotes/lista-lotes/3219/2026,,mapa,,,https://leilao.detran.mg.gov.br/lotes/lista-lotes/3219/2026
marcador-912,[ÓRGÃO PÚBLICO] - DETRAN/MG - Sucatas,ATUALIZAÇÃO 11/08/2026,,,,sem_data,MG,,,,,,mapa,,,LOCALIZAÇÃO: | �ｻｿTITULO;DATA;MARCADOR;DESCRIÇÃO;LOCALIZAÇÃO: [ÓRGÃO PÚBLICO] - DETRAN/MG - Sucatas
marcador-913,[ÓRGÃO PÚBLICO] - SENAD - Caminhonetes,ATUALIZAÇÃO 11/08/2026,,,,sem_data,,,,,,,mapa,,,LOCALIZAÇÃO: | �ｻｿTITULO;DATA;MARCADOR;DESCRIÇÃO;LOCALIZAÇÃO: [ÓRGÃO PÚBLICO] - SENAD - Caminhonetes
marcador-914,[FINANCEIRA] - Veículos - Osasco / SP,ATUALIZAÇÃO 11/08/2026,2026-08-13,13/08/2026,07:00,passado,SP,06000-000 - Osasco - SP - Brasil,,,https://www.copart.com.br/saleListResult/auctionId/10346?location=Osasco%20-%20SP&saleDate=1786656600000&liveAuction=false&from=&yardNum=1&auctioneer=Luiz%20Eduardo%20Gomes%20-%20Jucesp%20969,,mapa,,,https://www.copart.com.br/saleListResult/auctionId/10346?location=Osasco%20-%20SP&saleDate=1786656600000&liveAuction=false&from=&yardNum=1&auctioneer=Luiz%20Eduardo%20Gomes%20-%20Jucesp%20969 | OBSERVAÇÃO: LEILÃO EM LOTEAMENTO.
marcador-915,[SEGURADORA] - Caminhões,ATUALIZAÇÃO 11/08/2026,,,,sem_data,,,,,,,mapa,,,LOCALIZAÇÃO: | �ｻｿTITULO;DATA;MARCADOR;DESCRIÇÃO;LOCALIZAÇÃO: [SEGURADORA] - Caminhões
marcador-916,[FINANCEIRA] - Veículos - Eusébio / CE,ATUALIZAÇÃO 11/08/2026,2026-08-13,13/08/2026,07:00,passado,CE,61760-001 - Eusébio - CE - Brasil,,,https://www.copart.com.br/saleListResult/auctionId/10183?location=Eus%C3%A9bio%20-%20CE&saleDate=1786633200000&liveAuction=false&from=&yardNum=103&auctioneer=Georgia%20de%20Souza%20Castelo%20-%20Jucec%2024%2F2016,,mapa,,,https://www.copart.com.br/saleListResult/auctionId/10183?location=Eus%C3%A9bio%20-%20CE&saleDate=1786633200000&liveAuction=false&from=&yardNum=103&auctioneer=Georgia%20de%20Souza%20Castelo%20-%20Jucec%2024%2F2016
marcador-917,[SEGURADORA] - Veículos,ATUALIZAÇÃO 11/08/2026,,,,sem_data,,,,,,,mapa,,,LOCALIZAÇÃO: | �ｻｿTITULO;DATA;MARCADOR;DESCRIÇÃO;LOCALIZAÇÃO: [SEGURADORA] - Veículos
marcador-918,[FINANCEIRA] - Veículos,ATUALIZAÇÃO 11/08/2026,,,,sem_data,,,,,,,mapa,,,LOCALIZAÇÃO: | �ｻｿTITULO;DATA;MARCADOR;DESCRIÇÃO;LOCALIZAÇÃO: [FINANCEIRA] - Veículos
marcador-919,[SEGURADORA] - Equipamentos - Lucas do Rio Verde / MT,ATUALIZAÇÃO 11/08/2026,2026-08-13,13/08/2026,07:00,passado,MT,78460-001 - Lucas do Rio Verde - MT - Brasil,,,https://satoleiloes.com.br/leiloes/5170,,mapa,,,https://satoleiloes.com.br/leiloes/5170
marcador-920,[FINANCEIRA] - LEILÃO 2 - Veículos,ATUALIZAÇÃO 11/08/2026,,,,sem_data,,,,,,,mapa,,,LOCALIZAÇÃO: | �ｻｿTITULO;DATA;MARCADOR;DESCRIÇÃO;LOCALIZAÇÃO: [FINANCEIRA] - LEILÃO 2 - Veículos
marcador-921,[FINANCEIRA] - Veículos,ATUALIZAÇÃO 11/08/2026,,,,sem_data,,,,,,,mapa,,,LOCALIZAÇÃO: | �ｻｿTITULO;DATA;MARCADOR;DESCRIÇÃO;LOCALIZAÇÃO: [FINANCEIRA] - Veículos
marcador-922,[SEGURADORA] - Caminhonetes,ATUALIZAÇÃO 11/08/2026,,,,sem_data,,,,,,,mapa,,,LOCALIZAÇÃO: | �ｻｿTITULO;DATA;MARCADOR;DESCRIÇÃO;LOCALIZAÇÃO: [SEGURADORA] - Caminhonetes
marcador-923,[SEGURADORA] - Caminhonetes,ATUALIZAÇÃO 11/08/2026,,,,sem_data,,,,,,,mapa,,,LOCALIZAÇÃO: | �ｻｿTITULO;DATA;MARCADOR;DESCRIÇÃO;LOCALIZAÇÃO: [SEGURADORA] - Caminhonetes
marcador-924,[FINANCEIRA] - Caminhões,ATUALIZAÇÃO 11/08/2026,,,,sem_data,,,,,,,mapa,,,LOCALIZAÇÃO: | �ｻｿTITULO;DATA;MARCADOR;DESCRIÇÃO;LOCALIZAÇÃO: [FINANCEIRA] - Caminhões
marcador-925,[SEGURADORA] - Sucatas,ATUALIZAÇÃO 11/08/2026,,,,sem_data,,,,,,,mapa,,,LOCALIZAÇÃO: | �ｻｿTITULO;DATA;MARCADOR;DESCRIÇÃO;LOCALIZAÇÃO: [SEGURADORA] - Sucatas
marcador-926,[FINANCEIRA] - Veículos - Caçapava / SP,ATUALIZAÇÃO 11/08/2026,2026-08-13,13/08/2026,07:00,passado,SP,Rua Vereador Geraldo Nogueira da Silva,,,https://www.guariglialeiloes.com.br/leilao/800/lotes,,mapa,,,https://www.guariglialeiloes.com.br/leilao/800/lotes
marcador-927,[PRODUTOS] - Produtos - Sorocaba / SP,ATUALIZAÇÃO 11/08/2026,2026-08-13,13/08/2026,08:00,passado,SP,Rua Paulo Ruan Faria,,,https://www.lance360.com.br/leilao/733,,mapa,,,https://www.lance360.com.br/leilao/733
marcador-928,[EMPRESA] - ELETROMIDIA - Produtos - São Paulo / SP,ATUALIZAÇÃO 11/08/2026,2026-08-13,13/08/2026,08:00,passado,SP,01000-001 - São Paulo - SP - Brasil,,,https://mercado.bomvalor.com.br/pecas-de-reposicao-em-geral-36434,,mapa,,,https://mercado.bomvalor.com.br/pecas-de-reposicao-em-geral-36434
marcador-929,[PRODUTOS] - Produtos,ATUALIZAÇÃO 11/08/2026,,,,sem_data,,,,,,,mapa,,,LOCALIZAÇÃO: | �ｻｿTITULO;DATA;MARCADOR;DESCRIÇÃO;LOCALIZAÇÃO: [PRODUTOS] - Produtos
marcador-930,[PRODUTOS] - Equipamentos - Iguatama / MG,ATUALIZAÇÃO 11/08/2026,2026-08-13,13/08/2026,08:00,passado,MG,38910-000 - Iguatama - MG - Brasil,,,https://www.adrianoleiloeiro.com.br/evento/mandrilhadora-e-furadeira-790480?searchType=opened&preOrderBy=orderByFirstOpenedOffers&pageNumber=1&pageSize=30&orderBy=lotNumber:asc;subLotNumber:asc,,mapa,,,https://www.adrianoleiloeiro.com.br/evento/mandrilhadora-e-furadeira-790480?searchType=opened&preOrderBy=orderByFirstOpenedOffers&pageNumber=1&pageSize=30&orderBy=lotNumber:asc;subLotNumber:asc
marcador-931,[PRODUTOS] - Rio de Janeiro / RJ,ATUALIZAÇÃO 11/08/2026,2026-08-13,13/08/2026,08:00,passado,RJ,Rua Assunção,,,https://www.valdirteixeiraleiloeiro.com.br/leilao.asp?Num=62352,,mapa,,,https://www.valdirteixeiraleiloeiro.com.br/leilao.asp?Num=62352
marcador-932,[EMPRESA] - CASAS BAHIA 4 - Produtos - Manaus / AM,ATUALIZAÇÃO 11/08/2026,2026-08-13,13/08/2026,09:00,passado,AM,Avenida dos Oitis,,,https://www.bolsadeleiloes.com.br/leilao/719,,mapa,,,https://www.bolsadeleiloes.com.br/leilao/719
marcador-933,[EMPRESA] - CASAS BAHIA 3 - Produtos - Jundiaí / SP,ATUALIZAÇÃO 11/08/2026,2026-08-13,13/08/2026,09:00,passado,SP,13200-001 - Jundiaí - SP - Brasil,,,https://www.hisaleiloes.com.br/leilao/2489/1,,mapa,,,https://www.hisaleiloes.com.br/leilao/2489/1
marcador-934,[EMPRESA] - CASAS BAHIA 2 - Equipamentos - Ribeirão Preto / SP,ATUALIZAÇÃO 11/08/2026,2026-08-13,13/08/2026,09:00,passado,SP,14000-000 - Ribeirão Preto - SP - Brasil,,,https://www.superbid.net/evento/casas-bahia-790392?pageNumber=1&pageSize=30&orderBy=lotNumber:asc;subLotNumber:asc,,mapa,,,https://www.superbid.net/evento/casas-bahia-790392?pageNumber=1&pageSize=30&orderBy=lotNumber:asc;subLotNumber:asc
marcador-935,[EMPRESA] - CASAS BAHIA - Produtos - Contagem / MG,ATUALIZAÇÃO 11/08/2026,2026-08-13,13/08/2026,09:00,passado,MG,Via Vereador Joaquim Costa,,,https://www.bolsadeleiloes.com.br/leilao/716,,mapa,,,https://www.bolsadeleiloes.com.br/leilao/716
marcador-936,[EMPRESA] - RENOVA ENERGIA - Produtos - Guanambi / BA,ATUALIZAÇÃO 11/08/2026,2026-08-13,13/08/2026,09:00,passado,BA,46430-000 - Guanambi - BA - Brasil,,,https://www.superbid.net/evento/renova-energia-790157?pageNumber=1&pageSize=30&orderBy=lotNumber:asc;subLotNumber:asc,,mapa,,,https://www.superbid.net/evento/renova-energia-790157?pageNumber=1&pageSize=30&orderBy=lotNumber:asc;subLotNumber:asc
marcador-937,[EMPRESA] - VIBRA ENERGIA S/A - Produtos,ATUALIZAÇÃO 11/08/2026,,,,sem_data,,,,,,,mapa,,,LOCALIZAÇÃO: | �ｻｿTITULO;DATA;MARCADOR;DESCRIÇÃO;LOCALIZAÇÃO: [EMPRESA] - VIBRA ENERGIA S/A - Produtos
marcador-938,[EMPRESA] - CASAS BAHIA - Produtos - Jundiaí / SP,ATUALIZAÇÃO 11/08/2026,2026-08-13,13/08/2026,09:00,passado,SP,13200-001 - Jundiaí - SP - Brasil,,,https://www.hisaleiloes.com.br/leilao/2489/1,,mapa,,,https://www.hisaleiloes.com.br/leilao/2489/1
marcador-939,[EMPRESA] - ARMAZEM 7 - Produtos - São Paulo / SP,ATUALIZAÇÃO 11/08/2026,2026-08-13,13/08/2026,09:00,passado,SP,Vla Bertioga - 03181-000 - São Paulo - SP - Brasil,,,https://www.kwara.com.br/evento/leilao-de-eletroportateis-itens-de-informatica-ferramentas-e-vestuario-armazem-7-K-2884,,mapa,,,https://www.kwara.com.br/evento/leilao-de-eletroportateis-itens-de-informatica-ferramentas-e-vestuario-armazem-7-K-2884
marcador-940,[EMPRESA] - Equipamentos,ATUALIZAÇÃO 11/08/2026,,,,sem_data,,,,,,,mapa,,,LOCALIZAÇÃO: | �ｻｿTITULO;DATA;MARCADOR;DESCRIÇÃO;LOCALIZAÇÃO: [EMPRESA] - Equipamentos
marcador-941,[EMPRESA] - Equipamentos - Chapecó / SC,ATUALIZAÇÃO 11/08/2026,2026-08-13,13/08/2026,09:00,passado,SC,89800-000 - Chapecó - SC - Brasil,,,https://www.pagliarinileiloes.com.br/evento/leilao-corporativo-784746?searchType=opened&preOrderBy=orderByFirstOpenedOffers&pageNumber=1&pageSize=30&orderBy=lotNumber:asc;subLotNumber:asc,,mapa,,,https://www.pagliarinileiloes.com.br/evento/leilao-corporativo-784746?searchType=opened&preOrderBy=orderByFirstOpenedOffers&pageNumber=1&pageSize=30&orderBy=lotNumber:asc;subLotNumber:asc
marcador-942,[EMPRESA] - Veículos,ATUALIZAÇÃO 11/08/2026,,,,sem_data,,,,,,,mapa,,,LOCALIZAÇÃO: | �ｻｿTITULO;DATA;MARCADOR;DESCRIÇÃO;LOCALIZAÇÃO: [EMPRESA] - Veículos
marcador-943,[EMPRESA] - MILPLAN ENGENHARIA - Equipamentos - Belo Horizonte / MG,ATUALIZAÇÃO 11/08/2026,2026-08-13,13/08/2026,09:00,passado,MG,30000-001 - Belo Horizonte - MG - Brasil,,,https://www.superbid.net/evento/milplan-engenharia-790553?pageNumber=1&pageSize=30&orderBy=lotNumber:asc;subLotNumber:asc,,mapa,,,https://www.superbid.net/evento/milplan-engenharia-790553?pageNumber=1&pageSize=30&orderBy=lotNumber:asc;subLotNumber:asc | OBSERVAÇÃO: LOTES EM DIFERENTES LOCAIS DO BRASIL.
marcador-944,[EMPRESA] - CYMI - Máquinas - Juazeiro / BA,ATUALIZAÇÃO 11/08/2026,2026-08-13,13/08/2026,09:00,passado,BA,48900-000 - Juazeiro - BA - Brasil,,,https://www.superbid.net/evento/cymi-790663?pageNumber=1&pageSize=30&orderBy=lotNumber:asc;subLotNumber:asc,,mapa,,,https://www.superbid.net/evento/cymi-790663?pageNumber=1&pageSize=30&orderBy=lotNumber:asc;subLotNumber:asc
marcador-945,[EMPRESA] - GM - Produtos - Joinville / SC,ATUALIZAÇÃO 11/08/2026,2026-08-13,13/08/2026,09:00,passado,SC,89200-001 - Joinville - SC - Brasil,,,https://www.superbid.net/evento/gm-790647?pageNumber=1&pageSize=30&orderBy=lotNumber:asc;subLotNumber:asc,,mapa,,,https://www.superbid.net/evento/gm-790647?pageNumber=1&pageSize=30&orderBy=lotNumber:asc;subLotNumber:asc
marcador-946,[EMPRESA] - SUPERMIX - Caminhonetes,ATUALIZAÇÃO 11/08/2026,,,,sem_data,,,,,,,mapa,,,LOCALIZAÇÃO: | �ｻｿTITULO;DATA;MARCADOR;DESCRIÇÃO;LOCALIZAÇÃO: [EMPRESA] - SUPERMIX - Caminhonetes
marcador-947,[EMPRESA] - VEX COMEX - Produtos,ATUALIZAÇÃO 11/08/2026,,,,sem_data,,,,,,,mapa,,,LOCALIZAÇÃO: | �ｻｿTITULO;DATA;MARCADOR;DESCRIÇÃO;LOCALIZAÇÃO: [EMPRESA] - VEX COMEX - Produtos
marcador-948,[EMPRESA] - PETROBRAS - Equipamentos - Macaé / RJ,ATUALIZAÇÃO 11/08/2026,2026-08-13,13/08/2026,09:00,passado,RJ,27900-000 - Macaé - RJ - Brasil,,,https://www.superbid.net/evento/petrobras-pea0372983-784691?pageNumber=1&pageSize=30&orderBy=lotNumber:asc;subLotNumber:asc,,mapa,,,https://www.superbid.net/evento/petrobras-pea0372983-784691?pageNumber=1&pageSize=30&orderBy=lotNumber:asc;subLotNumber:asc
marcador-949,[PREFEITURA] - RENOVA ENERGIA - Produtos - Guanambi / BA,ATUALIZAÇÃO 11/08/2026,2026-08-13,13/08/2026,09:00,passado,BA,46430-000 - Guanambi - BA - Brasil,,,https://www.superbid.net/evento/renova-energia-790157?pageNumber=1&pageSize=30&orderBy=lotNumber:asc;subLotNumber:asc,,mapa,,,https://www.superbid.net/evento/renova-energia-790157?pageNumber=1&pageSize=30&orderBy=lotNumber:asc;subLotNumber:asc
marcador-950,[EMPRESA] - CASAS BAHIA - Equipamentos - Ribeirão Preto / SP,ATUALIZAÇÃO 11/08/2026,2026-08-13,13/08/2026,09:00,passado,SP,14000-000 - Ribeirão Preto - SP - Brasil,,,https://www.superbid.net/evento/casas-bahia-790392?pageNumber=1&pageSize=30&orderBy=lotNumber:asc;subLotNumber:asc,,mapa,,,https://www.superbid.net/evento/casas-bahia-790392?pageNumber=1&pageSize=30&orderBy=lotNumber:asc;subLotNumber:asc
marcador-951,[EMPRESA] - VOTORANTIM - Equipamentos - Pinheiro Machado / RS,ATUALIZAÇÃO 11/08/2026,2026-08-13,13/08/2026,09:00,passado,RS,96470-000 - Pinheiro Machado - RS - Brasil,,,https://mercado.bomvalor.com.br/tanques-de-armazenamento-36461,,mapa,,,https://mercado.bomvalor.com.br/tanques-de-armazenamento-36461 | OBSERVAÇÃO: LOTES EM DIFERENTES LOCAIS DO BRASIL.
marcador-952,[EMPRESA] - Veículos - Vargem Grande Paulista / SP,ATUALIZAÇÃO 11/08/2026,2026-08-13,13/08/2026,09:00,passado,SP,06730-060 - Vargem Grande Paulista - SP - Brasil,,,https://www.leilaoprime.com.br/leilao/50/lotes,,mapa,,,https://www.leilaoprime.com.br/leilao/50/lotes
marcador-953,[PRODUTOS] - Equipamentos - Lavras / MG,ATUALIZAÇÃO 11/08/2026,2026-08-13,13/08/2026,09:00,passado,MG,Rua Gustavo Pena - Centro - 37200-001 - Lavras - MG - Brasil,,,https://www.adrianoleiloeiro.com.br/evento/maquinas-para-marcenaria-784666?searchType=opened&preOrderBy=orderByFirstOpenedOffers&pageNumber=1&pageSize=30&orderBy=lotNumber:asc;subLotNumber:asc,,mapa,,,https://www.adrianoleiloeiro.com.br/evento/maquinas-para-marcenaria-784666?searchType=opened&preOrderBy=orderByFirstOpenedOffers&pageNumber=1&pageSize=30&orderBy=lotNumber:asc;subLotNumber:asc
marcador-954,[EMPRESA] - Mogi das Cruzes / SP,ATUALIZAÇÃO 11/08/2026,2026-08-13,13/08/2026,09:00,passado,SP,Avenida Francisco Ferreira Lopes - Braz Cubas - 08740-000 - Mogi das Cruzes - SP - Brasil,,,https://loopleiloes.com.br/eventos,,mapa,,,https://loopleiloes.com.br/eventos
marcador-955,[EMPRESA] - G.A. LOCAÇÕES - Máquinas,ATUALIZAÇÃO 11/08/2026,,,,sem_data,,,,,,,mapa,,,LOCALIZAÇÃO: | �ｻｿTITULO;DATA;MARCADOR;DESCRIÇÃO;LOCALIZAÇÃO: [EMPRESA] - G.A. LOCAÇÕES - Máquinas
marcador-956,[EMPRESA] - MEGA AÇÃO - Equipamentos,ATUALIZAÇÃO 11/08/2026,,,,sem_data,,,,,,,mapa,,,LOCALIZAÇÃO: | �ｻｿTITULO;DATA;MARCADOR;DESCRIÇÃO;LOCALIZAÇÃO: [EMPRESA] - MEGA AÇÃO - Equipamentos
marcador-957,[EMPRESA] - BEVAP - Produtos - São Paulo / SP,ATUALIZAÇÃO 11/08/2026,2026-08-13,13/08/2026,09:00,passado,SP,Praça dos Omaguás,,,https://www.rossileiloes.com.br/leilao/detalhe/4779/Bikes,,mapa,,,https://www.rossileiloes.com.br/leilao/detalhe/4779/Bikes
marcador-958,[EMPRESA] - BEVAP - Produtos - São Paulo / SP,ATUALIZAÇÃO 11/08/2026,2026-08-13,13/08/2026,09:00,passado,SP,Praça dos Omaguás,,,https://www.rossileiloes.com.br/leilao/detalhe/4779/Bikes,,mapa,,,https://www.rossileiloes.com.br/leilao/detalhe/4779/Bikes
marcador-959,[EMPRESA] - Veículos - Belo Horizonte / MG,ATUALIZAÇÃO 11/08/2026,2026-08-13,13/08/2026,09:00,passado,MG,Rua Campo Mourão,,,https://www.casaleiloeira.com.br/evento/veiculo-sinistrado-recuperavel-784467?searchType=opened&preOrderBy=orderByFirstOpenedOffers&pageNumber=1&pageSize=30&orderBy=lotNumber:asc;subLotNumber:asc,,mapa,,,https://www.casaleiloeira.com.br/evento/veiculo-sinistrado-recuperavel-784467?searchType=opened&preOrderBy=orderByFirstOpenedOffers&pageNumber=1&pageSize=30&orderBy=lotNumber:asc;subLotNumber:asc
marcador-960,[PREFEITURA] - Produtos,ATUALIZAÇÃO 11/08/2026,,,,sem_data,,,,,,,mapa,,,LOCALIZAÇÃO: | �ｻｿTITULO;DATA;MARCADOR;DESCRIÇÃO;LOCALIZAÇÃO: [PREFEITURA] - Produtos
marcador-961,[PREFEITURA] - SÃO BERNANRDO DO CAMPO -SP - Sucatas - Campinas / SP,ATUALIZAÇÃO 11/08/2026,2026-08-14,14/08/2026,04:00,passado,SP,13000-001 - Campinas - SP - Brasil,,,https://www.hastasp.com.br/evento/sucata-leilao-01-2026-municipal-sao-bern-do-campo-784151?searchType=opened&preOrderBy=orderByFirstOpenedOffers&pageNumber=1&pageSize=30&orderBy=lotNumber:asc;subLotNumber:asc,,mapa,,,https://www.hastasp.com.br/evento/sucata-leilao-01-2026-municipal-sao-bern-do-campo-784151?searchType=opened&preOrderBy=orderByFirstOpenedOffers&pageNumber=1&pageSize=30&orderBy=lotNumber:asc;subLotNumber:asc
marcador-962,[PREFEITURA] - Imóveis - Cuiabá / MT,ATUALIZAÇÃO 11/08/2026,2026-08-14,14/08/2026,04:00,passado,MT,78000-000 - Cuiabá - MT - Brasil,,,https://araujoleiloes.com.br/detalhe-edital/448/,,mapa,,,https://araujoleiloes.com.br/detalhe-edital/448/ | OBSERVAÇÃO: LOTES EM DIFERENTES LOCAIS DA CIDADE.
marcador-963,[PREFEITURA] - Produtos,ATUALIZAÇÃO 11/08/2026,,,,sem_data,,,,,,,mapa,,,LOCALIZAÇÃO: | �ｻｿTITULO;DATA;MARCADOR;DESCRIÇÃO;LOCALIZAÇÃO: [PREFEITURA] - Produtos
marcador-964,[PREFEITURA] - Veículos,ATUALIZAÇÃO 11/08/2026,,,,sem_data,,,,,,,mapa,,,LOCALIZAÇÃO: | �ｻｿTITULO;DATA;MARCADOR;DESCRIÇÃO;LOCALIZAÇÃO: [PREFEITURA] - Veículos
marcador-965,[PREFEITURA] - Veículos,ATUALIZAÇÃO 11/08/2026,,,,sem_data,,,,,,,mapa,,,LOCALIZAÇÃO: | �ｻｿTITULO;DATA;MARCADOR;DESCRIÇÃO;LOCALIZAÇÃO: [PREFEITURA] - Veículos
marcador-966,[PREFEITURA] - Veículos,ATUALIZAÇÃO 11/08/2026,,,,sem_data,,,,,,,mapa,,,LOCALIZAÇÃO: | �ｻｿTITULO;DATA;MARCADOR;DESCRIÇÃO;LOCALIZAÇÃO: [PREFEITURA] - Veículos
marcador-967,[PREFEITURA] - Produtos,ATUALIZAÇÃO 11/08/2026,,,,sem_data,,,,,,,mapa,,,LOCALIZAÇÃO: | �ｻｿTITULO;DATA;MARCADOR;DESCRIÇÃO;LOCALIZAÇÃO: [PREFEITURA] - Produtos
marcador-968,[PREFEITURA] - Veículos,ATUALIZAÇÃO 11/08/2026,,,,sem_data,,,,,,,mapa,,,LOCALIZAÇÃO: | �ｻｿTITULO;DATA;MARCADOR;DESCRIÇÃO;LOCALIZAÇÃO: [PREFEITURA] - Veículos
marcador-969,[PREFEITURA] - Imóveis,ATUALIZAÇÃO 11/08/2026,,,,sem_data,,,,,,,mapa,,,LOCALIZAÇÃO: | �ｻｿTITULO;DATA;MARCADOR;DESCRIÇÃO;LOCALIZAÇÃO: [PREFEITURA] - Imóveis
marcador-970,[PREFEITURA] - Imóveis,ATUALIZAÇÃO 11/08/2026,,,,sem_data,,,,,,,mapa,,,LOCALIZAÇÃO: | �ｻｿTITULO;DATA;MARCADOR;DESCRIÇÃO;LOCALIZAÇÃO: [PREFEITURA] - Imóveis
marcador-971,[PREFEITURA] - Sucatas,ATUALIZAÇÃO 11/08/2026,,,,sem_data,,,,,,,mapa,,,LOCALIZAÇÃO: | �ｻｿTITULO;DATA;MARCADOR;DESCRIÇÃO;LOCALIZAÇÃO: [PREFEITURA] - Sucatas
marcador-972,[PREFEITURA] - Motos,ATUALIZAÇÃO 11/08/2026,,,,sem_data,,,,,,,mapa,,,LOCALIZAÇÃO: | �ｻｿTITULO;DATA;MARCADOR;DESCRIÇÃO;LOCALIZAÇÃO: [PREFEITURA] - Motos
marcador-973,[PREFEITURA] - LEILÃO 2 - Sucatas - Afonso Cláudio / ES,ATUALIZAÇÃO 11/08/2026,2026-08-14,14/08/2026,04:00,passado,ES,João Batista de Araújo,,,https://www.danielgarcialeiloes.com.br/leilao/7738/lotes,,mapa,,,https://www.danielgarcialeiloes.com.br/leilao/7738/lotes
marcador-974,[PREFEITURA] - Caminhões,ATUALIZAÇÃO 11/08/2026,,,,sem_data,,,,,,,mapa,,,LOCALIZAÇÃO: | �ｻｿTITULO;DATA;MARCADOR;DESCRIÇÃO;LOCALIZAÇÃO: [PREFEITURA] - Caminhões
marcador-975,[PREFEITURA] - Caminhões,ATUALIZAÇÃO 11/08/2026,,,,sem_data,,,,,,,mapa,,,LOCALIZAÇÃO: | �ｻｿTITULO;DATA;MARCADOR;DESCRIÇÃO;LOCALIZAÇÃO: [PREFEITURA] - Caminhões
marcador-976,[ÓRGÃO PÚBLICO] - DETRAN/BA - Sucatas - Barreiras / BA,ATUALIZAÇÃO 11/08/2026,2026-08-14,14/08/2026,05:00,passado,BA,Rua 24 de Outubro,,,https://www.rjleiloes.com.br/leilao/4772/lotes,,mapa,,,https://www.rjleiloes.com.br/leilao/4772/lotes
marcador-977,[ÓRGÃO PÚBLICO] - DETRAN/BA - Motos - Irecê / BA,ATUALIZAÇÃO 11/08/2026,2026-08-14,14/08/2026,05:00,passado,BA,Avenida Primeiro de Janeiro,,,https://www.rjleiloes.com.br/leilao/4771/lotes,,mapa,,,https://www.rjleiloes.com.br/leilao/4771/lotes
marcador-978,[ÓRGÃO PÚBLICO] - DETRAN - Sucatas - Recife / PE,ATUALIZAÇÃO 11/08/2026,2026-08-14,14/08/2026,05:00,passado,PE,Estrada do Barbalho - Iputinga - 50690-900 - Recife - PE - Brasil,,,https://www.lancecertoleiloes.com.br/leilao/140826SU,,mapa,,,https://www.lancecertoleiloes.com.br/leilao/140826SU | OBSERVAÇÃO: LOTES EM DIFERENTES LOCAIS DO BRASIL.
marcador-979,[ÓRGÃO PÚBLICO] - CTTU - Motos,ATUALIZAÇÃO 11/08/2026,,,,sem_data,,,,,,,mapa,,,LOCALIZAÇÃO: | �ｻｿTITULO;DATA;MARCADOR;DESCRIÇÃO;LOCALIZAÇÃO: [ÓRGÃO PÚBLICO] - CTTU - Motos
marcador-980,[ÓRGÃO PÚBLICO] - CTTU - Sucatas - Recife / PE,ATUALIZAÇÃO 11/08/2026,2026-08-14,14/08/2026,05:00,passado,PE,Avenida Cruz Cabugá - Santo Amaro - 50040-000 - Recife - PE - Brasil,,,https://www.lancecertoleiloes.com.br/leilao/140826CTTUSU,,mapa,,,https://www.lancecertoleiloes.com.br/leilao/140826CTTUSU
marcador-981,[ÓRGÃO PÚBLICO] - DETRAN - Motos,ATUALIZAÇÃO 11/08/2026,,,,sem_data,,,,,,,mapa,,,LOCALIZAÇÃO: | �ｻｿTITULO;DATA;MARCADOR;DESCRIÇÃO;LOCALIZAÇÃO: [ÓRGÃO PÚBLICO] - DETRAN - Motos
marcador-982,[EXÉRCITO] - EMGEPRON - Veículos,ATUALIZAÇÃO 11/08/2026,,,,sem_data,,,,,,,mapa,,,LOCALIZAÇÃO: | �ｻｿTITULO;DATA;MARCADOR;DESCRIÇÃO;LOCALIZAÇÃO: [EXÉRCITO] - EMGEPRON - Veículos
marcador-983,[EXÉRCITO] - EMGEPRON - Veículos,ATUALIZAÇÃO 11/08/2026,,,,sem_data,,,,,,,mapa,,,LOCALIZAÇÃO: | �ｻｿTITULO;DATA;MARCADOR;DESCRIÇÃO;LOCALIZAÇÃO: [EXÉRCITO] - EMGEPRON - Veículos
marcador-984,[SEGURADORA] - Sucatas - Nossa Senhora do Socorro / SE,ATUALIZAÇÃO 11/08/2026,2026-08-14,14/08/2026,07:00,passado,SE,49150-000 - Nossa Senhora do Socorro - SE - Brasil,,,https://satoleiloes.com.br/leiloes/5172,,mapa,,,https://satoleiloes.com.br/leiloes/5172
marcador-985,[SEGURADORA] - Produtos - Vitória / ES,ATUALIZAÇÃO 11/08/2026,2026-08-14,14/08/2026,07:00,passado,ES,29000-000 - Vitória - ES - Brasil,,,https://satoleiloes.com.br/leiloes/5171,,mapa,,,https://satoleiloes.com.br/leiloes/5171
marcador-986,[SEGURADORA] - Veículos,ATUALIZAÇÃO 11/08/2026,,,,sem_data,,,,,,,mapa,,,LOCALIZAÇÃO: | �ｻｿTITULO;DATA;MARCADOR;DESCRIÇÃO;LOCALIZAÇÃO: [SEGURADORA] - Veículos
marcador-987,[FINANCEIRA] - Veículos,ATUALIZAÇÃO 11/08/2026,,,,sem_data,,,,,,,mapa,,,LOCALIZAÇÃO: | �ｻｿTITULO;DATA;MARCADOR;DESCRIÇÃO;LOCALIZAÇÃO: [FINANCEIRA] - Veículos
marcador-988,[FINANCEIRA] - Veículos - Mogi das Cruzes / SP,ATUALIZAÇÃO 11/08/2026,2026-08-14,14/08/2026,07:00,passado,SP,Avenida Francisco Ferreira Lopes - Braz Cubas - 08740-000 - Mogi das Cruzes - SP - Brasil,,,https://loopleiloes.com.br/eventos,,mapa,,,https://loopleiloes.com.br/eventos
marcador-989,[FINANCEIRA] - Caminhões,ATUALIZAÇÃO 11/08/2026,,,,sem_data,,,,,,,mapa,,,LOCALIZAÇÃO: | �ｻｿTITULO;DATA;MARCADOR;DESCRIÇÃO;LOCALIZAÇÃO: [FINANCEIRA] - Caminhões
marcador-990,[PRODUTOS] - Produtos - Sorocaba / SP,ATUALIZAÇÃO 11/08/2026,2026-08-14,14/08/2026,08:00,passado,SP,Rua José Carlos de Paula,,,https://www.lance360.com.br/leilao/732,,mapa,,,https://www.lance360.com.br/leilao/732
marcador-991,[PRODUTOS] - Produtos - São Bernardo do Campo / SP,ATUALIZAÇÃO 11/08/2026,2026-08-14,14/08/2026,08:00,passado,SP,Estrada dos Alvarengas,,,https://www.nossoleilao.com.br/leilao/827/lotes,,mapa,,,https://www.nossoleilao.com.br/leilao/827/lotes
marcador-992,[EMPRESA] - Máquinas,ATUALIZAÇÃO 11/08/2026,,,,sem_data,,,,,,,mapa,,,LOCALIZAÇÃO: | �ｻｿTITULO;DATA;MARCADOR;DESCRIÇÃO;LOCALIZAÇÃO: [EMPRESA] - Máquinas
marcador-993,[EMPRESA] - Veículos - Votuporanga / SP,ATUALIZAÇÃO 11/08/2026,2026-08-14,14/08/2026,09:00,passado,SP,15500-000 - Votuporanga - SP - Brasil,,,https://www.bidmax.com.br/leilao/1177/lotes,,mapa,,,https://www.bidmax.com.br/leilao/1177/lotes
marcador-994,[EMPRESA] - HISA REVERSA - Produtos - São Caetano do Sul / SP,ATUALIZAÇÃO 11/08/2026,2026-08-14,14/08/2026,09:00,passado,SP,Rua Ceará,,,https://www.hisaleiloes.com.br/leilao/2492,,mapa,,,https://www.hisaleiloes.com.br/leilao/2492 | OBSERVAÇÃO: OBSERVAÇÃO: LEILÃO EM LOTEAMENTO.
marcador-995,[EMPRESA] - CASAS BAHIA 2 - Produtos - Maracanaú / CE,ATUALIZAÇÃO 11/08/2026,2026-08-14,14/08/2026,09:00,passado,CE,Rodovia Anel Viário,,,https://www.bolsadeleiloes.com.br/leilao/718,,mapa,,,https://www.bolsadeleiloes.com.br/leilao/718
marcador-996,[EMPRESA] - CASAS BAHIA - Produtos,ATUALIZAÇÃO 11/08/2026,,,,sem_data,,,,,,,mapa,,,LOCALIZAÇÃO: | �ｻｿTITULO;DATA;MARCADOR;DESCRIÇÃO;LOCALIZAÇÃO: [EMPRESA] - CASAS BAHIA - Produtos
marcador-997,[EMPRESA] - CASAS BAHIA 5 - Produtos,ATUALIZAÇÃO 11/08/2026,,,,sem_data,,,,,,,mapa,,,LOCALIZAÇÃO: | �ｻｿTITULO;DATA;MARCADOR;DESCRIÇÃO;LOCALIZAÇÃO: [EMPRESA] - CASAS BAHIA 5 - Produtos
marcador-998,[SEGURADORA] - Caminhões - Santa Vitória do Palmar / RS,ATUALIZAÇÃO 11/08/2026,2026-08-14,14/08/2026,09:00,passado,RS,96230-000 - Santa Vitória do Palmar - RS - Brasil,,,https://satoleiloes.com.br/leiloes/5148,,mapa,,,https://satoleiloes.com.br/leiloes/5148
marcador-999,[EMPRESA] - Produtos - São Paulo / SP,ATUALIZAÇÃO 11/08/2026,2026-08-14,14/08/2026,09:00,passado,SP,04500-000 - São Paulo - SP - Brasil,,,https://www.kwara.com.br/evento/leilao-de-moveis-e-decoracao-para-escritorio-K-2914,,mapa,,,https://www.kwara.com.br/evento/leilao-de-moveis-e-decoracao-para-escritorio-K-2914
marcador-1000,[EMPRESA] - BARTOFIL DISTRIBUIDORA - Equipamentos,ATUALIZAÇÃO 11/08/2026,,,,sem_data,,,,,,,mapa,,,LOCALIZAÇÃO: | �ｻｿTITULO;DATA;MARCADOR;DESCRIÇÃO;LOCALIZAÇÃO: [EMPRESA] - BARTOFIL DISTRIBUIDORA - Equipamentos
marcador-1001,[EMPRESA] - CNH INDUSTRIAL - Equipamentos - Contagem / MG,ATUALIZAÇÃO 11/08/2026,2026-08-14,14/08/2026,09:00,passado,MG,32000-000 - Contagem - MG - Brasil,,,https://www.gpleiloes.com.br/gp/#/leilao/3874,,mapa,,,https://www.gpleiloes.com.br/gp/#/leilao/3874
marcador-1002,[EMPRESA] - VALE - Equipamentos,ATUALIZAÇÃO 11/08/2026,,,,sem_data,,,,,,,mapa,,,LOCALIZAÇÃO: | �ｻｿTITULO;DATA;MARCADOR;DESCRIÇÃO;LOCALIZAÇÃO: [EMPRESA] - VALE - Equipamentos
marcador-1003,[EMPRESA] - VALE LEILÃO 3 - Máquinas - Itabirito / MG,ATUALIZAÇÃO 11/08/2026,2026-08-14,14/08/2026,09:00,passado,MG,Centro - 35450-001 - Itabirito - MG - Brasil,,,https://mercado.bomvalor.com.br/caminhoes-fora-de-estrada-caterpillar-36463,,mapa,,,https://mercado.bomvalor.com.br/caminhoes-fora-de-estrada-caterpillar-36463 | OBSERVAÇÃO: LOTES EM DIFERENTES LOCAIS DO BRASIL.
marcador-1004,[EMPRESA] - VALE LEILÃO 2 - Caminhões,ATUALIZAÇÃO 11/08/2026,,,,sem_data,,,,,,,mapa,,,LOCALIZAÇÃO: | �ｻｿTITULO;DATA;MARCADOR;DESCRIÇÃO;LOCALIZAÇÃO: [EMPRESA] - VALE LEILÃO 2 - Caminhões
marcador-1005,[EMPRESA] - VALE - Equipamentos,ATUALIZAÇÃO 11/08/2026,,,,sem_data,,,,,,,mapa,,,LOCALIZAÇÃO: | �ｻｿTITULO;DATA;MARCADOR;DESCRIÇÃO;LOCALIZAÇÃO: [EMPRESA] - VALE - Equipamentos
marcador-1006,[EMPRESA] - BOMBEIROS VOLUNTÁRIOS DE JAGUARUNA - Vans,ATUALIZAÇÃO 11/08/2026,,,,sem_data,,,,,,,mapa,,,LOCALIZAÇÃO: | �ｻｿTITULO;DATA;MARCADOR;DESCRIÇÃO;LOCALIZAÇÃO: [EMPRESA] - BOMBEIROS VOLUNTÁRIOS DE JAGUARUNA - Vans
marcador-1007,[EMPRESA] - Máquinas,ATUALIZAÇÃO 11/08/2026,,,,sem_data,,,,,,,mapa,,,LOCALIZAÇÃO: | �ｻｿTITULO;DATA;MARCADOR;DESCRIÇÃO;LOCALIZAÇÃO: [EMPRESA] - Máquinas
marcador-1008,[EMPRESA] - Sucatas,ATUALIZAÇÃO 11/08/2026,,,,sem_data,,,,,,,mapa,,,LOCALIZAÇÃO: | �ｻｿTITULO;DATA;MARCADOR;DESCRIÇÃO;LOCALIZAÇÃO: [EMPRESA] - Sucatas
marcador-1009,[PREFEITURA] - Veículos,ATUALIZAÇÃO 11/08/2026,,,,sem_data,,,,,,,mapa,,,LOCALIZAÇÃO: | �ｻｿTITULO;DATA;MARCADOR;DESCRIÇÃO;LOCALIZAÇÃO: [PREFEITURA] - Veículos
marcador-1010,[PREFEITURA] - Sucatas - Campos do Jordão / SP,ATUALIZAÇÃO 11/08/2026,2026-08-15,15/08/2026,04:00,passado,SP,Avenida Frei Orestes Girardi,,,https://liderleiloes.com.br/eventos/leilao/173/sucata-inservivel-para-compactacao-peso-estimado-em-103-310-toneladas-sessao-publica-14-08-2026-a-partir-das-10h00,,mapa,,,https://liderleiloes.com.br/eventos/leilao/173/sucata-inservivel-para-compactacao-peso-estimado-em-103-310-toneladas-sessao-publica-14-08-2026-a-partir-das-10h00
marcador-1011,[FINANCEIRA] - Motos - Aparecida de Goiânia / GO,ATUALIZAÇÃO 11/08/2026,2026-08-15,15/08/2026,07:00,passado,GO,Avenida Bela Vista,,,https://leilo.com.br/leilao?leilao.nome=LEIL%C3%83O%20EXCLUSIVO%20DE%20MOTOS%20-%2015.08.26,,mapa,,,https://leilo.com.br/leilao?leilao.nome=LEIL%C3%83O%20EXCLUSIVO%20DE%20MOTOS%20-%2015.08.26 | OBSERVAÇÃO: LOTES EM DIFERENTES LOCAIS DO BRASIL.
marcador-1012,[FINANCEIRA] - Veículos,ATUALIZAÇÃO 11/08/2026,,,,sem_data,,,,,,,mapa,,,LOCALIZAÇÃO: | �ｻｿTITULO;DATA;MARCADOR;DESCRIÇÃO;LOCALIZAÇÃO: [FINANCEIRA] - Veículos
marcador-1013,[FINANCEIRA] - Motos,ATUALIZAÇÃO 11/08/2026,,,,sem_data,,,,,,,mapa,,,LOCALIZAÇÃO: | �ｻｿTITULO;DATA;MARCADOR;DESCRIÇÃO;LOCALIZAÇÃO: [FINANCEIRA] - Motos
marcador-1014,[PRODUTOS] - Produtos - Brasília / DF,ATUALIZAÇÃO 11/08/2026,2026-08-15,15/08/2026,08:00,passado,DF,CHÁCARA 02 CJ 02 - ADE Águas Claras - 72000-000 - Brasília - DF - Brasil,,,https://www.bsbleiloes.com.br/leilao/1o-leilao-de-agosto-2026-06-08-2026-08-03-18/lotes/card,,mapa,,,https://www.bsbleiloes.com.br/leilao/1o-leilao-de-agosto-2026-06-08-2026-08-03-18/lotes/card
marcador-1015,[PRODUTOS] - FIRJAN - Produtos - Juiz de Fora / MG,ATUALIZAÇÃO 11/08/2026,2026-08-15,15/08/2026,08:00,passado,MG,36001-000 - Juiz de Fora - MG - Brasil,,,https://www.mgl.com.br/leilao/pecas-automotivas/7281/#&Pagina=1&Index=1,,mapa,,,https://www.mgl.com.br/leilao/pecas-automotivas/7281/#&Pagina=1&Index=1
marcador-1016,[EMPRESA] - Produtos - Atibaia / SP,ATUALIZAÇÃO 11/08/2026,2026-08-15,15/08/2026,09:00,passado,SP,12940-000 - Atibaia - SP - Brasil,,,https://www.tudoleilao.com.br/leilao/275/lotes,,mapa,,,https://www.tudoleilao.com.br/leilao/275/lotes
marcador-1017,[EMPRESA] - RZK AGRO/VOLKSWAGEN - Máquinas,ATUALIZAÇÃO 11/08/2026,,,,sem_data,,,,,,,mapa,,,LOCALIZAÇÃO: | �ｻｿTITULO;DATA;MARCADOR;DESCRIÇÃO;LOCALIZAÇÃO: [EMPRESA] - RZK AGRO/VOLKSWAGEN - Máquinas
marcador-1018,[EMPRESA] - Caminhonetes,ATUALIZAÇÃO 11/08/2026,,,,sem_data,,,,,,,mapa,,,LOCALIZAÇÃO: | �ｻｿTITULO;DATA;MARCADOR;DESCRIÇÃO;LOCALIZAÇÃO: [EMPRESA] - Caminhonetes
marcador-1019,[PREFEITURA] - Veículos,ATUALIZAÇÃO 11/08/2026,,,,sem_data,,,,,,,mapa,,,LOCALIZAÇÃO: | �ｻｿTITULO;DATA;MARCADOR;DESCRIÇÃO;LOCALIZAÇÃO: [PREFEITURA] - Veículos
marcador-1020,[PREFEITURA] - Veículos,ATUALIZAÇÃO 11/08/2026,,,,sem_data,,,,,,,mapa,,,LOCALIZAÇÃO: | �ｻｿTITULO;DATA;MARCADOR;DESCRIÇÃO;LOCALIZAÇÃO: [PREFEITURA] - Veículos
marcador-1021,[PREFEITURA] - Ônibus,ATUALIZAÇÃO 11/08/2026,,,,sem_data,,,,,,,mapa,,,LOCALIZAÇÃO: | �ｻｿTITULO;DATA;MARCADOR;DESCRIÇÃO;LOCALIZAÇÃO: [PREFEITURA] - Ônibus
marcador-1022,[PREFEITURA] - Veículos,ATUALIZAÇÃO 11/08/2026,,,,sem_data,,,,,,,mapa,,,LOCALIZAÇÃO: | �ｻｿTITULO;DATA;MARCADOR;DESCRIÇÃO;LOCALIZAÇÃO: [PREFEITURA] - Veículos
marcador-1023,[PREFEITURA] - Máquinas,ATUALIZAÇÃO 11/08/2026,,,,sem_data,,,,,,,mapa,,,LOCALIZAÇÃO: | �ｻｿTITULO;DATA;MARCADOR;DESCRIÇÃO;LOCALIZAÇÃO: [PREFEITURA] - Máquinas
marcador-1024,[PREFEITURA] - Produtos,ATUALIZAÇÃO 11/08/2026,,,,sem_data,,,,,,,mapa,,,LOCALIZAÇÃO: | �ｻｿTITULO;DATA;MARCADOR;DESCRIÇÃO;LOCALIZAÇÃO: [PREFEITURA] - Produtos
marcador-1025,[PREFEITURA] - Caminhonetes,ATUALIZAÇÃO 11/08/2026,,,,sem_data,,,,,,,mapa,,,LOCALIZAÇÃO: | �ｻｿTITULO;DATA;MARCADOR;DESCRIÇÃO;LOCALIZAÇÃO: [PREFEITURA] - Caminhonetes
marcador-1026,[PREFEITURA] - Produtos,ATUALIZAÇÃO 11/08/2026,,,,sem_data,,,,,,,mapa,,,LOCALIZAÇÃO: | �ｻｿTITULO;DATA;MARCADOR;DESCRIÇÃO;LOCALIZAÇÃO: [PREFEITURA] - Produtos
marcador-1027,[PREFEITURA] - Produtos,ATUALIZAÇÃO 11/08/2026,,,,sem_data,,,,,,,mapa,,,LOCALIZAÇÃO: | �ｻｿTITULO;DATA;MARCADOR;DESCRIÇÃO;LOCALIZAÇÃO: [PREFEITURA] - Produtos
marcador-1028,[PREFEITURA] - Ônibus,ATUALIZAÇÃO 11/08/2026,,,,sem_data,,,,,,,mapa,,,LOCALIZAÇÃO: | �ｻｿTITULO;DATA;MARCADOR;DESCRIÇÃO;LOCALIZAÇÃO: [PREFEITURA] - Ônibus
marcador-1029,[PREFEITURA] - Veículos,ATUALIZAÇÃO 11/08/2026,,,,sem_data,,,,,,,mapa,,,LOCALIZAÇÃO: | �ｻｿTITULO;DATA;MARCADOR;DESCRIÇÃO;LOCALIZAÇÃO: [PREFEITURA] - Veículos
marcador-1030,[PREFEITURA] - Produtos - São Joaquim de Bicas / MG,ATUALIZAÇÃO 11/08/2026,2026-08-17,17/08/2026,04:00,passado,MG,Estrada Municipal,,,https://www.bbmnetleiloes.com.br/evento/materiais-reciclaveis-separados-vidro-e-pneus-789968?searchType=opened&preOrderBy=orderByFirstOpenedOffers&pageNumber=1&pageSize=30&orderBy=lotNumber:asc;subLotNumber:asc,,mapa,,,https://www.bbmnetleiloes.com.br/evento/materiais-reciclaveis-separados-vidro-e-pneus-789968?searchType=opened&preOrderBy=orderByFirstOpenedOffers&pageNumber=1&pageSize=30&orderBy=lotNumber:asc;subLotNumber:asc
marcador-1031,[PREFEITURA] - Equipamentos,ATUALIZAÇÃO 11/08/2026,,,,sem_data,,,,,,,mapa,,,LOCALIZAÇÃO: | �ｻｿTITULO;DATA;MARCADOR;DESCRIÇÃO;LOCALIZAÇÃO: [PREFEITURA] - Equipamentos
marcador-1032,[PREFEITURA] - Veículos,ATUALIZAÇÃO 11/08/2026,,,,sem_data,,,,,,,mapa,,,LOCALIZAÇÃO: | �ｻｿTITULO;DATA;MARCADOR;DESCRIÇÃO;LOCALIZAÇÃO: [PREFEITURA] - Veículos
marcador-1033,[PREFEITURA] - Veículos,ATUALIZAÇÃO 11/08/2026,,,,sem_data,,,,,,,mapa,,,LOCALIZAÇÃO: | �ｻｿTITULO;DATA;MARCADOR;DESCRIÇÃO;LOCALIZAÇÃO: [PREFEITURA] - Veículos
marcador-1034,[ÓRGÃO PÚBLICO] - DETRAN - Veículos,ATUALIZAÇÃO 11/08/2026,,,,sem_data,,,,,,,mapa,,,LOCALIZAÇÃO: | �ｻｿTITULO;DATA;MARCADOR;DESCRIÇÃO;LOCALIZAÇÃO: [ÓRGÃO PÚBLICO] - DETRAN - Veículos
marcador-1035,[ÓRGÃO PÚBLICO] - DETRAN - Sucatas - Belo Horizonte / MG,ATUALIZAÇÃO 11/08/2026,2026-08-17,17/08/2026,05:00,passado,MG,Rodovia Anel Rodoviário Celso Mello Azevedo,,,https://leilao.detran.mg.gov.br/lotes/lista-lotes/3220/2026,,mapa,,,https://leilao.detran.mg.gov.br/lotes/lista-lotes/3220/2026
marcador-1036,[ÓRGÃO PÚBLICO] - DETRAN - Sucatas - Belo Horizonte / MG,ATUALIZAÇÃO 11/08/2026,2026-08-17,17/08/2026,05:00,passado,MG,Avenida Haydée Abras Homssi,,,https://leilao.detran.mg.gov.br/lotes/lista-lotes/3222/2026,,mapa,,,https://leilao.detran.mg.gov.br/lotes/lista-lotes/3222/2026
marcador-1037,[ÓRGÃO PÚBLICO] - DETRAN - Motos,ATUALIZAÇÃO 11/08/2026,,,,sem_data,,,,,,,mapa,,,LOCALIZAÇÃO: | �ｻｿTITULO;DATA;MARCADOR;DESCRIÇÃO;LOCALIZAÇÃO: [ÓRGÃO PÚBLICO] - DETRAN - Motos
marcador-1038,[ÓRGÃO PÚBLICO] - DETRAN - Motos,ATUALIZAÇÃO 11/08/2026,,,,sem_data,,,,,,,mapa,,,LOCALIZAÇÃO: | �ｻｿTITULO;DATA;MARCADOR;DESCRIÇÃO;LOCALIZAÇÃO: [ÓRGÃO PÚBLICO] - DETRAN - Motos
marcador-1039,[ÓRGÃO PÚBLICO] - DETRAN - Motos,ATUALIZAÇÃO 11/08/2026,,,,sem_data,,,,,,,mapa,,,LOCALIZAÇÃO: | �ｻｿTITULO;DATA;MARCADOR;DESCRIÇÃO;LOCALIZAÇÃO: [ÓRGÃO PÚBLICO] - DETRAN - Motos
marcador-1040,[ÓRGÃO PÚBLICO] - DETRAN - Motos,ATUALIZAÇÃO 11/08/2026,,,,sem_data,,,,,,,mapa,,,LOCALIZAÇÃO: | �ｻｿTITULO;DATA;MARCADOR;DESCRIÇÃO;LOCALIZAÇÃO: [ÓRGÃO PÚBLICO] - DETRAN - Motos
marcador-1041,[ÓRGÃO PÚBLICO] - DETRAN - Veículos,ATUALIZAÇÃO 11/08/2026,,,,sem_data,,,,,,,mapa,,,LOCALIZAÇÃO: | �ｻｿTITULO;DATA;MARCADOR;DESCRIÇÃO;LOCALIZAÇÃO: [ÓRGÃO PÚBLICO] - DETRAN - Veículos
marcador-1042,[ÓRGÃO PÚBLICO] - DETRAN - Motos,ATUALIZAÇÃO 11/08/2026,,,,sem_data,,,,,,,mapa,,,LOCALIZAÇÃO: | �ｻｿTITULO;DATA;MARCADOR;DESCRIÇÃO;LOCALIZAÇÃO: [ÓRGÃO PÚBLICO] - DETRAN - Motos
marcador-1043,[ÓRGÃO PÚBLICO] - MPES - Produtos,ATUALIZAÇÃO 11/08/2026,,,,sem_data,,,,,,,mapa,,,LOCALIZAÇÃO: | �ｻｿTITULO;DATA;MARCADOR;DESCRIÇÃO;LOCALIZAÇÃO: [ÓRGÃO PÚBLICO] - MPES - Produtos
marcador-1044,[ÓRGÃO PÚBLICO] - MPES - Produtos,ATUALIZAÇÃO 11/08/2026,,,,sem_data,,,,,,,mapa,,,LOCALIZAÇÃO: | �ｻｿTITULO;DATA;MARCADOR;DESCRIÇÃO;LOCALIZAÇÃO: [ÓRGÃO PÚBLICO] - MPES - Produtos
marcador-1045,[ÓRGÃO PÚBLICO] - DETRAN/BA - Sucatas - Feira de Santana / BA,ATUALIZAÇÃO 11/08/2026,2026-08-17,17/08/2026,05:00,passado,BA,Rua Arcolin,,,https://danielgarcialeiloes.com.br/leilao/7759/lotes,,mapa,,,https://danielgarcialeiloes.com.br/leilao/7759/lotes | OBSERVAÇÃO: LOTES EM DIFERENTES LOCAIS DO BRASIL.
marcador-1046,[ÓRGÃO PÚBLICO] - UFPR - Produtos,ATUALIZAÇÃO 11/08/2026,,,,sem_data,,,,,,,mapa,,,LOCALIZAÇÃO: | �ｻｿTITULO;DATA;MARCADOR;DESCRIÇÃO;LOCALIZAÇÃO: [ÓRGÃO PÚBLICO] - UFPR - Produtos
marcador-1047,[ÓRGÃO PÚBLICO] - DETRAN/BA - Motos,ATUALIZAÇÃO 11/08/2026,,,,sem_data,BA,,,,,,mapa,,,LOCALIZAÇÃO: | �ｻｿTITULO;DATA;MARCADOR;DESCRIÇÃO;LOCALIZAÇÃO: [ÓRGÃO PÚBLICO] - DETRAN/BA - Motos
marcador-1048,[ÓRGÃO PÚBLICO] - DETRAN/BA - Motos,ATUALIZAÇÃO 11/08/2026,,,,sem_data,BA,,,,,,mapa,,,LOCALIZAÇÃO: | �ｻｿTITULO;DATA;MARCADOR;DESCRIÇÃO;LOCALIZAÇÃO: [ÓRGÃO PÚBLICO] - DETRAN/BA - Motos
marcador-1049,[ÓRGÃO PÚBLICO] - DETRN/BA - Motos,ATUALIZAÇÃO 11/08/2026,,,,sem_data,BA,,,,,,mapa,,,LOCALIZAÇÃO: | �ｻｿTITULO;DATA;MARCADOR;DESCRIÇÃO;LOCALIZAÇÃO: [ÓRGÃO PÚBLICO] - DETRN/BA - Motos
marcador-1050,[ÓRGÃO PÚBLICO] - RECEITA FEDERAL - Veículos,ATUALIZAÇÃO 11/08/2026,,,,sem_data,,,,,,,mapa,,,LOCALIZAÇÃO: | �ｻｿTITULO;DATA;MARCADOR;DESCRIÇÃO;LOCALIZAÇÃO: [ÓRGÃO PÚBLICO] - RECEITA FEDERAL - Veículos
marcador-1051,[ÓRGÃO PÚBLICO] - RECEITA FEDERAL - Produtos - Mesquita / RJ,ATUALIZAÇÃO 11/08/2026,2026-08-17,17/08/2026,05:00,passado,RJ,Rua Virgílio,,,https://www25.receita.fazenda.gov.br/sle-sociedade/portal/edital/700100/10/2026,,mapa,,,https://www25.receita.fazenda.gov.br/sle-sociedade/portal/edital/700100/10/2026
marcador-1052,[ÓRGÃO PÚBLICO] - CORREIOS - Veículos,ATUALIZAÇÃO 11/08/2026,,,,sem_data,,,,,,,mapa,,,LOCALIZAÇÃO: | �ｻｿTITULO;DATA;MARCADOR;DESCRIÇÃO;LOCALIZAÇÃO: [ÓRGÃO PÚBLICO] - CORREIOS - Veículos
marcador-1053,[SEGURADORA] - Sucatas - Rio de Janeiro / RJ,ATUALIZAÇÃO 11/08/2026,2026-08-17,17/08/2026,07:00,passado,RJ,Avenida Brasil,,,https://www.rogeriomenezes.com.br/leilao/1328,,mapa,,,https://www.rogeriomenezes.com.br/leilao/1328 | OBSERVAÇÃO: LEILÃO EM LOTEAMENTO
marcador-1054,[SEGURADORA] - Sucatas - Rio de Janeiro / RJ,ATUALIZAÇÃO 11/08/2026,2026-08-17,17/08/2026,07:00,passado,RJ,Avenida Brasil,,,https://www.rogeriomenezes.com.br/leilao/1270,,mapa,,,https://www.rogeriomenezes.com.br/leilao/1270 | OBSERVAÇÃO: LOTES EM DIFERENTES LOCAIS DO BRASIL.
marcador-1055,[PRODUTOS] - Produtos - São Bernardo do Campo / SP,ATUALIZAÇÃO 11/08/2026,2026-08-17,17/08/2026,08:00,passado,SP,09700-000 - São Bernardo do Campo - SP - Brasil,,,https://plazaleiloes.com.br/leilao/1021/lotes,,mapa,,,https://plazaleiloes.com.br/leilao/1021/lotes
marcador-1056,[PRODUTOS] - Produtos,ATUALIZAÇÃO 11/08/2026,,,,sem_data,,,,,,,mapa,,,LOCALIZAÇÃO: | �ｻｿTITULO;DATA;MARCADOR;DESCRIÇÃO;LOCALIZAÇÃO: [PRODUTOS] - Produtos
marcador-1057,[PRODUTOS] - Produtos - São Paulo / SP,ATUALIZAÇÃO 11/08/2026,2026-08-17,17/08/2026,08:00,passado,SP,Rua Vinte e Quatro de Maio,,,https://www.rivaldodantasleiloes.com.br/leilao.asp?Num=63400,,mapa,,,https://www.rivaldodantasleiloes.com.br/leilao.asp?Num=63400
marcador-1058,[PRODUTOS] - Produtos - São Paulo / SP,ATUALIZAÇÃO 11/08/2026,2026-08-17,17/08/2026,08:00,passado,SP,Rua Vinte e Quatro de Maio,,,https://www.rivaldodantasleiloes.com.br/leilao.asp?Num=63400,,mapa,,,https://www.rivaldodantasleiloes.com.br/leilao.asp?Num=63400
marcador-1059,[EMPRESA] - AUTORIDADE PORTUÁRIA DO RIO GRANDE DO SUL/RS - Embarcações - Pelotas / RS,ATUALIZAÇÃO 11/08/2026,2026-08-17,17/08/2026,09:00,passado,RS,96000-000 - Pelotas - RS - Brasil,,,https://www.monzonleiloes.com.br/evento/autoridade-portuaria-do-rio-grande-do-sul-rs-785065?searchType=opened&preOrderBy=orderByFirstOpenedOffers&pageNumber=1&pageSize=30&orderBy=lotNumber:asc;subLotNumber:asc,,mapa,,,https://www.monzonleiloes.com.br/evento/autoridade-portuaria-do-rio-grande-do-sul-rs-785065?searchType=opened&preOrderBy=orderByFirstOpenedOffers&pageNumber=1&pageSize=30&orderBy=lotNumber:asc;subLotNumber:asc
marcador-1060,[EMPRESA] - CASAS BAHIA - Produtos - Cabo de Santo Agostinho / PE,ATUALIZAÇÃO 11/08/2026,2026-08-17,17/08/2026,09:00,passado,PE,Rodovia BR 101 Sul,,,https://www.bolsadeleiloes.com.br/leilao/722,,mapa,,,https://www.bolsadeleiloes.com.br/leilao/722
marcador-1061,[EMPRESA] - Máquinas,ATUALIZAÇÃO 11/08/2026,,,,sem_data,,,,,,,mapa,,,LOCALIZAÇÃO: | �ｻｿTITULO;DATA;MARCADOR;DESCRIÇÃO;LOCALIZAÇÃO: [EMPRESA] - Máquinas
marcador-1062,[EMPRESA] - Produtos - São Joaquim de Bicas / MG,ATUALIZAÇÃO 11/08/2026,2026-08-17,17/08/2026,09:00,passado,MG,Rua Pernambuco - Tereza Cristina - 32920970 - São Joaquim de Bicas - MG - Brasil,,,https://www.bbmnetleiloes.com.br/evento/materiais-reciclaveis-separados-vidro-e-pneus-789968?searchType=opened&preOrderBy=orderByFirstOpenedOffers&pageNumber=1&pageSize=30&orderBy=lotNumber:asc;subLotNumber:asc,,mapa,,,https://www.bbmnetleiloes.com.br/evento/materiais-reciclaveis-separados-vidro-e-pneus-789968?searchType=opened&preOrderBy=orderByFirstOpenedOffers&pageNumber=1&pageSize=30&orderBy=lotNumber:asc;subLotNumber:asc
marcador-1063,[EMPRESA] - Veículos - Mogi das Cruzes / SP,ATUALIZAÇÃO 11/08/2026,2026-08-17,17/08/2026,09:00,passado,SP,08700-000 - Mogi das Cruzes - SP - Brasil,,,https://loopleiloes.com.br/eventos,,mapa,,,https://loopleiloes.com.br/eventos | OBSERVAÇÃO: LEILÃO EM LOTEAMENTO
marcador-1064,[EMPRESA] - Veículos - Mogi das Cruzes / SP,ATUALIZAÇÃO 11/08/2026,2026-08-17,17/08/2026,09:00,passado,SP,08700-000 - Mogi das Cruzes - SP - Brasil,,,https://loopleiloes.com.br/eventos,,mapa,,,https://loopleiloes.com.br/eventos
marcador-1065,[EMPRESA] - JUMASA AGRICOLA - Máquinas,ATUALIZAÇÃO 11/08/2026,,,,sem_data,,,,,,,mapa,,,LOCALIZAÇÃO: | �ｻｿTITULO;DATA;MARCADOR;DESCRIÇÃO;LOCALIZAÇÃO: [EMPRESA] - JUMASA AGRICOLA - Máquinas
marcador-1066,[PREFEITURA] - LEILÃO 2 - Sucatas - Duque de Caxias / RJ,ATUALIZAÇÃO 11/08/2026,2026-08-18,18/08/2026,04:00,passado,RJ,Estrada Camboatá,,,https://www.okleiloes.com.br/live-auctions/203,,mapa,,,https://www.okleiloes.com.br/live-auctions/203
marcador-1067,[PREFEITURA] - Sucatas - Duque de Caxias / RJ,ATUALIZAÇÃO 11/08/2026,2026-08-18,18/08/2026,04:00,passado,RJ,Estrada Camboatá,,,https://www.okleiloes.com.br/live-auctions/203,,mapa,,,https://www.okleiloes.com.br/live-auctions/203
marcador-1068,[PREFEITURA] - Motos,ATUALIZAÇÃO 11/08/2026,,,,sem_data,,,,,,,mapa,,,LOCALIZAÇÃO: | �ｻｿTITULO;DATA;MARCADOR;DESCRIÇÃO;LOCALIZAÇÃO: [PREFEITURA] - Motos
marcador-1069,[PREFEITURA] - Motos,ATUALIZAÇÃO 11/08/2026,,,,sem_data,,,,,,,mapa,,,LOCALIZAÇÃO: | �ｻｿTITULO;DATA;MARCADOR;DESCRIÇÃO;LOCALIZAÇÃO: [PREFEITURA] - Motos
marcador-1070,[PREFEITURA] - Ônibus,ATUALIZAÇÃO 11/08/2026,,,,sem_data,,,,,,,mapa,,,LOCALIZAÇÃO: | �ｻｿTITULO;DATA;MARCADOR;DESCRIÇÃO;LOCALIZAÇÃO: [PREFEITURA] - Ônibus
marcador-1071,[PREFEITURA] - Veículos,ATUALIZAÇÃO 11/08/2026,,,,sem_data,,,,,,,mapa,,,LOCALIZAÇÃO: | �ｻｿTITULO;DATA;MARCADOR;DESCRIÇÃO;LOCALIZAÇÃO: [PREFEITURA] - Veículos
marcador-1072,[PREFEITURA] - Veículos,ATUALIZAÇÃO 11/08/2026,,,,sem_data,,,,,,,mapa,,,LOCALIZAÇÃO: | �ｻｿTITULO;DATA;MARCADOR;DESCRIÇÃO;LOCALIZAÇÃO: [PREFEITURA] - Veículos
marcador-1073,[PREFEITURA] - Imóveis,ATUALIZAÇÃO 11/08/2026,,,,sem_data,,,,,,,mapa,,,LOCALIZAÇÃO: | �ｻｿTITULO;DATA;MARCADOR;DESCRIÇÃO;LOCALIZAÇÃO: [PREFEITURA] - Imóveis
marcador-1074,[PREFEITURA] - Ônibus,ATUALIZAÇÃO 11/08/2026,,,,sem_data,,,,,,,mapa,,,LOCALIZAÇÃO: | �ｻｿTITULO;DATA;MARCADOR;DESCRIÇÃO;LOCALIZAÇÃO: [PREFEITURA] - Ônibus
marcador-1075,[PREFEITURA] - Imóveis - Terra Boa / PR,ATUALIZAÇÃO 11/08/2026,2026-08-18,18/08/2026,04:00,passado,PR,87240-000 - Terra Boa - PR - Brasil,,,https://www.andreluizleiloes.com.br/evento/municipio-de-terra-boa-789494?searchType=opened&preOrderBy=orderByFirstOpenedOffers&pageNumber=1&pageSize=30&orderBy=lotNumber:asc;subLotNumber:asc,,mapa,,,https://www.andreluizleiloes.com.br/evento/municipio-de-terra-boa-789494?searchType=opened&preOrderBy=orderByFirstOpenedOffers&pageNumber=1&pageSize=30&orderBy=lotNumber:asc;subLotNumber:asc
marcador-1076,[PREFEITURA] - Sucatas,ATUALIZAÇÃO 11/08/2026,,,,sem_data,,,,,,,mapa,,,LOCALIZAÇÃO: | �ｻｿTITULO;DATA;MARCADOR;DESCRIÇÃO;LOCALIZAÇÃO: [PREFEITURA] - Sucatas
marcador-1077,[PREFEITURA] - Imóveis - Olímpia / SP,ATUALIZAÇÃO 11/08/2026,2026-08-18,18/08/2026,04:00,passado,SP,Rua Nove de Julho,,,https://drive.google.com/file/d/1nKE9HrOyjKmduRmJ672n1x1V9tb9zcrS/view?usp=drive_link,,mapa,,,https://drive.google.com/file/d/1nKE9HrOyjKmduRmJ672n1x1V9tb9zcrS/view?usp=drive_link
marcador-1078,[PREFEITURA] - Veículos,ATUALIZAÇÃO 11/08/2026,,,,sem_data,,,,,,,mapa,,,LOCALIZAÇÃO: | �ｻｿTITULO;DATA;MARCADOR;DESCRIÇÃO;LOCALIZAÇÃO: [PREFEITURA] - Veículos
marcador-1079,[PREFEITURA] - Imóveis,ATUALIZAÇÃO 11/08/2026,,,,sem_data,,,,,,,mapa,,,LOCALIZAÇÃO: | �ｻｿTITULO;DATA;MARCADOR;DESCRIÇÃO;LOCALIZAÇÃO: [PREFEITURA] - Imóveis
marcador-1080,[PREFEITURA] - Sucatas,ATUALIZAÇÃO 11/08/2026,,,,sem_data,,,,,,,mapa,,,LOCALIZAÇÃO: | �ｻｿTITULO;DATA;MARCADOR;DESCRIÇÃO;LOCALIZAÇÃO: [PREFEITURA] - Sucatas
marcador-1081,[PREFEITURA] - Máquinas - Iraceminha / SC,ATUALIZAÇÃO 11/08/2026,2026-08-18,18/08/2026,04:00,passado,SC,89891-000 - Iraceminha - SC - Brasil,,,https://www.eckertleiloes.com.br/evento/municipio-de-iraceminha-sc-784277?searchType=opened&preOrderBy=orderByFirstOpenedOffers&pageNumber=1&pageSize=30&orderBy=lotNumber:asc;subLotNumber:asc&,,mapa,,,https://www.eckertleiloes.com.br/evento/municipio-de-iraceminha-sc-784277?searchType=opened&preOrderBy=orderByFirstOpenedOffers&pageNumber=1&pageSize=30&orderBy=lotNumber:asc;subLotNumber:asc&
marcador-1082,[ÓRGÃO PÚBLICO] - DETRAN 4 - Motos,ATUALIZAÇÃO 11/08/2026,,,,sem_data,,,,,,,mapa,,,LOCALIZAÇÃO: | �ｻｿTITULO;DATA;MARCADOR;DESCRIÇÃO;LOCALIZAÇÃO: [ÓRGÃO PÚBLICO] - DETRAN 4 - Motos
marcador-1083,[ÓRGÃO PÚBLICO] - DETRAN 3 - Motos,ATUALIZAÇÃO 11/08/2026,,,,sem_data,,,,,,,mapa,,,LOCALIZAÇÃO: | �ｻｿTITULO;DATA;MARCADOR;DESCRIÇÃO;LOCALIZAÇÃO: [ÓRGÃO PÚBLICO] - DETRAN 3 - Motos
marcador-1084,[ÓRGÃO PÚBLICO] - DETRAN 2 - Veículos,ATUALIZAÇÃO 11/08/2026,,,,sem_data,,,,,,,mapa,,,LOCALIZAÇÃO: | �ｻｿTITULO;DATA;MARCADOR;DESCRIÇÃO;LOCALIZAÇÃO: [ÓRGÃO PÚBLICO] - DETRAN 2 - Veículos
marcador-1085,[ÓRGÃO PÚBLICO] - DETRAN - Motos,ATUALIZAÇÃO 11/08/2026,,,,sem_data,,,,,,,mapa,,,LOCALIZAÇÃO: | �ｻｿTITULO;DATA;MARCADOR;DESCRIÇÃO;LOCALIZAÇÃO: [ÓRGÃO PÚBLICO] - DETRAN - Motos
marcador-1086,[ÓRGÃO PÚBLICO] - DETRAN/BA - Sucatas - Irecê / BA,ATUALIZAÇÃO 11/08/2026,2026-08-18,18/08/2026,05:00,passado,BA,Avenida Primeiro de Janeiro,,,https://www.rjleiloes.com.br/leilao/4773/lotes,,mapa,,,https://www.rjleiloes.com.br/leilao/4773/lotes
marcador-1087,[ÓRGÃO PÚBLICO] - SEPLAG - Motos,ATUALIZAÇÃO 11/08/2026,,,,sem_data,,,,,,,mapa,,,LOCALIZAÇÃO: | �ｻｿTITULO;DATA;MARCADOR;DESCRIÇÃO;LOCALIZAÇÃO: [ÓRGÃO PÚBLICO] - SEPLAG - Motos
marcador-1088,[FINANCEIRA] - Veículos,ATUALIZAÇÃO 11/08/2026,,,,sem_data,,,,,,,mapa,,,LOCALIZAÇÃO: | �ｻｿTITULO;DATA;MARCADOR;DESCRIÇÃO;LOCALIZAÇÃO: [FINANCEIRA] - Veículos
marcador-1089,[FINANCEIRA] - Veículos,ATUALIZAÇÃO 11/08/2026,,,,sem_data,,,,,,,mapa,,,LOCALIZAÇÃO: | �ｻｿTITULO;DATA;MARCADOR;DESCRIÇÃO;LOCALIZAÇÃO: [FINANCEIRA] - Veículos
marcador-1090,[SEGURADORA] - Veículos - Belo Horizonte / MG,ATUALIZAÇÃO 11/08/2026,2026-08-18,18/08/2026,07:00,passado,MG,Rua Campo Mourão,,,https://www.casaleiloeira.com.br/evento/veiculos-sinistrados-recuperaveis-784997?searchType=opened&preOrderBy=orderByFirstOpenedOffers&pageNumber=1&pageSize=30&orderBy=lotNumber:asc;subLotNumber:asc&,,mapa,,,https://www.casaleiloeira.com.br/evento/veiculos-sinistrados-recuperaveis-784997?searchType=opened&preOrderBy=orderByFirstOpenedOffers&pageNumber=1&pageSize=30&orderBy=lotNumber:asc;subLotNumber:asc&
marcador-1091,[FINANCEIRA] - Produtos - Pato Branco / PR,ATUALIZAÇÃO 11/08/2026,2026-08-18,18/08/2026,07:00,passado,PR,Rua Parigot de Souza,,,https://www.simonleiloes.com.br/leiloes/leilao-extrajudicial-sicredi-554,,mapa,,,https://www.simonleiloes.com.br/leiloes/leilao-extrajudicial-sicredi-554
marcador-1092,[FINANCEIRA] - Equipamentos - Toledo / PR,ATUALIZAÇÃO 11/08/2026,2026-08-18,18/08/2026,07:00,passado,PR,Rua Santos Dumont,,,https://www.jmleiloes.leilao.br/evento/corporativo-790410?searchType=opened&preOrderBy=orderByFirstOpenedOffers&pageNumber=1&pageSize=30&orderBy=lotNumber:asc;subLotNumber:asc,,mapa,,,https://www.jmleiloes.leilao.br/evento/corporativo-790410?searchType=opened&preOrderBy=orderByFirstOpenedOffers&pageNumber=1&pageSize=30&orderBy=lotNumber:asc;subLotNumber:asc | OBSERVAÇÃO: LOTES EM DIFERENTES LOCAIS DO BRASIL.
marcador-1093,[PRODUTOS] - Produtos - Itapevi / SP,ATUALIZAÇÃO 11/08/2026,2026-08-18,18/08/2026,08:00,passado,SP,06650-000 - Itapevi - SP - Brasil,,,https://www.nextleiloes.com.br/evento/leilao-de-eletroeletronicos-e-equipammentos-790328?searchType=opened&preOrderBy=orderByFirstOpenedOffers&pageNumber=1&pageSize=30&orderBy=lotNumber:asc;subLotNumber:asc,,mapa,,,https://www.nextleiloes.com.br/evento/leilao-de-eletroeletronicos-e-equipammentos-790328?searchType=opened&preOrderBy=orderByFirstOpenedOffers&pageNumber=1&pageSize=30&orderBy=lotNumber:asc;subLotNumber:asc
marcador-1094,[ÓRGÃO PÚBLICO] - Produtos - Contagem / MG,ATUALIZAÇÃO 11/08/2026,2026-08-18,18/08/2026,08:00,passado,MG,Rua Doutor Antônio de Carvalho Lage,,,https://www.goldenlance.com.br/eventos/leilao/178/grande-leilao-das-casas-bahia?page=1,,mapa,,,https://www.goldenlance.com.br/eventos/leilao/178/grande-leilao-das-casas-bahia?page=1
marcador-1095,[EMPRESA] - TEC E GAMES BH - Produtos - Belo Horizonte / MG,ATUALIZAÇÃO 11/08/2026,2026-08-18,18/08/2026,09:00,passado,MG,Rodovia Anel Rodoviário Celso Mello Azevedo,,,https://www.bolsadeleiloes.com.br/leilao/729,,mapa,,,https://www.bolsadeleiloes.com.br/leilao/729
marcador-1096,[EMPRESA] - CASAS BAHIA - Produtos - Camaçari / BA,ATUALIZAÇÃO 11/08/2026,2026-08-18,18/08/2026,09:00,passado,BA,RODOVIA BA 535,,,https://www.bolsadeleiloes.com.br/leilao/721,,mapa,,,https://www.bolsadeleiloes.com.br/leilao/721
marcador-1097,[EMPRESA] - Produtos,ATUALIZAÇÃO 11/08/2026,,,,sem_data,,,,,,,mapa,,,LOCALIZAÇÃO: | �ｻｿTITULO;DATA;MARCADOR;DESCRIÇÃO;LOCALIZAÇÃO: [EMPRESA] - Produtos
marcador-1098,[EMPRESA] - ALUMAR - Produtos - São Paulo / SP,ATUALIZAÇÃO 11/08/2026,2026-08-18,18/08/2026,09:00,passado,SP,Avenida Nove de Julho,,,https://mercado.bomvalor.com.br/maquinas-e-equipamentos/partes-e-pecas-mro/pecas-de-reposicao-industriais-diversas-125931,,mapa,,,https://mercado.bomvalor.com.br/maquinas-e-equipamentos/partes-e-pecas-mro/pecas-de-reposicao-industriais-diversas-125931
marcador-1099,[EMPRESA] - Equipamentos - Goiânia / GO,ATUALIZAÇÃO 11/08/2026,2026-08-18,18/08/2026,09:00,passado,GO,74000-000 - Goiânia - GO - Brasil,,,https://mercado.bomvalor.com.br/perfuratrizes-direcional-horizontal-36316,,mapa,,,https://mercado.bomvalor.com.br/perfuratrizes-direcional-horizontal-36316
marcador-1100,[EMPRESA] - Equipamentos - Dois Vizinhos / PR,ATUALIZAÇÃO 11/08/2026,2026-08-18,18/08/2026,09:00,passado,PR,85660-000 - Dois Vizinhos - PR - Brasil,,,https://www.jmleiloes.leilao.br/evento/corporativo-790410?searchType=opened&preOrderBy=orderByFirstOpenedOffers&pageNumber=1&pageSize=30&orderBy=lotNumber:asc;subLotNumber:asc&,,mapa,,,https://www.jmleiloes.leilao.br/evento/corporativo-790410?searchType=opened&preOrderBy=orderByFirstOpenedOffers&pageNumber=1&pageSize=30&orderBy=lotNumber:asc;subLotNumber:asc&
marcador-1101,[EMPRESA] - Veículos - Mogi das Cruzes / SP,ATUALIZAÇÃO 11/08/2026,2026-08-18,18/08/2026,09:00,passado,SP,08700-000 - Mogi das Cruzes - SP - Brasil,,,https://loopleiloes.com.br/eventos,,mapa,,,https://loopleiloes.com.br/eventos | OBSERVAÇÃO: LEILAO EM LOEAMENTO
marcador-1102,[EMPRESA] - AMOSC - Veículos - Chapecó / SC,ATUALIZAÇÃO 11/08/2026,2026-08-18,18/08/2026,09:00,passado,SC,Avenida Getúlio Dorneles Vargas - S,,,https://www.eckertleiloes.com.br/evento/amosc-790403?searchType=opened&preOrderBy=orderByFirstOpenedOffers&pageNumber=1&pageSize=30&orderBy=lotNumber:asc;subLotNumber:asc,,mapa,,,https://www.eckertleiloes.com.br/evento/amosc-790403?searchType=opened&preOrderBy=orderByFirstOpenedOffers&pageNumber=1&pageSize=30&orderBy=lotNumber:asc;subLotNumber:asc
marcador-1103,[EMPRESA] - JDF LTDA - Produtos - Belo Horizonte / MG,ATUALIZAÇÃO 11/08/2026,2026-08-18,18/08/2026,09:00,passado,MG,Rua Menotti Muccelli,,,https://www.alvesleiloes.com.br/leilao/251/lotes,,mapa,,,https://www.alvesleiloes.com.br/leilao/251/lotes
marcador-1104,[EMPRESA] JDF LTDA - PRODUTOS - Belo Horizonte - MG,ATUALIZAÇÃO 11/08/2026,2026-08-18,18/08/2026,09:00,passado,MG,R. Menotti Muccelli,,,https://www.alvesleiloes.com.br/leilao/251/lotes,,mapa,,,https://www.alvesleiloes.com.br/leilao/251/lotes
marcador-1105,[PREFEITURA] - Ônibus,ATUALIZAÇÃO 11/08/2026,,,,sem_data,,,,,,,mapa,,,LOCALIZAÇÃO: | �ｻｿTITULO;DATA;MARCADOR;DESCRIÇÃO;LOCALIZAÇÃO: [PREFEITURA] - Ônibus
marcador-1106,[PREFEITURA] - Caminhões,ATUALIZAÇÃO 11/08/2026,,,,sem_data,,,,,,,mapa,,,LOCALIZAÇÃO: | �ｻｿTITULO;DATA;MARCADOR;DESCRIÇÃO;LOCALIZAÇÃO: [PREFEITURA] - Caminhões
marcador-1107,[PREFEITURA] - Veículos,ATUALIZAÇÃO 11/08/2026,,,,sem_data,,,,,,,mapa,,,LOCALIZAÇÃO: | �ｻｿTITULO;DATA;MARCADOR;DESCRIÇÃO;LOCALIZAÇÃO: [PREFEITURA] - Veículos
marcador-1108,[PREFEITURA] - Motos,ATUALIZAÇÃO 11/08/2026,,,,sem_data,,,,,,,mapa,,,LOCALIZAÇÃO: | �ｻｿTITULO;DATA;MARCADOR;DESCRIÇÃO;LOCALIZAÇÃO: [PREFEITURA] - Motos
marcador-1109,[PREFEITURA] - Veículos,ATUALIZAÇÃO 11/08/2026,,,,sem_data,,,,,,,mapa,,,LOCALIZAÇÃO: | �ｻｿTITULO;DATA;MARCADOR;DESCRIÇÃO;LOCALIZAÇÃO: [PREFEITURA] - Veículos
marcador-1110,[PREFEITURA] - Veículos,ATUALIZAÇÃO 11/08/2026,,,,sem_data,,,,,,,mapa,,,LOCALIZAÇÃO: | �ｻｿTITULO;DATA;MARCADOR;DESCRIÇÃO;LOCALIZAÇÃO: [PREFEITURA] - Veículos
marcador-1111,[PREFEITURA] - Veículos,ATUALIZAÇÃO 11/08/2026,,,,sem_data,,,,,,,mapa,,,LOCALIZAÇÃO: | �ｻｿTITULO;DATA;MARCADOR;DESCRIÇÃO;LOCALIZAÇÃO: [PREFEITURA] - Veículos
marcador-1112,[PREFEITURA] - Produtos,ATUALIZAÇÃO 11/08/2026,,,,sem_data,,,,,,,mapa,,,LOCALIZAÇÃO: | �ｻｿTITULO;DATA;MARCADOR;DESCRIÇÃO;LOCALIZAÇÃO: [PREFEITURA] - Produtos
marcador-1113,[PREFEITURA] - Imóveis - Loanda / PR,ATUALIZAÇÃO 11/08/2026,2026-08-19,19/08/2026,04:00,passado,PR,Rua Mato Grosso,,,https://drive.google.com/file/d/1L4wxPWmpxPqEmp-xkXbuEEAywHnKZs31/view?usp=drive_link,,mapa,,,https://drive.google.com/file/d/1L4wxPWmpxPqEmp-xkXbuEEAywHnKZs31/view?usp=drive_link | OBSERVAÇÃO: LOTES EM DIFERENTES LOCAIS DA CIDADE.
marcador-1114,[PREFEITURA] - Sucatas - Wenceslau Braz / PR,ATUALIZAÇÃO 11/08/2026,2026-08-19,19/08/2026,04:00,passado,PR,Rua Expedicionários,,,https://rochaleiloes.com.br/leilao/6149/lotes,,mapa,,,https://rochaleiloes.com.br/leilao/6149/lotes
marcador-1115,[PREFEITURA] - Ônibus,ATUALIZAÇÃO 11/08/2026,,,,sem_data,,,,,,,mapa,,,LOCALIZAÇÃO: | �ｻｿTITULO;DATA;MARCADOR;DESCRIÇÃO;LOCALIZAÇÃO: [PREFEITURA] - Ônibus
marcador-1116,[PREFEITURA] - Vans,ATUALIZAÇÃO 11/08/2026,,,,sem_data,,,,,,,mapa,,,LOCALIZAÇÃO: | �ｻｿTITULO;DATA;MARCADOR;DESCRIÇÃO;LOCALIZAÇÃO: [PREFEITURA] - Vans
marcador-1117,[PREFEITURA] - Imóveis - Poços de Caldas / MG,ATUALIZAÇÃO 11/08/2026,2026-08-19,19/08/2026,04:00,passado,MG,Avenida Mansur Frayha,,,https://drive.google.com/file/d/1LStBa5DVWh8YGQ3vA18qK1X5h5U3ynBk/view?usp=drive_link,,mapa,,,https://drive.google.com/file/d/1LStBa5DVWh8YGQ3vA18qK1X5h5U3ynBk/view?usp=drive_link
marcador-1118,[PREFEITURA] - Veículos,ATUALIZAÇÃO 11/08/2026,,,,sem_data,,,,,,,mapa,,,LOCALIZAÇÃO: | �ｻｿTITULO;DATA;MARCADOR;DESCRIÇÃO;LOCALIZAÇÃO: [PREFEITURA] - Veículos
marcador-1119,[PREFEITURA] - Ônibus - Trabiju / SP,ATUALIZAÇÃO 11/08/2026,2026-08-19,19/08/2026,04:00,passado,SP,14935-000 - Trabiju - SP - Brasil,,,https://drive.google.com/file/d/19FgQrYbE61EF5vCLqW2l9hdUxuYgNbf7/view?usp=drive_link,,mapa,,,https://drive.google.com/file/d/19FgQrYbE61EF5vCLqW2l9hdUxuYgNbf7/view?usp=drive_link
marcador-1120,[PREFEITURA] - Veículos,ATUALIZAÇÃO 11/08/2026,,,,sem_data,,,,,,,mapa,,,LOCALIZAÇÃO: | �ｻｿTITULO;DATA;MARCADOR;DESCRIÇÃO;LOCALIZAÇÃO: [PREFEITURA] - Veículos
marcador-1121,[PREFEITURA] - Produtos,ATUALIZAÇÃO 11/08/2026,,,,sem_data,,,,,,,mapa,,,LOCALIZAÇÃO: | �ｻｿTITULO;DATA;MARCADOR;DESCRIÇÃO;LOCALIZAÇÃO: [PREFEITURA] - Produtos
marcador-1122,[PREFEITURA] - Produtos,ATUALIZAÇÃO 11/08/2026,,,,sem_data,,,,,,,mapa,,,LOCALIZAÇÃO: | �ｻｿTITULO;DATA;MARCADOR;DESCRIÇÃO;LOCALIZAÇÃO: [PREFEITURA] - Produtos
marcador-1123,[PREFEITURA] - ÔNIBUS - Trabiju - SP,ATUALIZAÇÃO 11/08/2026,2026-08-19,19/08/2026,04:00,passado,SP,Trabiju,,,https://drive.google.com/file/d/19FgQrYbE61EF5vCLqW2l9hdUxuYgNbf7/view?usp=drive_link,,mapa,,,https://drive.google.com/file/d/19FgQrYbE61EF5vCLqW2l9hdUxuYgNbf7/view?usp=drive_link •
marcador-1124,[ÓRGÃO PÚBLICO] - PF - Motos,ATUALIZAÇÃO 11/08/2026,,,,sem_data,,,,,,,mapa,,,LOCALIZAÇÃO: | �ｻｿTITULO;DATA;MARCADOR;DESCRIÇÃO;LOCALIZAÇÃO: [ÓRGÃO PÚBLICO] - PF - Motos
marcador-1125,[FINANCEIRA] - Veículos,ATUALIZAÇÃO 11/08/2026,,,,sem_data,,,,,,,mapa,,,LOCALIZAÇÃO: | �ｻｿTITULO;DATA;MARCADOR;DESCRIÇÃO;LOCALIZAÇÃO: [FINANCEIRA] - Veículos
marcador-1126,[SEGURADORA] - Veículos,ATUALIZAÇÃO 11/08/2026,,,,sem_data,,,,,,,mapa,,,LOCALIZAÇÃO: | �ｻｿTITULO;DATA;MARCADOR;DESCRIÇÃO;LOCALIZAÇÃO: [SEGURADORA] - Veículos
marcador-1127,[FINANCEIRA] - Motos,ATUALIZAÇÃO 11/08/2026,,,,sem_data,,,,,,,mapa,,,LOCALIZAÇÃO: | �ｻｿTITULO;DATA;MARCADOR;DESCRIÇÃO;LOCALIZAÇÃO: [FINANCEIRA] - Motos
marcador-1128,[FINANCEIRA] - Veículos,ATUALIZAÇÃO 11/08/2026,,,,sem_data,,,,,,,mapa,,,LOCALIZAÇÃO: | �ｻｿTITULO;DATA;MARCADOR;DESCRIÇÃO;LOCALIZAÇÃO: [FINANCEIRA] - Veículos
marcador-1129,[FINANCEIRA] - Veículos - Toledo / PR,ATUALIZAÇÃO 11/08/2026,2026-08-19,19/08/2026,07:00,passado,PR,85900-001 - Toledo - PR - Brasil,,,https://www.jmleiloes.leilao.br/evento/corporativo-790566?searchType=opened&preOrderBy=orderByFirstOpenedOffers&pageNumber=1&pageSize=30&orderBy=lotNumber:asc;subLotNumber:asc,,mapa,,,https://www.jmleiloes.leilao.br/evento/corporativo-790566?searchType=opened&preOrderBy=orderByFirstOpenedOffers&pageNumber=1&pageSize=30&orderBy=lotNumber:asc;subLotNumber:asc
marcador-1130,[PRODUTOS] - Equipamentos,ATUALIZAÇÃO 11/08/2026,,,,sem_data,,,,,,,mapa,,,LOCALIZAÇÃO: | �ｻｿTITULO;DATA;MARCADOR;DESCRIÇÃO;LOCALIZAÇÃO: [PRODUTOS] - Equipamentos
marcador-1131,[EMPRESA] - CSA FERRAMENTAS - Equipamentos,ATUALIZAÇÃO 11/08/2026,,,,sem_data,,,,,,,mapa,,,LOCALIZAÇÃO: | �ｻｿTITULO;DATA;MARCADOR;DESCRIÇÃO;LOCALIZAÇÃO: [EMPRESA] - CSA FERRAMENTAS - Equipamentos
marcador-1132,[EMPRESA] - SUPERNOSSO - Equipamentos,ATUALIZAÇÃO 11/08/2026,,,,sem_data,,,,,,,mapa,,,LOCALIZAÇÃO: | �ｻｿTITULO;DATA;MARCADOR;DESCRIÇÃO;LOCALIZAÇÃO: [EMPRESA] - SUPERNOSSO - Equipamentos
marcador-1133,[EMPRESA] - CASAS BAHIA - Produtos - São José dos Pinhais / PR,ATUALIZAÇÃO 11/08/2026,2026-08-19,19/08/2026,09:00,passado,PR,Rua Sílvio Pinto Ribeiro,,,https://www.bolsadeleiloes.com.br/leilao/717,,mapa,,,https://www.bolsadeleiloes.com.br/leilao/717
marcador-1134,[EMPRESA] - V2RM - Caminhões - São Vicente / SP,ATUALIZAÇÃO 11/08/2026,2026-08-19,19/08/2026,09:00,passado,SP,Rua Frei Gaspar - Centro - 11310-060 - São Vicente - SP - Brasil,,,https://www.dantasleiloes.com.br/evento/empilhadeira-terex-capacidade-45t-790491?searchType=opened&preOrderBy=orderByFirstOpenedOffers&pageNumber=1&pageSize=30&orderBy=lotNumber:asc;subLotNumber:asc,,mapa,,,https://www.dantasleiloes.com.br/evento/empilhadeira-terex-capacidade-45t-790491?searchType=opened&preOrderBy=orderByFirstOpenedOffers&pageNumber=1&pageSize=30&orderBy=lotNumber:asc;subLotNumber:asc
marcador-1135,[EMPRESA] - Vans - Niterói / RJ,ATUALIZAÇÃO 11/08/2026,2026-08-19,19/08/2026,09:00,passado,RJ,Rua Pendotiba,,,https://eblonline.com.br/lotes/325?page=1&size=6&removerEncerrados=false,,mapa,,,https://eblonline.com.br/lotes/325?page=1&size=6&removerEncerrados=false
marcador-1136,[FINANCEIRA] - Caminhões,ATUALIZAÇÃO 11/08/2026,,,,sem_data,,,,,,,mapa,,,LOCALIZAÇÃO: | �ｻｿTITULO;DATA;MARCADOR;DESCRIÇÃO;LOCALIZAÇÃO: [FINANCEIRA] - Caminhões
marcador-1137,[FINANCEIRA] - Laranjeiras do Sul / PR,ATUALIZAÇÃO 11/08/2026,2026-08-19,19/08/2026,09:00,passado,PR,85300000 - Laranjeiras do Sul - PR - Brasil,,,https://www.eckertleiloes.com.br/evento/leilao-corporativo-ativos-de-empresas-784757?searchType=opened&preOrderBy=orderByFirstOpenedOffers&pageNumber=1&pageSize=30&orderBy=lotNumber:asc;subLotNumber:asc,,mapa,,,https://www.eckertleiloes.com.br/evento/leilao-corporativo-ativos-de-empresas-784757?searchType=opened&preOrderBy=orderByFirstOpenedOffers&pageNumber=1&pageSize=30&orderBy=lotNumber:asc;subLotNumber:asc
marcador-1138,[FINANCEIRA] - Máquinas,ATUALIZAÇÃO 11/08/2026,,,,sem_data,,,,,,,mapa,,,LOCALIZAÇÃO: | �ｻｿTITULO;DATA;MARCADOR;DESCRIÇÃO;LOCALIZAÇÃO: [FINANCEIRA] - Máquinas
marcador-1139,[PREFEITURA] - Vans,ATUALIZAÇÃO 11/08/2026,,,,sem_data,,,,,,,mapa,,,LOCALIZAÇÃO: | �ｻｿTITULO;DATA;MARCADOR;DESCRIÇÃO;LOCALIZAÇÃO: [PREFEITURA] - Vans
marcador-1140,[PREFEITURA] - SEGES - Produtos,ATUALIZAÇÃO 11/08/2026,,,,sem_data,,,,,,,mapa,,,LOCALIZAÇÃO: | �ｻｿTITULO;DATA;MARCADOR;DESCRIÇÃO;LOCALIZAÇÃO: [PREFEITURA] - SEGES - Produtos
marcador-1141,[PREFEITURA] - Veículos,ATUALIZAÇÃO 11/08/2026,,,,sem_data,,,,,,,mapa,,,LOCALIZAÇÃO: | �ｻｿTITULO;DATA;MARCADOR;DESCRIÇÃO;LOCALIZAÇÃO: [PREFEITURA] - Veículos
marcador-1142,[PREFEITURA] - Veículos,ATUALIZAÇÃO 11/08/2026,,,,sem_data,,,,,,,mapa,,,LOCALIZAÇÃO: | �ｻｿTITULO;DATA;MARCADOR;DESCRIÇÃO;LOCALIZAÇÃO: [PREFEITURA] - Veículos
marcador-1143,[PREFEITURA] - Veículos,ATUALIZAÇÃO 11/08/2026,,,,sem_data,,,,,,,mapa,,,LOCALIZAÇÃO: | �ｻｿTITULO;DATA;MARCADOR;DESCRIÇÃO;LOCALIZAÇÃO: [PREFEITURA] - Veículos
marcador-1144,[ÓRGÃO PÚBLICO] - SEGES - Motos,ATUALIZAÇÃO 11/08/2026,,,,sem_data,,,,,,,mapa,,,LOCALIZAÇÃO: | �ｻｿTITULO;DATA;MARCADOR;DESCRIÇÃO;LOCALIZAÇÃO: [ÓRGÃO PÚBLICO] - SEGES - Motos
marcador-1145,[PREFEITURA] - Ônibus,ATUALIZAÇÃO 11/08/2026,,,,sem_data,,,,,,,mapa,,,LOCALIZAÇÃO: | �ｻｿTITULO;DATA;MARCADOR;DESCRIÇÃO;LOCALIZAÇÃO: [PREFEITURA] - Ônibus
marcador-1146,[PREFEITURA] - Motos,ATUALIZAÇÃO 11/08/2026,,,,sem_data,,,,,,,mapa,,,LOCALIZAÇÃO: | �ｻｿTITULO;DATA;MARCADOR;DESCRIÇÃO;LOCALIZAÇÃO: [PREFEITURA] - Motos
marcador-1147,[PREFEITURA] - Veículos,ATUALIZAÇÃO 11/08/2026,,,,sem_data,,,,,,,mapa,,,LOCALIZAÇÃO: | �ｻｿTITULO;DATA;MARCADOR;DESCRIÇÃO;LOCALIZAÇÃO: [PREFEITURA] - Veículos
marcador-1148,[PREFEITURA] - Veículos,ATUALIZAÇÃO 11/08/2026,,,,sem_data,,,,,,,mapa,,,LOCALIZAÇÃO: | �ｻｿTITULO;DATA;MARCADOR;DESCRIÇÃO;LOCALIZAÇÃO: [PREFEITURA] - Veículos
marcador-1149,[PREFEITURA] - Veículos,ATUALIZAÇÃO 11/08/2026,,,,sem_data,,,,,,,mapa,,,LOCALIZAÇÃO: | �ｻｿTITULO;DATA;MARCADOR;DESCRIÇÃO;LOCALIZAÇÃO: [PREFEITURA] - Veículos
marcador-1150,[ÓRGÃO PÚBLICO] - DETRAN - Sucatas - Mossoró / RN,ATUALIZAÇÃO 11/08/2026,2026-08-20,20/08/2026,05:00,passado,RN,Avenida Professor Gilberto Ferreira de Melo,,,https://www.lancecertoleiloes.com.br/leilao/200826SUC,,mapa,,,https://www.lancecertoleiloes.com.br/leilao/200826SUC | OBSERVAÇÃO: LOTES EM DIFERENTES LOCAIS DO BRASIL.
marcador-1151,[ÓRGÃO PÚBLICO] - DETRAN - Sucatas,ATUALIZAÇÃO 11/08/2026,,,,sem_data,,,,,,,mapa,,,LOCALIZAÇÃO: | �ｻｿTITULO;DATA;MARCADOR;DESCRIÇÃO;LOCALIZAÇÃO: [ÓRGÃO PÚBLICO] - DETRAN - Sucatas
marcador-1152,[EXÉRCITO] - 8° BATALHÃO - Veículos,ATUALIZAÇÃO 11/08/2026,,,,sem_data,,,,,,,mapa,,,LOCALIZAÇÃO: | �ｻｿTITULO;DATA;MARCADOR;DESCRIÇÃO;LOCALIZAÇÃO: [EXÉRCITO] - 8° BATALHÃO - Veículos
marcador-1153,[FINANCEIRA] - Veículos - Caçapava / SP,ATUALIZAÇÃO 11/08/2026,2026-08-20,20/08/2026,07:00,passado,SP,Rua Vereador Geraldo Nogueira da Silva,,,https://www.guariglialeiloes.com.br/leilao/815/lotes,,mapa,,,https://www.guariglialeiloes.com.br/leilao/815/lotes | OBSERVAÇÃO: LEILÃO EM LOTEAMENTO.
marcador-1154,[FINANCEIRA] - Máquinas,ATUALIZAÇÃO 11/08/2026,,,,sem_data,,,,,,,mapa,,,LOCALIZAÇÃO: | �ｻｿTITULO;DATA;MARCADOR;DESCRIÇÃO;LOCALIZAÇÃO: [FINANCEIRA] - Máquinas
marcador-1155,[PRODUTOS] - Produtos,ATUALIZAÇÃO 11/08/2026,,,,sem_data,,,,,,,mapa,,,LOCALIZAÇÃO: | �ｻｿTITULO;DATA;MARCADOR;DESCRIÇÃO;LOCALIZAÇÃO: [PRODUTOS] - Produtos
marcador-1156,[EMPRESA] - DELTA - Máquinas,ATUALIZAÇÃO 11/08/2026,,,,sem_data,,,,,,,mapa,,,LOCALIZAÇÃO: | �ｻｿTITULO;DATA;MARCADOR;DESCRIÇÃO;LOCALIZAÇÃO: [EMPRESA] - DELTA - Máquinas
marcador-1157,[PRODUTOS] - São Paulo / SP,ATUALIZAÇÃO 11/08/2026,2026-08-20,20/08/2026,08:00,passado,SP,Rua Cotoxó,,,https://www.lottileiloes.com.br/leilao/739/lotes,,mapa,,,https://www.lottileiloes.com.br/leilao/739/lotes
marcador-1158,[EMPRESA] - HOBI S/A MINERAﾃ�ﾃグ - Caminhões - União da Vitória / PR,ATUALIZAÇÃO 11/08/2026,2026-08-20,20/08/2026,09:00,passado,PR,84600-000 - União da Vitória - PR - Brasil,,,https://www.marangonileiloes.com.br/evento/hobi-s-a-mineracao-de-areia-e-concreto-790650?searchType=opened&preOrderBy=orderByFirstOpenedOffers&pageNumber=1&pageSize=30&orderBy=lotNumber:asc;subLotNumber:asc&,,mapa,,,https://www.marangonileiloes.com.br/evento/hobi-s-a-mineracao-de-areia-e-concreto-790650?searchType=opened&preOrderBy=orderByFirstOpenedOffers&pageNumber=1&pageSize=30&orderBy=lotNumber:asc;subLotNumber:asc&
marcador-1159,[EMPRESA] - Máquinas,ATUALIZAÇÃO 11/08/2026,,,,sem_data,,,,,,,mapa,,,LOCALIZAÇÃO: | �ｻｿTITULO;DATA;MARCADOR;DESCRIÇÃO;LOCALIZAÇÃO: [EMPRESA] - Máquinas
marcador-1160,[FINANCEIRA] - Máquinas - Toledo / PR,ATUALIZAÇÃO 11/08/2026,2026-08-20,20/08/2026,09:00,passado,PR,Rua Raimundo Leonardi - Centro - 85900-110 - Toledo - PR - Brasil,,,https://www.jmleiloes.leilao.br/evento/corporativo-784716?searchType=opened&preOrderBy=orderByFirstOpenedOffers&pageNumber=1&pageSize=30&orderBy=lotNumber:asc;subLotNumber:asc,,mapa,,,https://www.jmleiloes.leilao.br/evento/corporativo-784716?searchType=opened&preOrderBy=orderByFirstOpenedOffers&pageNumber=1&pageSize=30&orderBy=lotNumber:asc;subLotNumber:asc
marcador-1161,[FINANCEIRA] - Máquinas,ATUALIZAÇÃO 11/08/2026,,,,sem_data,,,,,,,mapa,,,LOCALIZAÇÃO: | �ｻｿTITULO;DATA;MARCADOR;DESCRIÇÃO;LOCALIZAÇÃO: [FINANCEIRA] - Máquinas
marcador-1162,[EMPRESA] - ALMEIDA - Caminhões,ATUALIZAÇÃO 11/08/2026,,,,sem_data,,,,,,,mapa,,,LOCALIZAÇÃO: | �ｻｿTITULO;DATA;MARCADOR;DESCRIÇÃO;LOCALIZAÇÃO: [EMPRESA] - ALMEIDA - Caminhões
marcador-1163,[PREFEITURA] - Veículos,ATUALIZAÇÃO 11/08/2026,,,,sem_data,,,,,,,mapa,,,LOCALIZAÇÃO: | �ｻｿTITULO;DATA;MARCADOR;DESCRIÇÃO;LOCALIZAÇÃO: [PREFEITURA] - Veículos
marcador-1164,[PREFEITURA] - Máquinas,ATUALIZAÇÃO 11/08/2026,,,,sem_data,,,,,,,mapa,,,LOCALIZAÇÃO: | �ｻｿTITULO;DATA;MARCADOR;DESCRIÇÃO;LOCALIZAÇÃO: [PREFEITURA] - Máquinas
marcador-1165,[PREFEITURA] - Ônibus,ATUALIZAÇÃO 11/08/2026,,,,sem_data,,,,,,,mapa,,,LOCALIZAÇÃO: | �ｻｿTITULO;DATA;MARCADOR;DESCRIÇÃO;LOCALIZAÇÃO: [PREFEITURA] - Ônibus
marcador-1166,[PREFEITURA] - Veículos,ATUALIZAÇÃO 11/08/2026,,,,sem_data,,,,,,,mapa,,,LOCALIZAÇÃO: | �ｻｿTITULO;DATA;MARCADOR;DESCRIÇÃO;LOCALIZAÇÃO: [PREFEITURA] - Veículos
marcador-1167,[PREFEITURA] - Máquinas,ATUALIZAÇÃO 11/08/2026,,,,sem_data,,,,,,,mapa,,,LOCALIZAÇÃO: | �ｻｿTITULO;DATA;MARCADOR;DESCRIÇÃO;LOCALIZAÇÃO: [PREFEITURA] - Máquinas
marcador-1168,[PREFEITURA] - Ônibus,ATUALIZAÇÃO 11/08/2026,,,,sem_data,,,,,,,mapa,,,LOCALIZAÇÃO: | �ｻｿTITULO;DATA;MARCADOR;DESCRIÇÃO;LOCALIZAÇÃO: [PREFEITURA] - Ônibus
marcador-1169,[PREFEITURA] - Veículos,ATUALIZAÇÃO 11/08/2026,,,,sem_data,,,,,,,mapa,,,LOCALIZAÇÃO: | �ｻｿTITULO;DATA;MARCADOR;DESCRIÇÃO;LOCALIZAÇÃO: [PREFEITURA] - Veículos
marcador-1170,[PREFEITURA] - Ônibus,ATUALIZAÇÃO 11/08/2026,,,,sem_data,,,,,,,mapa,,,LOCALIZAÇÃO: | �ｻｿTITULO;DATA;MARCADOR;DESCRIÇÃO;LOCALIZAÇÃO: [PREFEITURA] - Ônibus
marcador-1171,[PREFEITURA] - Caminhonetes,ATUALIZAÇÃO 11/08/2026,,,,sem_data,,,,,,,mapa,,,LOCALIZAÇÃO: | �ｻｿTITULO;DATA;MARCADOR;DESCRIÇÃO;LOCALIZAÇÃO: [PREFEITURA] - Caminhonetes
marcador-1172,[PREFEITURA] - Imóveis - Pará de Minas / MG,ATUALIZAÇÃO 11/08/2026,2026-08-21,21/08/2026,04:00,passado,MG,Praça Afonso Pena,,,https://www.bbmnetleiloes.com.br/evento/alienacao-de-40-bens-imoveis-municipio-para-de-mg-790150?searchType=opened&preOrderBy=orderByFirstOpenedOffers&pageNumber=1&pageSize=30&orderBy=lotNumber:asc;subLotNumber:asc,,mapa,,,https://www.bbmnetleiloes.com.br/evento/alienacao-de-40-bens-imoveis-municipio-para-de-mg-790150?searchType=opened&preOrderBy=orderByFirstOpenedOffers&pageNumber=1&pageSize=30&orderBy=lotNumber:asc;subLotNumber:asc | OBSERVAÇÃO: LOTES EM DIFERENTES LOCAIS DA CIDADE.
marcador-1173,[PREFEITURA] - Imóveis - Araxá / MG,ATUALIZAÇÃO 11/08/2026,2026-08-21,21/08/2026,04:00,passado,MG,38180-001 - Araxá - MG - Brasil,,,https://www.wellingtonsilvaleiloeiro.com.br/leilao/prefeitura-municipal-de-araxa/594/#Pagina=1&Index=1,,mapa,,,https://www.wellingtonsilvaleiloeiro.com.br/leilao/prefeitura-municipal-de-araxa/594/#Pagina=1&Index=1 | OBSERVAÇÃO: LOTES EM DIFERENTES LOCAIS DA CIDADE.
marcador-1174,[ÓRGÃO PÚBLICO] - Veículos,ATUALIZAÇÃO 11/08/2026,,,,sem_data,,,,,,,mapa,,,LOCALIZAÇÃO: | �ｻｿTITULO;DATA;MARCADOR;DESCRIÇÃO;LOCALIZAÇÃO: [ÓRGÃO PÚBLICO] - Veículos
marcador-1175,[ÓRGÃO PÚBLICO] - DETRAN/BA - Motos,ATUALIZAÇÃO 11/08/2026,,,,sem_data,BA,,,,,,mapa,,,LOCALIZAÇÃO: | �ｻｿTITULO;DATA;MARCADOR;DESCRIÇÃO;LOCALIZAÇÃO: [ÓRGÃO PÚBLICO] - DETRAN/BA - Motos
marcador-1176,[ÓRGÃO PÚBLICO] - DETRAN/BA - Motos,ATUALIZAÇÃO 11/08/2026,,,,sem_data,BA,,,,,,mapa,,,LOCALIZAÇÃO: | �ｻｿTITULO;DATA;MARCADOR;DESCRIÇÃO;LOCALIZAÇÃO: [ÓRGÃO PÚBLICO] - DETRAN/BA - Motos
marcador-1177,[ÓRGÃO PÚBLICO] - DETRAN/BA - Motos,ATUALIZAÇÃO 11/08/2026,,,,sem_data,BA,,,,,,mapa,,,LOCALIZAÇÃO: | �ｻｿTITULO;DATA;MARCADOR;DESCRIÇÃO;LOCALIZAÇÃO: [ÓRGÃO PÚBLICO] - DETRAN/BA - Motos
marcador-1178,[ÓRGÃO PÚBLICO] - DETRN/BA - Motos,ATUALIZAÇÃO 11/08/2026,,,,sem_data,BA,,,,,,mapa,,,LOCALIZAÇÃO: | �ｻｿTITULO;DATA;MARCADOR;DESCRIÇÃO;LOCALIZAÇÃO: [ÓRGÃO PÚBLICO] - DETRN/BA - Motos
marcador-1179,[ÓRGÃO PÚBLICO] - DETRAN/RN - 2 - Motos,ATUALIZAÇÃO 11/08/2026,,,,sem_data,RN,,,,,,mapa,,,LOCALIZAÇÃO: | �ｻｿTITULO;DATA;MARCADOR;DESCRIÇÃO;LOCALIZAÇÃO: [ÓRGÃO PÚBLICO] - DETRAN/RN - 2 - Motos
marcador-1180,[ÓRGÃO PÚBLICO] - PC - Sucatas,ATUALIZAÇÃO 11/08/2026,,,,sem_data,,,,,,,mapa,,,LOCALIZAÇÃO: | �ｻｿTITULO;DATA;MARCADOR;DESCRIÇÃO;LOCALIZAÇÃO: [ÓRGÃO PÚBLICO] - PC - Sucatas
marcador-1181,[ÓRGÃO PÚBLICO] - SEPLAG - Produtos,ATUALIZAÇÃO 11/08/2026,,,,sem_data,,,,,,,mapa,,,LOCALIZAÇÃO: | �ｻｿTITULO;DATA;MARCADOR;DESCRIÇÃO;LOCALIZAÇÃO: [ÓRGÃO PÚBLICO] - SEPLAG - Produtos
marcador-1182,[EXÉRCITO] - EMGEPRON - Veículos,ATUALIZAÇÃO 11/08/2026,,,,sem_data,,,,,,,mapa,,,LOCALIZAÇÃO: | �ｻｿTITULO;DATA;MARCADOR;DESCRIÇÃO;LOCALIZAÇÃO: [EXÉRCITO] - EMGEPRON - Veículos
marcador-1183,[PRODUTOS] - Produtos - São Bernardo do Campo / SP,ATUALIZAÇÃO 11/08/2026,2026-08-21,21/08/2026,08:00,passado,SP,Estrada dos Alvarengas,,,https://www.nossoleilao.com.br/leilao/830/lotes,,mapa,,,https://www.nossoleilao.com.br/leilao/830/lotes
marcador-1184,[EMPRESA] - Equipamentos,ATUALIZAÇÃO 11/08/2026,,,,sem_data,,,,,,,mapa,,,LOCALIZAÇÃO: | �ｻｿTITULO;DATA;MARCADOR;DESCRIÇÃO;LOCALIZAÇÃO: [EMPRESA] - Equipamentos
marcador-1185,[EMPRESA] - Produtos,ATUALIZAÇÃO 11/08/2026,,,,sem_data,,,,,,,mapa,,,LOCALIZAÇÃO: | �ｻｿTITULO;DATA;MARCADOR;DESCRIÇÃO;LOCALIZAÇÃO: [EMPRESA] - Produtos
marcador-1186,[EMPRESA] - LOTTI PEﾃ�AS - Equipamentos,ATUALIZAÇÃO 11/08/2026,,,,sem_data,,,,,,,mapa,,,LOCALIZAÇÃO: | �ｻｿTITULO;DATA;MARCADOR;DESCRIÇÃO;LOCALIZAÇÃO: [EMPRESA] - LOTTI PEﾃ�AS - Equipamentos
marcador-1187,[EMPRESA] - DG - Produtos,ATUALIZAÇÃO 11/08/2026,,,,sem_data,,,,,,,mapa,,,LOCALIZAÇÃO: | �ｻｿTITULO;DATA;MARCADOR;DESCRIÇÃO;LOCALIZAÇÃO: [EMPRESA] - DG - Produtos
marcador-1188,[SEGURADORA] - Veículos,ATUALIZAÇÃO 11/08/2026,,,,sem_data,,,,,,,mapa,,,LOCALIZAÇÃO: | �ｻｿTITULO;DATA;MARCADOR;DESCRIÇÃO;LOCALIZAÇÃO: [SEGURADORA] - Veículos
marcador-1189,[SEGURADORA] - VEÍCULOS/CAMINHONETES - Juatuba/MG,ATUALIZAÇÃO 11/08/2026,2026-08-22,22/08/2026,07:00,passado,MG,Juatuba,,,https://www.palaciodosleiloes.com.br/site/?leilao_pesquisa=8503,,mapa,,,https://www.palaciodosleiloes.com.br/site/?leilao_pesquisa=8503
marcador-1190,[PRODUTOS] - Contagem / MG,ATUALIZAÇÃO 11/08/2026,2026-08-22,22/08/2026,08:00,passado,MG,Via Vereador Joaquim Costa - Campina Verde - 32150-240 - Contagem - MG - Brasil,,,https://www.palaciodosleiloes.com.br/site/?leilao_pesquisa=8544,,mapa,,,https://www.palaciodosleiloes.com.br/site/?leilao_pesquisa=8544
marcador-1191,[PREFEITURA] - Sucatas,ATUALIZAÇÃO 11/08/2026,,,,sem_data,,,,,,,mapa,,,LOCALIZAÇÃO: | �ｻｿTITULO;DATA;MARCADOR;DESCRIÇÃO;LOCALIZAÇÃO: [PREFEITURA] - Sucatas
marcador-1192,[PREFEITURA] - Veículos,ATUALIZAÇÃO 11/08/2026,,,,sem_data,,,,,,,mapa,,,LOCALIZAÇÃO: | �ｻｿTITULO;DATA;MARCADOR;DESCRIÇÃO;LOCALIZAÇÃO: [PREFEITURA] - Veículos
marcador-1193,[PREFEITURA] - Imóveis - Pederneiras / SP,ATUALIZAÇÃO 11/08/2026,2026-08-24,24/08/2026,04:00,passado,SP,Rua Siqueira Campos,,,https://drive.google.com/file/d/1lg6vslQxTYAiYA5zzuC6axd_vEbhwLwk/view?usp=drive_link,,mapa,,,https://drive.google.com/file/d/1lg6vslQxTYAiYA5zzuC6axd_vEbhwLwk/view?usp=drive_link
marcador-1194,[PREFEITURA] - Imóveis - Belo Horizonte / MG,ATUALIZAÇÃO 11/08/2026,2026-08-24,24/08/2026,04:00,passado,MG,Avenida Afonso Pena,,,https://www.purcenaleiloes.com.br/leilao/796/lotes,,mapa,,,https://www.purcenaleiloes.com.br/leilao/796/lotes | OBSERVAÇÃO: LOTES EM DIFERENTES LOCAIS DA CIDADE.
marcador-1195,[PREFEITURA] - Motos,ATUALIZAÇÃO 11/08/2026,,,,sem_data,,,,,,,mapa,,,LOCALIZAÇÃO: | �ｻｿTITULO;DATA;MARCADOR;DESCRIÇÃO;LOCALIZAÇÃO: [PREFEITURA] - Motos
marcador-1196,[PREFEITURA] - Imóveis - Belo Horizonte / MG,ATUALIZAÇÃO 11/08/2026,2026-08-24,24/08/2026,04:00,passado,MG,Avenida Afonso Pena,,,https://www.purcenaleiloes.com.br/leilao/796/lotes,,mapa,,,https://www.purcenaleiloes.com.br/leilao/796/lotes
marcador-1197,[PREFEITURA] - Vans,ATUALIZAÇÃO 11/08/2026,,,,sem_data,,,,,,,mapa,,,LOCALIZAÇÃO: | �ｻｿTITULO;DATA;MARCADOR;DESCRIÇÃO;LOCALIZAÇÃO: [PREFEITURA] - Vans
marcador-1198,[PREFEITURA] - Ônibus,ATUALIZAÇÃO 11/08/2026,,,,sem_data,,,,,,,mapa,,,LOCALIZAÇÃO: | �ｻｿTITULO;DATA;MARCADOR;DESCRIÇÃO;LOCALIZAÇÃO: [PREFEITURA] - Ônibus
marcador-1199,[PREFEITURA] - Equipamentos,ATUALIZAÇÃO 11/08/2026,,,,sem_data,,,,,,,mapa,,,LOCALIZAÇÃO: | �ｻｿTITULO;DATA;MARCADOR;DESCRIÇÃO;LOCALIZAÇÃO: [PREFEITURA] - Equipamentos
marcador-1200,[PREFEITURA] - Equipamentos,ATUALIZAÇÃO 11/08/2026,,,,sem_data,,,,,,,mapa,,,LOCALIZAÇÃO: | �ｻｿTITULO;DATA;MARCADOR;DESCRIÇÃO;LOCALIZAÇÃO: [PREFEITURA] - Equipamentos
marcador-1201,[PREFEITURA] - Ônibus,ATUALIZAÇÃO 11/08/2026,,,,sem_data,,,,,,,mapa,,,LOCALIZAÇÃO: | �ｻｿTITULO;DATA;MARCADOR;DESCRIÇÃO;LOCALIZAÇÃO: [PREFEITURA] - Ônibus
marcador-1202,[PREFEITURA] - Sucatas - Campos do Jordão / SP,ATUALIZAÇÃO 11/08/2026,2026-08-24,24/08/2026,04:00,passado,SP,Avenida Frei Orestes Girardi,,,https://liderleiloes.com.br/eventos/leilao/186/sucata-aproveitavel-carros-e-motos-sessao-publica-de-13-08-2026-a-partir-das-11h00,,mapa,,,https://liderleiloes.com.br/eventos/leilao/186/sucata-aproveitavel-carros-e-motos-sessao-publica-de-13-08-2026-a-partir-das-11h00
marcador-1203,[ÓRGÃO PÚBLICO] - CORREIOS - PORTO ALEGRE/RS - Produtos,ATUALIZAÇÃO 11/08/2026,,,,sem_data,RS,,,,,,mapa,,,LOCALIZAÇÃO: | �ｻｿTITULO;DATA;MARCADOR;DESCRIÇÃO;LOCALIZAÇÃO: [ÓRGÃO PÚBLICO] - CORREIOS - PORTO ALEGRE/RS - Produtos
marcador-1204,[ÓRGÃO PÚBLICO] - SEMOB - Veículos,ATUALIZAÇÃO 11/08/2026,,,,sem_data,,,,,,,mapa,,,LOCALIZAÇÃO: | �ｻｿTITULO;DATA;MARCADOR;DESCRIÇÃO;LOCALIZAÇÃO: [ÓRGÃO PÚBLICO] - SEMOB - Veículos
marcador-1205,[ÓRGÃO PÚBLICO] - RECEITA FEDERAL - Produtos - Cariacica / ES,ATUALIZAÇÃO 11/08/2026,2026-08-24,24/08/2026,05:00,passado,ES,29158900 - Cariacica - ES - Brasil,,,https://www25.receita.fazenda.gov.br/sle-sociedade/portal/edital/727600/2/2026,,mapa,,,https://www25.receita.fazenda.gov.br/sle-sociedade/portal/edital/727600/2/2026
marcador-1206,[ÓRGÃO PÚBLICO] - CORREIOS - PORTO ALEGRE/RS - Produtos,ATUALIZAÇÃO 11/08/2026,,,,sem_data,RS,,,,,,mapa,,,LOCALIZAÇÃO: | �ｻｿTITULO;DATA;MARCADOR;DESCRIÇÃO;LOCALIZAÇÃO: [ÓRGÃO PÚBLICO] - CORREIOS - PORTO ALEGRE/RS - Produtos
marcador-1207,[PRODUTOS] - Equipamentos,ATUALIZAÇÃO 11/08/2026,,,,sem_data,,,,,,,mapa,,,LOCALIZAÇÃO: | �ｻｿTITULO;DATA;MARCADOR;DESCRIÇÃO;LOCALIZAÇÃO: [PRODUTOS] - Equipamentos
marcador-1208,[EMPRESA] - Máquinas - Blumenau / SC,ATUALIZAÇÃO 11/08/2026,2026-08-24,24/08/2026,09:00,passado,SC,Rua 15 de Novembro - Centro - 89010-000 - Blumenau - SC - Brasil,,,https://www.zampierileilao.com.br/pregao/6a679b80c08f9653bcc1d376/6a679b80c08f9653bcc1d38b,,mapa,,,https://www.zampierileilao.com.br/pregao/6a679b80c08f9653bcc1d376/6a679b80c08f9653bcc1d38b
marcador-1209,[PREFEITURA] - VITÓRIA/ES - Caminhões,ATUALIZAÇÃO 11/08/2026,,,,sem_data,ES,,,,,,mapa,,,LOCALIZAÇÃO: | �ｻｿTITULO;DATA;MARCADOR;DESCRIÇÃO;LOCALIZAÇÃO: [PREFEITURA] - VITÓRIA/ES - Caminhões
marcador-1210,[PREFEITURA] - Caminhões,ATUALIZAÇÃO 11/08/2026,,,,sem_data,,,,,,,mapa,,,LOCALIZAÇÃO: | �ｻｿTITULO;DATA;MARCADOR;DESCRIÇÃO;LOCALIZAÇÃO: [PREFEITURA] - Caminhões
marcador-1211,[PREFEITURA] - Veículos,ATUALIZAÇÃO 11/08/2026,,,,sem_data,,,,,,,mapa,,,LOCALIZAÇÃO: | �ｻｿTITULO;DATA;MARCADOR;DESCRIÇÃO;LOCALIZAÇÃO: [PREFEITURA] - Veículos
marcador-1212,[PREFEITURA] - Veículos,ATUALIZAÇÃO 11/08/2026,,,,sem_data,,,,,,,mapa,,,LOCALIZAÇÃO: | �ｻｿTITULO;DATA;MARCADOR;DESCRIÇÃO;LOCALIZAÇÃO: [PREFEITURA] - Veículos
marcador-1213,[PREFEITURA] - Equipamentos,ATUALIZAÇÃO 11/08/2026,,,,sem_data,,,,,,,mapa,,,LOCALIZAÇÃO: | �ｻｿTITULO;DATA;MARCADOR;DESCRIÇÃO;LOCALIZAÇÃO: [PREFEITURA] - Equipamentos
marcador-1214,[PREFEITURA] - Equipamentos,ATUALIZAÇÃO 11/08/2026,,,,sem_data,,,,,,,mapa,,,LOCALIZAÇÃO: | �ｻｿTITULO;DATA;MARCADOR;DESCRIÇÃO;LOCALIZAÇÃO: [PREFEITURA] - Equipamentos
marcador-1215,[PREFEITURA] - Motos,ATUALIZAÇÃO 11/08/2026,,,,sem_data,,,,,,,mapa,,,LOCALIZAÇÃO: | �ｻｿTITULO;DATA;MARCADOR;DESCRIÇÃO;LOCALIZAÇÃO: [PREFEITURA] - Motos
marcador-1216,[PREFEITURA] - Veículos,ATUALIZAÇÃO 11/08/2026,,,,sem_data,,,,,,,mapa,,,LOCALIZAÇÃO: | �ｻｿTITULO;DATA;MARCADOR;DESCRIÇÃO;LOCALIZAÇÃO: [PREFEITURA] - Veículos
marcador-1217,[PREFEITURA] - Veículos,ATUALIZAÇÃO 11/08/2026,,,,sem_data,,,,,,,mapa,,,LOCALIZAÇÃO: | �ｻｿTITULO;DATA;MARCADOR;DESCRIÇÃO;LOCALIZAÇÃO: [PREFEITURA] - Veículos
marcador-1218,[PREFEITURA] - Imóveis - José Bonifácio / SP,ATUALIZAÇÃO 11/08/2026,2026-08-25,25/08/2026,04:00,passado,SP,15200-000 - José Bonifácio - SP - Brasil,,,https://www.andradeleiloes.com.br/leilao/199/lotes,,mapa,,,https://www.andradeleiloes.com.br/leilao/199/lotes
marcador-1219,[PREFEITURA] - Produtos,ATUALIZAÇÃO 11/08/2026,,,,sem_data,,,,,,,mapa,,,LOCALIZAÇÃO: | �ｻｿTITULO;DATA;MARCADOR;DESCRIÇÃO;LOCALIZAÇÃO: [PREFEITURA] - Produtos
marcador-1220,[ÓRGÃO PÚBLICO] - RECEITA FEDERAL/PORTO ALEGRE - Produtos,ATUALIZAÇÃO 11/08/2026,,,,sem_data,,,,,,,mapa,,,LOCALIZAÇÃO: | �ｻｿTITULO;DATA;MARCADOR;DESCRIÇÃO;LOCALIZAÇÃO: [ÓRGÃO PÚBLICO] - RECEITA FEDERAL/PORTO ALEGRE - Produtos
marcador-1221,[ÓRGÃO PÚBLICO] - SEMOB - Sucatas - Maringá / PR,ATUALIZAÇÃO 11/08/2026,2026-08-25,25/08/2026,05:00,passado,PR,Rua Manoel Prudêncio de Brito,,,https://www.marangonileiloes.com.br/evento/semob-maringa-sucata-10-2026-790287?searchType=opened&preOrderBy=orderByFirstOpenedOffers&pageNumber=1&pageSize=30&orderBy=lotNumber:asc;subLotNumber:asc,,mapa,,,https://www.marangonileiloes.com.br/evento/semob-maringa-sucata-10-2026-790287?searchType=opened&preOrderBy=orderByFirstOpenedOffers&pageNumber=1&pageSize=30&orderBy=lotNumber:asc;subLotNumber:asc
marcador-1222,[EXÉRCITO] - 3º B LOG - Equipamentos,ATUALIZAÇÃO 11/08/2026,,,,sem_data,,,,,,,mapa,,,LOCALIZAÇÃO: | �ｻｿTITULO;DATA;MARCADOR;DESCRIÇÃO;LOCALIZAÇÃO: [EXÉRCITO] - 3º B LOG - Equipamentos
marcador-1223,[EMPRESA] - GMA - Vans,ATUALIZAÇÃO 11/08/2026,,,,sem_data,,,,,,,mapa,,,LOCALIZAÇÃO: | �ｻｿTITULO;DATA;MARCADOR;DESCRIÇÃO;LOCALIZAÇÃO: [EMPRESA] - GMA - Vans
marcador-1224,[PREFEITURA] - Imóveis - São Miguel das Missões / RS,ATUALIZAÇÃO 11/08/2026,2026-08-26,26/08/2026,04:00,passado,RS,98865-000 - São Miguel das Missões - RS - Brasil,,,https://www.bidmax.com.br/leilao/1175/lotes,,mapa,,,https://www.bidmax.com.br/leilao/1175/lotes | OBSERVAÇÃO: LOTES EM DIFERENTES LOCAIS DA CIDADE.
marcador-1225,[PREFEITURA] - Veículos,ATUALIZAÇÃO 11/08/2026,,,,sem_data,,,,,,,mapa,,,LOCALIZAÇÃO: | �ｻｿTITULO;DATA;MARCADOR;DESCRIÇÃO;LOCALIZAÇÃO: [PREFEITURA] - Veículos
marcador-1226,[PREFEITURA] - Ônibus,ATUALIZAÇÃO 11/08/2026,,,,sem_data,,,,,,,mapa,,,LOCALIZAÇÃO: | �ｻｿTITULO;DATA;MARCADOR;DESCRIÇÃO;LOCALIZAÇÃO: [PREFEITURA] - Ônibus
marcador-1227,[PREFEITURA] - Veículos,ATUALIZAÇÃO 11/08/2026,,,,sem_data,,,,,,,mapa,,,LOCALIZAÇÃO: | �ｻｿTITULO;DATA;MARCADOR;DESCRIÇÃO;LOCALIZAÇÃO: [PREFEITURA] - Veículos
marcador-1228,[PREFEITURA] - Produtos,ATUALIZAÇÃO 11/08/2026,,,,sem_data,,,,,,,mapa,,,LOCALIZAÇÃO: | �ｻｿTITULO;DATA;MARCADOR;DESCRIÇÃO;LOCALIZAÇÃO: [PREFEITURA] - Produtos
marcador-1229,[PREFEITURA] - Produtos - Monte Mor / SP,ATUALIZAÇÃO 11/08/2026,2026-08-26,26/08/2026,04:00,passado,SP,Rua Vinte e Cinco de Janeiro,,,https://www.ricoleiloes.com.br/leilao/2086/lotes,,mapa,,,https://www.ricoleiloes.com.br/leilao/2086/lotes
marcador-1230,[PREFEITURA] - Produtos,ATUALIZAÇÃO 11/08/2026,,,,sem_data,,,,,,,mapa,,,LOCALIZAÇÃO: | �ｻｿTITULO;DATA;MARCADOR;DESCRIÇÃO;LOCALIZAÇÃO: [PREFEITURA] - Produtos
marcador-1231,[ÓRGÃO PÚBLICO] - SR/PF/AM LEILÃO 2 - Sucatas - Manaus / AM,ATUALIZAÇÃO 11/08/2026,2026-08-26,26/08/2026,05:00,passado,AM,Avenida Domingos Jorge Velho,,,https://danielgarcialeiloes.com.br/leilao/7782/lotes,,mapa,,,https://danielgarcialeiloes.com.br/leilao/7782/lotes | OBSERVAÇÃO: LOTES EM DIFERENTES LOCAIS DO BRASIL.
marcador-1232,[ÓRGÃO PÚBLICO] - SR/PF/AM LEILÃO 1 - Veículos,ATUALIZAÇÃO 11/08/2026,,,,sem_data,AM,,,,,,mapa,,,LOCALIZAÇÃO: | �ｻｿTITULO;DATA;MARCADOR;DESCRIÇÃO;LOCALIZAÇÃO: [ÓRGÃO PÚBLICO] - SR/PF/AM LEILÃO 1 - Veículos
marcador-1233,[ÓRGÃO PÚBLICO] - Cﾃ�MARA MUNICIPAL DE ALTO LONGﾃ� - Veículos - Teresina / PI,ATUALIZAÇÃO 11/08/2026,2026-08-26,26/08/2026,05:00,passado,PI,Rua Manoel Domingues,,,https://www.italoleiloes.com/leilao/3302/lotes,,mapa,,,https://www.italoleiloes.com/leilao/3302/lotes
marcador-1234,[EMPRESA] - SAAE - Máquinas,ATUALIZAÇÃO 11/08/2026,,,,sem_data,,,,,,,mapa,,,LOCALIZAÇÃO: | �ｻｿTITULO;DATA;MARCADOR;DESCRIÇÃO;LOCALIZAÇÃO: [EMPRESA] - SAAE - Máquinas
marcador-1235,[EMPRESA] - SADE - Sucatas - Santo Antônio do Descoberto / GO,ATUALIZAÇÃO 11/08/2026,2026-08-26,26/08/2026,09:00,passado,GO,72900-000 - Santo Antônio do Descoberto - GO - Brasil,,,https://www.vincoleiloes.com.br/leilao.php?idLeilao=471,,mapa,,,https://www.vincoleiloes.com.br/leilao.php?idLeilao=471
marcador-1236,[PREFEITURA] - Caminhonetes,ATUALIZAÇÃO 11/08/2026,,,,sem_data,,,,,,,mapa,,,LOCALIZAÇÃO: | �ｻｿTITULO;DATA;MARCADOR;DESCRIÇÃO;LOCALIZAÇÃO: [PREFEITURA] - Caminhonetes
marcador-1237,[PREFEITURA] - Imóveis - Palmital / SP,ATUALIZAÇÃO 11/08/2026,2026-08-27,27/08/2026,04:00,futuro_ou_hoje,SP,Rua Joaquim Nascimento Lourenço,,,https://www.gfleiloes.com.br/lote/1-terreno-area-de-242695-m_-palmital-sp/249/,,mapa,,,https://www.gfleiloes.com.br/lote/1-terreno-area-de-242695-m_-palmital-sp/249/
marcador-1238,[PREFEITURA] - Máquinas,ATUALIZAÇÃO 11/08/2026,,,,sem_data,,,,,,,mapa,,,LOCALIZAÇÃO: | �ｻｿTITULO;DATA;MARCADOR;DESCRIÇÃO;LOCALIZAÇÃO: [PREFEITURA] - Máquinas
marcador-1239,[PREFEITURA] - Imóveis - Joinville / SC,ATUALIZAÇÃO 11/08/2026,2026-08-27,27/08/2026,04:00,futuro_ou_hoje,SC,89239999 - Joinville - SC - Brasil,,,https://www.bidgo.com.br/leilao/imoveis-em-joinville-sc-24-06-2026-16-40-27/lotes/lista,,mapa,,,https://www.bidgo.com.br/leilao/imoveis-em-joinville-sc-24-06-2026-16-40-27/lotes/lista | OBSERVAÇÃO: LOTES EM DIFERENTES LOCAIS DA CIDADE.
marcador-1240,[PREFEITURA] - Veículos,ATUALIZAÇÃO 11/08/2026,,,,sem_data,,,,,,,mapa,,,LOCALIZAÇÃO: | �ｻｿTITULO;DATA;MARCADOR;DESCRIÇÃO;LOCALIZAÇÃO: [PREFEITURA] - Veículos
marcador-1241,[PREFEITURA] - Veículos,ATUALIZAÇÃO 11/08/2026,,,,sem_data,,,,,,,mapa,,,LOCALIZAÇÃO: | �ｻｿTITULO;DATA;MARCADOR;DESCRIÇÃO;LOCALIZAÇÃO: [PREFEITURA] - Veículos
marcador-1242,[PREFEITURA] - VEÍCULOS/CAMINHÕES/MÁQUINAS/EQUIPAMENTOS/SUCATAS - Arroio Trinta - SC,ATUALIZAÇÃO 11/08/2026,2026-08-27,27/08/2026,04:00,futuro_ou_hoje,SC,Rua Francisco Nava,,,https://drive.google.com/file/d/1v6M-8NnL-GHbp4j-Uzunx2qI7DOoO126/view?usp=drive_link,,mapa,,,https://drive.google.com/file/d/1v6M-8NnL-GHbp4j-Uzunx2qI7DOoO126/view?usp=drive_link | Observação: LOTES EM DIFERENTES LOCAIS DA CIDADE.
marcador-1243,[PREFEITURA] - IMÓVEIS - Joinville - SC,ATUALIZAÇÃO 11/08/2026,2026-08-27,27/08/2026,04:00,futuro_ou_hoje,SC,Joinville - SC,,,https://www.bidgo.com.br/leilao/imoveis-em-joinville-sc-24-06-2026-16-40-27/lotes/lista,,mapa,,,https://www.bidgo.com.br/leilao/imoveis-em-joinville-sc-24-06-2026-16-40-27/lotes/lista • | OBSERVAÇÃO: LOTES EM DIFERENTES LOCAIS DA CIDADE.
marcador-1244,[PRODUTOS] - Produtos - Silva Jardim / RJ,ATUALIZAÇÃO 11/08/2026,2026-08-27,27/08/2026,08:00,futuro_ou_hoje,RJ,Rua Professora Vera Lucia Pereira Coelho,,,https://www.casamacedo.com.br/catalogo.asp?Num=64343&Nav=lista&Sec=Catalogo&Pag=1&Srt=0,,mapa,,,https://www.casamacedo.com.br/catalogo.asp?Num=64343&Nav=lista&Sec=Catalogo&Pag=1&Srt=0
marcador-1245,[EMPRESA] - Máquinas - Formiga / MG,ATUALIZAÇÃO 11/08/2026,2026-08-27,27/08/2026,09:00,futuro_ou_hoje,MG,Rua João Fernandes Souto - Centro - 35570-001 - Formiga - MG - Brasil,,,https://www.adrianoleiloeiro.com.br/evento/carregadeira-new-holland-12d-784675?searchType=opened&preOrderBy=orderByFirstOpenedOffers&pageNumber=1&pageSize=30&orderBy=lotNumber:asc;subLotNumber:asc,,mapa,,,https://www.adrianoleiloeiro.com.br/evento/carregadeira-new-holland-12d-784675?searchType=opened&preOrderBy=orderByFirstOpenedOffers&pageNumber=1&pageSize=30&orderBy=lotNumber:asc;subLotNumber:asc
marcador-1246,[PREFEITURA] - Ônibus - Camutanga / PE,ATUALIZAÇÃO 11/08/2026,2026-08-28,28/08/2026,04:00,futuro_ou_hoje,PE,Av. Presidente Getúlio Vargas,,,https://www.danielgarcialeiloes.com.br/leilao/7789/lotes,,mapa,,,https://www.danielgarcialeiloes.com.br/leilao/7789/lotes
marcador-1247,[PREFEITURA] - Veículos,ATUALIZAÇÃO 11/08/2026,,,,sem_data,,,,,,,mapa,,,LOCALIZAÇÃO: | �ｻｿTITULO;DATA;MARCADOR;DESCRIÇÃO;LOCALIZAÇÃO: [PREFEITURA] - Veículos
marcador-1248,[EMPRESA] - AMARAL - Máquinas - São Paulo / SP,ATUALIZAÇÃO 11/08/2026,2026-08-28,28/08/2026,09:00,futuro_ou_hoje,SP,01000-000 - São Paulo - SP - Brasil,,,https://www.amaralleiloes.com.br/leilao/1544/lotes,,mapa,,,https://www.amaralleiloes.com.br/leilao/1544/lotes
marcador-1249,[EMPRESA] - AMARAL - Máquinas - São Paulo / SP,ATUALIZAÇÃO 11/08/2026,2026-08-28,28/08/2026,09:00,futuro_ou_hoje,SP,01000-000 - São Paulo - SP - Brasil,,,https://www.amaralleiloes.com.br/leilao/1544/lotes,,mapa,,,https://www.amaralleiloes.com.br/leilao/1544/lotes
marcador-1250,[EMPRESA] - Caminhões - São Paulo / SP,ATUALIZAÇÃO 11/08/2026,2026-08-29,29/08/2026,09:00,futuro_ou_hoje,SP,Rua Tabatinguera,,,https://www.allianceleiloes.com.br/lotes/514-01-cavalo-mecanico-mercedes-benz-axor-2041-ls,,mapa,,,https://www.allianceleiloes.com.br/lotes/514-01-cavalo-mecanico-mercedes-benz-axor-2041-ls
marcador-1251,[PREFEITURA] - Imóveis - Nova Prata do Iguaçu / PR,ATUALIZAÇÃO 11/08/2026,2026-08-31,31/08/2026,04:00,futuro_ou_hoje,PR,Rua Vereador Valmor Gomes,,,https://www.eckertleiloes.com.br/evento/municipio-de-nova-prata-do-iguacu-pr-790600?searchType=opened&preOrderBy=orderByFirstOpenedOffers&pageNumber=1&pageSize=30&orderBy=lotNumber:asc;subLotNumber:asc&,,mapa,,,https://www.eckertleiloes.com.br/evento/municipio-de-nova-prata-do-iguacu-pr-790600?searchType=opened&preOrderBy=orderByFirstOpenedOffers&pageNumber=1&pageSize=30&orderBy=lotNumber:asc;subLotNumber:asc& | OBSERVAÇÃO: LOTES EM DIFERENTES LOCAIS DA CIDADE.
marcador-1252,[ÓRGÃO PÚBLICO] - CORREIOS - PORTO ALEGRE/RS - Vans - Cajamar / SP,ATUALIZAÇÃO 11/08/2026,2026-08-31,31/08/2026,04:00,futuro_ou_hoje,RS,Avenida Doutor Antonio João Abdalla,,,https://drive.google.com/file/d/1of8YRZJf08jaf1XFtPhq0cUlJBLHEa4k/view?usp=drive_link,,mapa,,,https://drive.google.com/file/d/1of8YRZJf08jaf1XFtPhq0cUlJBLHEa4k/view?usp=drive_link
marcador-1253,[PREFEITURA] - Imóveis - Rio de Janeiro / RJ,ATUALIZAÇÃO 11/08/2026,2026-08-31,31/08/2026,04:00,futuro_ou_hoje,RJ,Estrada Coronel Pedro Corrêa,,,https://drive.google.com/file/d/1TLkuxtpxFtX4SD-bdUZpGQ46i8jnltrT/view?usp=drive_link,,mapa,,,https://drive.google.com/file/d/1TLkuxtpxFtX4SD-bdUZpGQ46i8jnltrT/view?usp=drive_link
marcador-1254,[ÓRGÃO PÚBLICO] - DETRAN - 2 - Sucatas - São Luís / MA,ATUALIZAÇÃO 11/08/2026,2026-08-31,31/08/2026,05:00,futuro_ou_hoje,MA,Avenida Engenheiro Emiliano Macieira,,,https://www.vipleiloes.com.br/evento/detalhes/100826tdmas,,mapa,,,https://www.vipleiloes.com.br/evento/detalhes/100826tdmas
marcador-1255,[ÓRGÃO PÚBLICO] - CORREIOS - PORTO ALEGRE/RS - Vans - Cajamar / SP,ATUALIZAÇÃO 11/08/2026,2026-08-31,31/08/2026,05:00,futuro_ou_hoje,RS,Avenida Doutor Antonio João Abdalla,,,https://drive.google.com/file/d/1of8YRZJf08jaf1XFtPhq0cUlJBLHEa4k/view?usp=drive_link,,mapa,,,https://drive.google.com/file/d/1of8YRZJf08jaf1XFtPhq0cUlJBLHEa4k/view?usp=drive_link
marcador-1256,[PREFEITURA] - CORREIOS - PORTO ALEGRE/RS - Vans - Cajamar / SP,ATUALIZAÇÃO 11/08/2026,2026-08-31,31/08/2026,05:00,futuro_ou_hoje,RS,Avenida Doutor Antonio João Abdalla,,,https://drive.google.com/file/d/1of8YRZJf08jaf1XFtPhq0cUlJBLHEa4k/view?usp=drive_link,,mapa,,,https://drive.google.com/file/d/1of8YRZJf08jaf1XFtPhq0cUlJBLHEa4k/view?usp=drive_link
marcador-1257,[EMPRESA] - UNIMED - Veículos - Maceió / AL,ATUALIZAÇÃO 11/08/2026,2026-08-31,31/08/2026,09:00,futuro_ou_hoje,AL,Avenida Fernandes Lima,,,https://www.leiloesfreire.com.br/leilao/1139,,mapa,,,https://www.leiloesfreire.com.br/leilao/1139
marcador-1258,[ÓRGÃO PÚBLICO] - DETRAN - 2 - Sucatas - São Luís / MA,ATUALIZAÇÃO 11/08/2026,2026-08-31,31/08/2026,05:00,futuro_ou_hoje,MA,Avenida Engenheiro Emiliano Macieira,,,https://www.vipleiloes.com.br/evento/detalhes/100826tdmas,,mapa,,,https://www.vipleiloes.com.br/evento/detalhes/100826tdmas
marcador-1259,[PREFEITURA] - Máquinas,ATUALIZAÇÃO 11/08/2026,,,,sem_data,,,,,,,mapa,,,LOCALIZAÇÃO: | �ｻｿTITULO;DATA;MARCADOR;DESCRIÇÃO;LOCALIZAÇÃO: [PREFEITURA] - Máquinas
marcador-1260,[PREFEITURA] - Imóveis - Rio Verde / GO,ATUALIZAÇÃO 11/08/2026,2026-09-01,01/09/2026,04:00,futuro_ou_hoje,GO,Avenida Flamboyant,,,https://drive.google.com/file/d/1ewhPwJFLoBbCBiDDRxtj2Nw9Z4bj5UKb/view?usp=drive_link,,mapa,,,https://drive.google.com/file/d/1ewhPwJFLoBbCBiDDRxtj2Nw9Z4bj5UKb/view?usp=drive_link
marcador-1261,[PREFEITURA] - Caminhões,ATUALIZAÇÃO 11/08/2026,,,,sem_data,,,,,,,mapa,,,LOCALIZAÇÃO: | �ｻｿTITULO;DATA;MARCADOR;DESCRIÇÃO;LOCALIZAÇÃO: [PREFEITURA] - Caminhões
marcador-1262,[PREFEITURA] - Imóveis,ATUALIZAÇÃO 11/08/2026,,,,sem_data,,,,,,,mapa,,,LOCALIZAÇÃO: | �ｻｿTITULO;DATA;MARCADOR;DESCRIÇÃO;LOCALIZAÇÃO: [PREFEITURA] - Imóveis
marcador-1263,[PREFEITURA] - Imóveis,ATUALIZAÇÃO 11/08/2026,,,,sem_data,,,,,,,mapa,,,LOCALIZAÇÃO: | �ｻｿTITULO;DATA;MARCADOR;DESCRIÇÃO;LOCALIZAÇÃO: [PREFEITURA] - Imóveis
marcador-1264,[PREFEITURA] - Veículos,ATUALIZAÇÃO 11/08/2026,,,,sem_data,,,,,,,mapa,,,LOCALIZAÇÃO: | �ｻｿTITULO;DATA;MARCADOR;DESCRIÇÃO;LOCALIZAÇÃO: [PREFEITURA] - Veículos
marcador-1265,[PREFEITURA] - Veículos,ATUALIZAÇÃO 11/08/2026,,,,sem_data,,,,,,,mapa,,,LOCALIZAÇÃO: | �ｻｿTITULO;DATA;MARCADOR;DESCRIÇÃO;LOCALIZAÇÃO: [PREFEITURA] - Veículos
marcador-1266,[EMPRESA] - Caminhões,ATUALIZAÇÃO 11/08/2026,,,,sem_data,,,,,,,mapa,,,LOCALIZAÇÃO: | �ｻｿTITULO;DATA;MARCADOR;DESCRIÇÃO;LOCALIZAÇÃO: [EMPRESA] - Caminhões
marcador-1267,[PÁTIO] - Caminhões,ATUALIZAÇÃO 11/08/2026,,,,sem_data,,,,,,,mapa,,,LOCALIZAÇÃO: | �ｻｿTITULO;DATA;MARCADOR;DESCRIÇÃO;LOCALIZAÇÃO: [PÁTIO] - Caminhões
marcador-1268,[PÁTIO] - Caminhões,ATUALIZAÇÃO 11/08/2026,,,,sem_data,,,,,,,mapa,,,LOCALIZAÇÃO: | �ｻｿTITULO;DATA;MARCADOR;DESCRIÇÃO;LOCALIZAÇÃO: [PÁTIO] - Caminhões
marcador-1269,[PÁTIO] - CAMINHÕES/EQUIMENTOS/JETSKIS - Rio Grande/RS,ATUALIZAÇÃO 11/08/2026,2026-09-03,03/09/2026,09:00,futuro_ou_hoje,RS,Av. Pres. Vargas,,,https://www.lipinskileiloes.com.br/leilao/veiculo-vw-8-150e-delivery-reb-piramide-prb500-semi-reboque-22-04-2026-14-59-24/lotes/lista,,mapa,,,https://www.lipinskileiloes.com.br/leilao/veiculo-vw-8-150e-delivery-reb-piramide-prb500-semi-reboque-22-04-2026-14-59-24/lotes/lista
marcador-1270,[PREFEITURA] - Imóveis - Nova Prata do Iguaçu / PR,ATUALIZAÇÃO 11/08/2026,2026-09-04,04/09/2026,04:00,futuro_ou_hoje,PR,Rua Vereador Valmor Gomes,,,https://www.eckertleiloes.com.br/evento/municipio-de-nova-prata-do-iguacu-pr-790594?searchType=opened&preOrderBy=orderByFirstOpenedOffers&pageNumber=1&pageSize=30&orderBy=lotNumber:asc;subLotNumber:asc&,,mapa,,,https://www.eckertleiloes.com.br/evento/municipio-de-nova-prata-do-iguacu-pr-790594?searchType=opened&preOrderBy=orderByFirstOpenedOffers&pageNumber=1&pageSize=30&orderBy=lotNumber:asc;subLotNumber:asc& | OBSERVAÇÃO: LOTES EM DIFERENTES LOCAIS DA CIDADE.
marcador-1271,[PREFEITURA] - Ônibus,ATUALIZAÇÃO 11/08/2026,,,,sem_data,,,,,,,mapa,,,LOCALIZAÇÃO: | �ｻｿTITULO;DATA;MARCADOR;DESCRIÇÃO;LOCALIZAÇÃO: [PREFEITURA] - Ônibus
marcador-1272,[PREFEITURA] - Veículos,ATUALIZAÇÃO 11/08/2026,,,,sem_data,,,,,,,mapa,,,LOCALIZAÇÃO: | �ｻｿTITULO;DATA;MARCADOR;DESCRIÇÃO;LOCALIZAÇÃO: [PREFEITURA] - Veículos
marcador-1273,[PREFEITURA] - Veículos,ATUALIZAÇÃO 11/08/2026,,,,sem_data,,,,,,,mapa,,,LOCALIZAÇÃO: | �ｻｿTITULO;DATA;MARCADOR;DESCRIÇÃO;LOCALIZAÇÃO: [PREFEITURA] - Veículos
marcador-1274,[PREFEITURA] - Motos,ATUALIZAÇÃO 11/08/2026,,,,sem_data,,,,,,,mapa,,,LOCALIZAÇÃO: | �ｻｿTITULO;DATA;MARCADOR;DESCRIÇÃO;LOCALIZAÇÃO: [PREFEITURA] - Motos
marcador-1275,[PREFEITURA] - Imóveis,ATUALIZAÇÃO 11/08/2026,,,,sem_data,,,,,,,mapa,,,LOCALIZAÇÃO: | �ｻｿTITULO;DATA;MARCADOR;DESCRIÇÃO;LOCALIZAÇÃO: [PREFEITURA] - Imóveis
marcador-1276,[PREFEITURA] - Imóveis - Passo Fundo / RS,ATUALIZAÇÃO 11/08/2026,2026-09-17,17/09/2026,04:00,futuro_ou_hoje,RS,99010-005 - Passo Fundo - RS - Brasil,,,https://drive.google.com/file/d/1PYQsXs4rdIEDPAp0yxQAHWsKEfae9yqp/view?usp=drive_link,,mapa,,,https://drive.google.com/file/d/1PYQsXs4rdIEDPAp0yxQAHWsKEfae9yqp/view?usp=drive_link
marcador-1277,[PREFEITURA] - IMÓVEIS - Tatuí - SP,ATUALIZAÇÃO 11/08/2026,2026-10-22,22/10/2026,04:00,futuro_ou_hoje,SP,Tatuí,,,https://www.argonetworkleiloes.com.br/evento/prefeitura-municipal-de-tatui-789565?searchType=opened&preOrderBy=orderByFirstOpenedOffers&pageNumber=1&pageSize=30&orderBy=lotNumber:asc;subLotNumber:asc&,,mapa,,,https://www.argonetworkleiloes.com.br/evento/prefeitura-municipal-de-tatui-789565?searchType=opened&preOrderBy=orderByFirstOpenedOffers&pageNumber=1&pageSize=30&orderBy=lotNumber:asc;subLotNumber:asc& •
